TIMESTAMP,TA_F,TA_F_QC,SW_IN_POT,SW_IN_F,SW_IN_F_QC,LW_IN_F,LW_IN_F_QC,VPD_F,VPD_F_QC,PA_F,PA_F_QC,P_F,P_F_QC,WS_F,WS_F_QC,USTAR,USTAR_QC,NETRAD,NETRAD_QC,PPFD_IN,PPFD_IN_QC,SW_OUT,SW_OUT_QC,CO2_F_MDS,CO2_F_MDS_QC,TS_F_MDS_1,TS_F_MDS_2,TS_F_MDS_3,TS_F_MDS_1_QC,TS_F_MDS_2_QC,TS_F_MDS_3_QC,SWC_F_MDS_1,SWC_F_MDS_1_QC,G_F_MDS,G_F_MDS_QC,LE_F_MDS,LE_F_MDS_QC,LE_CORR,LE_RANDUNC,H_F_MDS,H_F_MDS_QC,H_CORR,H_RANDUNC,NEE_VUT_REF,NEE_VUT_REF_QC,NEE_VUT_REF_RANDUNC,NEE_VUT_25,NEE_VUT_50,NEE_VUT_75,NEE_VUT_25_QC,NEE_VUT_50_QC,NEE_VUT_75_QC,RECO_NT_VUT_REF,RECO_NT_VUT_25,RECO_NT_VUT_50,RECO_NT_VUT_75,GPP_NT_VUT_REF,GPP_NT_VUT_25,GPP_NT_VUT_50,GPP_NT_VUT_75,RECO_DT_VUT_REF,RECO_DT_VUT_25,RECO_DT_VUT_50,RECO_DT_VUT_75,GPP_DT_VUT_REF,GPP_DT_VUT_25,GPP_DT_VUT_50,GPP_DT_VUT_75,RECO_SR,RECO_SR_N
200001,-17.914,1.0,0.0,0.0,1.0,151.203,0.0,0.713,1.0,95.794,0.0,0.035,1.0,3.677,0.0,-9999,-9999,-9999,-9999,-9999,-9999,-9999,-9999,-9999,-9999,-16.083,-14.346,-12.579,1.0,1.0,1.0,-9999,-9999,-9999,1.0,0.189691,0.0,-9999,-9999,-1.30865,0.0,-9999,-9999,0.154277,0.0,-9999,0.154277,0.154277,0.154277,0.0,0.0,0.0,0.312119,0.312119,0.312119,0.312119,0.157842,0.157842,0.157842,0.157842,0.355882,0.355882,0.355882,0.355882,0.0,0.0,0.0,0.0,-9999,-9999
200002,-19.537,1.0,12.508,5.935,1.0,160.088,0.0,0.477,1.0,95.774,0.0,0.031,1.0,4.125,0.0,-9999,-9999,-9999,-9999,-9999,-9999,-9999,-9999,-9999,-9999,-19.658,-17.944,-15.415,1.0,1.0,1.0,-9999,-9999,-9999,1.0,0.20909,0.0,-9999,-9999,-1.33421,0.0,-9999,-9999,0.153012,0.0,-9999,0.153012,0.153012,0.153012,0.0,0.0,0.0,0.268208,0.268208,0.268208,0.268208,0.115196,0.115196,0.115196,0.115196,0.318457,0.318457,0.318457,0.318457,0.0664233,0.0664233,0.0664233,0.0664233,-9999,-9999
200003,-21.101,1.0,102.391,62.422,1.0,138.979,0.0,0.528,1.0,96.934,0.0,0.023,1.0,3.358,0.0,-9999,-9999,-9999,-9999,-9999,-9999,-9999,-9999,-9999,-9999,-17.216,-15.715,-14.22,1.0,1.0,1.0,-9999,-9999,-9999,1.0,0.187183,0.0,-9999,-9999,-1.13345,0.0,-9999,-9999,0.180657,0.0,-9999,0.180657,0.180657,0.180657,0.0,0.0,0.0,0.221893,0.221893,0.221893,0.221893,0.0412357,0.0412357,0.0412357,0.0412357,0.286758,0.286758,0.286758,0.286758,0.39039,0.39039,0.39039,0.39039,-9999,-9999
200004,-16.1,1.0,253.815,177.898,0.99375,164.144,0.0,0.681,1.0,97.39,0.0,0.013,1.0,2.102,0.0,-9999,-9999,-9999,-9999,-9999,-9999,-9999,-9999,-9999,-9999,-16.812,-15.57,-14.538,1.0,1.0,1.0,-9999,-9999,-9999,1.0,0.889378,0.0,-9999,-9999,0.211112,0.0,-9999,-9999,0.175297,0.0,-9999,0.175297,0.175297,0.175297,0.0,0.0,0.0,0.34646,0.34646,0.34646,0.34646,0.171163,0.171163,0.171163,0.171163,0.397205,0.397205,0.397205,0.397205,0.756798,0.756798,0.756798,0.756798,-9999,-9999
200005,-5.451,1.0,415.236,270.44,0.995296,223.945,0.0,1.199,1.0,96.82,0.0,0.658,0.99328,2.252,0.0,-9999,-9999,-9999,-9999,-9999,-9999,-9999,-9999,-9999,-9999,-10.505,-10.008,-11.346,1.0,1.0,1.0,-9999,-9999,-9999,1.0,4.74479,0.021505,-9999,0.434807,8.93716,0.022177,-9999,0.465907,0.08613,0.00336022,0.0154362,0.08613,0.08613,0.08613,0.00336022,0.00336022,0.00336022,0.63634,0.63634,0.63634,0.63634,0.55021,0.55021,0.55021,0.55021,0.618608,0.618608,0.618608,0.618608,1.05211,1.05211,1.05211,1.05211,-9999,-9999
200006,1.956,1.0,493.136,292.421,0.998611,247.234,0.0,1.682,1.0,97.125,0.0,0.327,1.0,1.891,0.790972,0.123016471944,0.781944444444,-9999,-9999,-9999,-9999,-9999,-9999,368.478,0.952778,3.483,1.455,-3.348,1.0,1.0,1.0,42.516,0.73125,-9999,1.0,27.5194,0.951389,-9999,0.431472,45.0444,0.951389,-9999,0.749015,0.0351014,0.910417,0.00669227,0.0351014,0.0351014,0.0351014,0.910417,0.910417,0.910417,0.835318,0.835318,0.835318,0.835318,0.800216,0.800216,0.800216,0.800216,0.749129,0.749129,0.749129,0.749129,1.12129,1.12129,1.12129,1.12129,-9999,-9999
200007,5.31,1.0,453.417,227.179,1.0,268.509,0.0,2.692,1.0,96.805,0.0,0.426,1.0,2.407,0.932124,0.171261431517,0.913978494624,-9999,-9999,-9999,-9999,-9999,-9999,362.113,1.0,8.651,7.47,1.266,1.0,1.0,1.0,34.582,1.0,-9999,1.0,30.3789,1.0,-9999,0.308143,68.9727,1.0,-9999,0.500647,-0.614157,1.0,0.00956219,-0.614157,-0.614157,-0.614157,1.0,1.0,1.0,0.920471,0.920471,0.920471,0.920471,1.53463,1.53463,1.53463,1.53463,0.801665,0.801665,0.801665,0.801665,0.959743,0.959743,0.959743,0.959743,-9999,-9999
200008,4.007,1.0,310.595,152.469,1.0,255.248,0.0,2.187,1.0,96.704,0.0,0.0,0.908602,1.837,0.766129,0.131242303223,0.747311827957,-9999,-9999,-9999,-9999,-9999,-9999,357.29,0.962366,5.955,5.661,2.014,1.0,1.0,1.0,34.617,0.962366,-9999,1.0,18.3172,0.962366,-9999,0.213048,41.0493,0.962366,-9999,0.521308,0.059659,0.953629,0.0112708,0.059659,0.059659,0.059659,0.953629,0.953629,0.953629,0.747617,0.747617,0.747617,0.747617,0.687958,0.687958,0.687958,0.687958,0.735703,0.735703,0.735703,0.735703,0.638542,0.638542,0.638542,0.638542,-9999,-9999
200009,-1.979,1.0,151.015,70.903,1.0,239.48,0.0,1.141,1.0,96.367,0.0,0.187,1.0,2.319,0.0,-9999,-9999,-9999,-9999,-9999,-9999,-9999,-9999,357.647,0.00833333,-0.582,1.144,0.89,1.0,1.0,1.0,34.309,0.00833333,-9999,1.0,6.98485,0.008333,-9999,0.317899,11.9422,0.008333,-9999,0.875605,0.317197,0.0,0.0189044,0.317197,0.317197,0.317197,0.0,0.0,0.0,0.504285,0.504285,0.504285,0.504285,0.187088,0.187088,0.187088,0.187088,0.43621,0.43621,0.43621,0.43621,0.366559,0.366559,0.366559,0.366559,-9999,-9999
200010,-9.641,1.0,35.6672,14.239,1.0,222.632,0.0,0.77,1.0,96.189,0.0,0.187,1.0,3.332,0.0,-9999,-9999,-9999,-9999,-9999,-9999,-9999,-9999,358.302,0.0,-4.946,-2.834,-1.199,1.0,1.0,1.0,34.44,0.0,-9999,1.0,2.73168,0.0,-9999,-9999,-7.61523,0.0,-9999,-9999,0.568271,0.0,-9999,0.568271,0.568271,0.568271,0.0,0.0,0.0,0.358416,0.358416,0.358416,0.358416,-0.209855,-0.209855,-0.209855,-0.209855,0.140985,0.140985,0.140985,0.140985,0.133468,0.133468,0.133468,0.133468,-9999,-9999
200011,-17.542,1.0,0.118214,0.359,1.0,171.839,0.0,0.5,1.0,97.048,0.0,0.07,1.0,3.154,0.0,-9999,-9999,-9999,-9999,-9999,-9999,-9999,-9999,357.044,0.0,-12.426,-10.482,-7.216,1.0,1.0,1.0,34.456,0.0,-9999,1.0,13.2911,0.0,-9999,-9999,23.3236,0.0,-9999,-9999,0.45428,0.0,-9999,0.45428,0.45428,0.45428,0.0,0.0,0.0,0.21088,0.21088,0.21088,0.21088,-0.2434,-0.2434,-0.2434,-0.2434,0.0249795,0.0249795,0.0249795,0.0249795,0.00544622,0.00544622,0.00544622,0.00544622,-9999,-9999
200012,-22.953,1.0,0.0,0.0,1.0,137.874,0.0,0.406,1.0,97.205,0.0,0.013,1.0,2.948,0.0,-9999,-9999,-9999,-9999,-9999,-9999,-9999,-9999,356.468,0.0,-15.515,-13.537,-10.225,1.0,1.0,1.0,34.464,0.0,-9999,1.0,18.0881,0.0,-9999,-9999,37.2876,0.0,-9999,-9999,0.393322,0.0,-9999,0.393322,0.393322,0.393322,0.0,0.0,0.0,0.122211,0.122211,0.122211,0.122211,-0.271111,-0.271111,-0.271111,-0.271111,0.00674611,0.00674611,0.00674611,0.00674611,0.0,0.0,0.0,0.0,-9999,-9999
200101,-20.531,1.0,0.0,0.0,1.0,177.7,0.0,0.401,1.0,96.169,0.0,0.013,1.0,3.115,0.0,-9999,-9999,-9999,-9999,-9999,-9999,-9999,-9999,365.436,0.0,-16.186,-14.605,-12.07,1.0,1.0,1.0,37.436,0.0,-9999,1.0,10.7597,0.0,-9999,-9999,19.0983,0.0,-9999,-9999,0.223555,0.0,-9999,0.223555,0.223555,0.223555,0.0,0.0,0.0,0.0290498,0.0290498,0.0290498,0.0290498,-0.194505,-0.194505,-0.194505,-0.194505,0.163191,0.163191,0.163191,0.163191,0.0,0.0,0.0,0.0,-9999,-9999
200102,-21.097,1.0,11.4992,6.205,1.0,155.645,0.0,0.356,1.0,96.77,0.0,0.146,1.0,3.087,0.0,-9999,-9999,-9999,-9999,-9999,-9999,-9999,-9999,373.901,0.0,-15.001,-13.565,-11.805,1.0,1.0,1.0,45.286,0.0,-9999,1.0,4.02397,0.0,-9999,-9999,1.74482,0.0,-9999,-9999,0.0674989,0.0,-9999,0.0674989,0.0674989,0.0674989,0.0,0.0,0.0,0.0440045,0.0440045,0.0440045,0.0440045,-0.0234943,-0.0234943,-0.0234943,-0.0234943,0.170248,0.170248,0.170248,0.170248,0.0927879,0.0927879,0.0927879,0.0927879,-9999,-9999
200103,-23.668,1.0,98.2095,60.612,0.998656,147.696,0.0,0.343,1.0,97.454,0.0,0.094,1.0,3.049,0.0,-9999,-9999,-9999,-9999,-9999,-9999,-9999,-9999,374.052,0.0,-15.675,-14.281,-12.555,1.0,1.0,1.0,45.288,0.0,-9999,1.0,3.28271,0.0,-9999,-9999,2.41196,0.0,-9999,-9999,0.0650364,0.0,-9999,0.0650364,0.0650364,0.0650364,0.0,0.0,0.0,0.0126056,0.0126056,0.0126056,0.0126056,-0.0524307,-0.0524307,-0.0524307,-0.0524307,0.107288,0.107288,0.107288,0.107288,0.612784,0.612784,0.612784,0.612784,-9999,-9999
200104,-19.505,1.0,248.324,177.563,0.994444,154.471,0.0,0.528,1.0,97.11,0.0,0.11,1.0,2.087,0.0,-9999,-9999,-9999,-9999,-9999,-9999,-9999,-9999,375.597,0.0,-15.051,-13.783,-12.608,1.0,1.0,1.0,44.454,0.0,-9999,1.0,2.26449,0.0,-9999,-9999,-0.849493,0.0,-9999,-9999,0.131261,0.0,-9999,0.131261,0.131261,0.131261,0.0,0.0,0.0,0.0244897,0.0244897,0.0244897,0.0244897,-0.106772,-0.106772,-0.106772,-0.106772,0.175478,0.175478,0.175478,0.175478,1.28703,1.28703,1.28703,1.28703,-9999,-9999
200105,-6.328,1.0,410.789,270.787,0.985887,217.512,0.0,0.921,1.0,97.114,0.0,0.265,1.0,1.803,0.0,-9999,-9999,-9999,-9999,-9999,-9999,-9999,-9999,375.105,0.0,-10.647,-9.858,-10.627,1.0,1.0,1.0,44.645,0.0,-9999,1.0,3.19039,0.0,-9999,0.136089,2.02987,0.0,-9999,0.342631,0.148533,0.0,0.0115184,0.148533,0.148533,0.148533,0.0,0.0,0.0,0.224148,0.224148,0.224148,0.224148,0.0756152,0.0756152,0.0756152,0.0756152,0.525237,0.525237,0.525237,0.525237,1.79474,1.79474,1.79474,1.79474,-9999,-9999
200106,2.058,1.0,492.443,291.14,0.996528,256.491,0.0,1.687,1.0,97.131,0.0,1.179,0.975,2.097,0.716667,0.124874914656,0.688888888889,-9999,-9999,-9999,-9999,-9999,-9999,376.592,0.929861,1.951,0.985,-3.308,1.0,1.0,1.0,44.146,0.433333,-9999,1.0,15.8812,0.920139,-9999,0.392599,15.9923,0.927778,-9999,0.672154,0.304085,0.881944,0.00710738,0.304085,0.304085,0.304085,0.881944,0.881944,0.881944,0.58082,0.58082,0.58082,0.58082,0.276735,0.276735,0.276735,0.276735,0.796198,0.796198,0.796198,0.796198,1.91795,1.91795,1.91795,1.91795,-9999,-9999
200107,4.915,1.0,456.495,227.724,0.995296,266.868,0.0,2.445,1.0,96.853,0.0,0.129,0.995968,2.516,0.987903,0.171508505519,0.98252688172,-9999,-9999,-9999,-9999,-9999,-9999,369.762,0.999328,8.569,7.358,1.238,1.0,0.998656,1.0,36.07,1.0,-9999,1.0,29.9026,0.997984,-9999,0.338875,67.7694,0.999328,-9999,0.541436,-0.295102,0.997312,0.0109211,-0.295102,-0.295102,-0.295102,0.997312,0.997312,0.997312,0.757615,0.757615,0.757615,0.757615,1.05272,1.05272,1.05272,1.05272,0.89651,0.89651,0.89651,0.89651,1.5736,1.5736,1.5736,1.5736,-9999,-9999
200108,5.843,1.0,316.075,160.167,0.922715,270.509,0.0,2.143,1.0,96.654,0.0,0.684,0.983871,2.386,0.875,0.138759709707,0.858198924731,-9999,-9999,-9999,-9999,-9999,-9999,357.188,0.99328,7.235,6.658,2.316,0.999328,1.0,0.999328,35.161,1.0,-9999,1.0,16.9097,0.99328,-9999,0.224271,33.0858,1.0,-9999,0.413141,0.179773,0.985215,0.0101811,0.179773,0.179773,0.179773,0.985215,0.985215,0.985215,1.02812,1.02812,1.02812,1.02812,0.848346,0.848346,0.848346,0.848346,0.627016,0.627016,0.627016,0.627016,0.55338,0.55338,0.55338,0.55338,-9999,-9999
200109,-0.381,1.0,155.758,79.603,0.903472,215.242,0.0,1.672,1.0,96.849,0.0,0.34,1.0,2.663,0.0,-9999,-9999,-9999,-9999,-9999,-9999,-9999,-9999,361.717,0.00347222,-0.506,1.322,1.03,1.0,1.0,1.0,35.392,0.0534722,-9999,1.0,7.51052,0.004861,-9999,0.341078,4.38704,0.048611,-9999,0.515431,0.691858,0.0104167,0.0209492,0.691858,0.691858,0.691858,0.0104167,0.0104167,0.0104167,0.824782,0.824782,0.824782,0.824782,0.132924,0.132924,0.132924,0.132924,0.786549,0.786549,0.786549,0.786549,0.317098,0.317098,0.317098,0.317098,-9999,-9999
200110,-9.329,1.0,38.3354,14.862,0.995968,177.721,0.0,0.797,1.0,96.382,0.0,0.09,1.0,3.014,0.0,-9999,-9999,-9999,-9999,-9999,-9999,-9999,-9999,361.749,0.0,-7.774,-5.01,-2.0,1.0,1.0,1.0,35.504,0.0,-9999,1.0,7.33694,0.0,-9999,-9999,-7.04436,0.0,-9999,-9999,1.10082,0.0,-9999,1.10082,1.10082,1.10082,0.0,0.0,0.0,0.308406,0.308406,0.308406,0.308406,-0.79241,-0.79241,-0.79241,-0.79241,0.327786,0.327786,0.327786,0.327786,0.0597685,0.0597685,0.0597685,0.0597685,-9999,-9999
200111,-16.456,1.0,0.216524,0.211,1.0,169.272,0.0,0.617,1.0,95.807,0.0,0.013,1.0,3.783,0.0,-9999,-9999,-9999,-9999,-9999,-9999,-9999,-9999,362.323,0.0,-15.365,-12.828,-9.455,1.0,1.0,1.0,35.694,0.0,-9999,1.0,10.4808,0.0,-9999,-9999,-3.21232,0.0,-9999,-9999,1.22558,0.0,-9999,1.22558,1.22558,1.22558,0.0,0.0,0.0,0.0994835,0.0994835,0.0994835,0.0994835,-1.1261,-1.1261,-1.1261,-1.1261,0.117172,0.117172,0.117172,0.117172,0.000854217,0.000854217,0.000854217,0.000854217,-9999,-9999
200112,-13.227,1.0,0.0,0.0,1.0,183.724,0.0,0.751,1.0,96.528,0.0,0.039,1.0,4.047,0.0,-9999,-9999,-9999,-9999,-9999,-9999,-9999,-9999,362.389,0.0,-10.393,-9.207,-8.417,1.0,1.0,1.0,35.738,0.0,-9999,1.0,12.4457,0.0,-9999,-9999,2.0521,0.0,-9999,-9999,1.16696,0.0,-9999,1.16696,1.16696,1.16696,0.0,0.0,0.0,0.19896,0.19896,0.19896,0.19896,-0.967998,-0.967998,-0.967998,-0.967998,0.217792,0.217792,0.217792,0.217792,0.0,0.0,0.0,0.0,-9999,-9999
200201,-21.681,1.0,0.0,0.0,1.0,133.485,0.0,0.468,1.0,95.864,0.0,0.048,1.0,3.012,0.0,-9999,-9999,-9999,-9999,-9999,-9999,-9999,-9999,359.112,0.0,-12.861,-11.16,-9.734,1.0,1.0,1.0,37.509,0.0,-9999,1.0,4.92871,0.0,-9999,-9999,0.577453,0.0,-9999,-9999,0.55583,0.0,-9999,0.55583,0.55583,0.55583,0.0,0.0,0.0,0.0950122,0.0950122,0.0950122,0.0950122,-0.460818,-0.460818,-0.460818,-0.460818,0.0154529,0.0154529,0.0154529,0.0154529,0.0,0.0,0.0,0.0,-9999,-9999
200202,-21.016,1.0,11.4992,7.81,1.0,137.674,0.0,0.41,1.0,95.976,0.0,0.204,1.0,4.251,0.0,-9999,-9999,-9999,-9999,-9999,-9999,-9999,-9999,356.717,0.0,-13.344,-11.864,-10.758,1.0,1.0,1.0,42.663,0.0,-9999,1.0,-0.624089,0.0,-9999,-9999,-0.208991,0.0,-9999,-9999,0.032198,0.0,-9999,0.032198,0.032198,0.032198,0.0,0.0,0.0,0.102048,0.102048,0.102048,0.102048,0.0698499,0.0698499,0.0698499,0.0698499,0.0170053,0.0170053,0.0170053,0.0170053,0.0,0.0,0.0,0.0,-9999,-9999
200203,-22.689,1.0,98.2095,65.858,1.0,135.023,0.0,0.446,1.0,96.604,0.0,0.058,1.0,3.077,0.0,-9999,-9999,-9999,-9999,-9999,-9999,-9999,-9999,357.434,0.0,-14.134,-12.319,-11.341,1.0,0.716398,1.0,42.663,0.0,-9999,1.0,-0.761753,0.0,-9999,-9999,-0.320062,0.0,-9999,-9999,0.0325763,0.0,-9999,0.0325763,0.0325763,0.0325763,0.0,0.0,0.0,0.0839446,0.0839446,0.0839446,0.0839446,0.0513682,0.0513682,0.0513682,0.0513682,0.0138072,0.0138072,0.0138072,0.0138072,0.0,0.0,0.0,0.0,-9999,-9999
200204,-14.617,1.0,248.324,151.756,1.0,177.831,0.0,0.786,1.0,96.832,0.0,0.0,1.0,3.397,0.0,-9999,-9999,-9999,-9999,-9999,-9999,-9999,-9999,361.552,0.0,-12.46,-10.483,-10.894,1.0,0.0,1.0,42.394,0.0,-9999,1.0,3.2252,0.0,-9999,-9999,-2.93417,0.0,-9999,-9999,0.200122,0.0,-9999,0.200122,0.200122,0.200122,0.0,0.0,0.0,0.20075,0.20075,0.20075,0.20075,0.000627985,0.000627985,0.000627985,0.000627985,0.0298548,0.0298548,0.0298548,0.0298548,0.0,0.0,0.0,0.0,-9999,-9999
200205,-4.133,1.0,410.789,260.342,1.0,237.219,0.0,1.375,1.0,97.484,0.0,0.732,0.998656,2.221,0.0,-9999,-9999,-9999,-9999,-9999,-9999,-9999,-9999,360.923,0.0611559,-9.164,-0.546,-9.355,1.0,0.061828,1.0,42.385,0.0,-9999,1.0,4.51744,0.061156,-9999,0.890118,5.81647,0.061156,-9999,0.938922,0.261814,0.0,0.165408,0.261814,0.261814,0.261814,0.0,0.0,0.0,0.603531,0.603531,0.603531,0.603531,0.341717,0.341717,0.341717,0.341717,0.0623322,0.0623322,0.0623322,0.0623322,0.0,0.0,0.0,0.0,-9999,-9999
200206,2.631,1.0,492.447,293.284,0.677778,262.098,0.0,1.428,1.0,96.767,0.0,2.503,0.966667,1.455,0.891667,0.101003066121,0.871527777778,-9999,-9999,596.787703379,0.565972222222,-9999,-9999,366.065,0.947917,3.619,2.3,-1.597,0.968056,0.972917,0.968056,41.678,0.461806,-9999,1.0,19.4187,0.947917,-9999,0.367107,32.0511,0.947917,-9999,0.633216,0.339303,0.692361,0.00941094,0.339303,0.339303,0.339303,0.692361,0.692361,0.692361,0.946009,0.946009,0.946009,0.946009,0.606706,0.606706,0.606706,0.606706,0.309744,0.309744,0.309744,0.309744,0.012664,0.012664,0.012664,0.012664,-9999,-9999
200207,5.676,1.0,456.498,203.511,0.997984,281.697,0.0,1.391,1.0,96.579,0.0,0.355,1.0,2.268,0.983871,0.156631729796,0.974462365591,-9999,-9999,423.339095745,0.999327956989,-9999,-9999,372.251,1.0,9.604,8.535,1.969,1.0,1.0,1.0,32.931,1.0,-9999,1.0,25.8689,0.999328,-9999,0.257336,61.8802,1.0,-9999,0.503022,-0.406446,0.999328,0.00990926,-0.406446,-0.406446,-0.406446,0.999328,0.999328,0.999328,1.12912,1.12912,1.12912,1.12912,1.53556,1.53556,1.53556,1.53556,0.975169,0.975169,0.975169,0.975169,1.35758,1.35758,1.35758,1.35758,-9999,-9999
200208,4.918,1.0,316.075,128.519,1.0,266.862,0.0,1.822,1.0,96.851,0.0,0.487,1.0,2.289,0.692876,0.166887242269,0.688172043011,-9999,-9999,267.517710002,0.995295698925,-9999,-9999,365.292,0.882392,6.352,6.204,2.636,1.0,1.0,1.0,33.439,0.998656,-9999,1.0,19.8775,0.881048,-9999,0.328155,25.2529,0.881048,-9999,0.470237,-0.0483001,0.875672,0.0122965,-0.0483001,-0.0483001,-0.0483001,0.875672,0.875672,0.875672,1.04712,1.04712,1.04712,1.04712,1.09542,1.09542,1.09542,1.09542,0.743788,0.743788,0.743788,0.743788,0.970675,0.970675,0.970675,0.970675,-9999,-9999
200209,0.451,1.0,155.758,73.247,1.0,234.989,0.0,1.702,1.0,96.926,0.0,0.0,1.0,2.39,0.0,-9999,-9999,-9999,-9999,150.872222222,1.0,-9999,-9999,367.245,0.0,0.965,1.808,1.068,1.0,1.0,1.0,33.066,0.0701389,-9999,1.0,12.0664,0.0,-9999,0.622151,8.78761,0.0,-9999,1.07875,0.15364,0.0,0.0294629,0.15364,0.15364,0.15364,0.0,0.0,0.0,0.805368,0.805368,0.805368,0.805368,0.651728,0.651728,0.651728,0.651728,0.241673,0.241673,0.241673,0.241673,0.369749,0.369749,0.369749,0.369749,-9999,-9999
200210,-5.822,1.0,38.3354,14.002,1.0,202.71,0.0,0.863,1.0,97.452,0.0,0.674,1.0,2.394,0.0,-9999,-9999,-9999,-9999,29.0443548387,1.0,-9999,-9999,368.061,0.0,-3.887,-1.833,0.333,1.0,1.0,1.0,32.989,0.0,-9999,1.0,7.56525,0.0,-9999,-9999,-9.31052,0.0,-9999,-9999,0.5406,0.0,-9999,0.5406,0.5406,0.5406,0.0,0.0,0.0,0.507664,0.507664,0.507664,0.507664,-0.0329366,-0.0329366,-0.0329366,-0.0329366,0.108927,0.108927,0.108927,0.108927,0.0957133,0.0957133,0.0957133,0.0957133,-9999,-9999
200211,-14.49,1.0,0.216524,0.19,1.0,173.601,0.0,0.603,1.0,96.9,0.0,0.03,1.0,2.645,0.0,-9999,-9999,-9999,-9999,0.704166666667,1.0,-9999,-9999,366.469,0.0,-14.513,-12.76,-7.914,1.0,1.0,1.0,32.976,0.0,-9999,1.0,19.6507,0.0,-9999,-9999,-3.7491,0.0,-9999,-9999,0.349331,0.0,-9999,0.349331,0.349331,0.349331,0.0,0.0,0.0,0.198177,0.198177,0.198177,0.198177,-0.151153,-0.151153,-0.151153,-0.151153,0.0208998,0.0208998,0.0208998,0.0208998,0.00161131,0.00161131,0.00161131,0.00161131,-9999,-9999
200212,-13.645,1.0,0.0,0.0,1.0,161.571,0.0,0.772,1.0,96.639,0.0,0.039,1.0,3.631,0.0,-9999,-9999,-9999,-9999,0.00403225806452,1.0,-9999,-9999,366.088,0.0,-13.257,-11.935,-9.75,1.0,1.0,1.0,32.975,0.0,-9999,1.0,22.8201,0.0,-9999,-9999,-1.54199,0.0,-9999,-9999,0.249904,0.0,-9999,0.249904,0.249904,0.249904,0.0,0.0,0.0,0.272641,0.272641,0.272641,0.272641,0.022737,0.022737,0.022737,0.022737,0.0474376,0.0474376,0.0474376,0.0474376,0.0,0.0,0.0,0.0,-9999,-9999
200301,-24.444,1.0,0.0,0.0,1.0,117.762,0.0,0.316,1.0,96.704,0.0,0.01,1.0,2.914,0.0,-9999,-9999,-9999,-9999,0.0833333333333,0.999327956989,-9999,-9999,377.559,0.0,-15.919,-14.241,-11.162,1.0,1.0,1.0,36.086,0.0,-9999,1.0,9.22551,0.0,-9999,-9999,2.09382,0.0,-9999,-9999,0.17538,0.0,-9999,0.17538,0.17538,0.17538,0.0,0.0,0.0,0.0190057,0.0190057,0.0190057,0.0190057,-0.156374,-0.156374,-0.156374,-0.156374,0.228218,0.228218,0.228218,0.228218,0.0,0.0,0.0,0.0,-9999,-9999
200302,-17.029,1.0,11.4992,7.381,1.0,159.052,0.0,0.454,1.0,95.767,0.0,0.004,1.0,4.062,0.0,-9999,-9999,-9999,-9999,12.599702381,1.0,-9999,-9999,385.441,0.0,-14.823,-13.63,-12.181,1.0,1.0,1.0,42.221,0.0,-9999,1.0,-0.00905965,0.0,-9999,-9999,4.89501,0.0,-9999,-9999,0.116568,0.0,-9999,0.116568,0.116568,0.116568,0.0,0.0,0.0,0.089235,0.089235,0.089235,0.089235,-0.0273334,-0.0273334,-0.0273334,-0.0273334,0.568341,0.568341,0.568341,0.568341,0.298334,0.298334,0.298334,0.298334,-9999,-9999
200303,-21.517,1.0,98.2095,59.279,0.993952,133.726,0.0,0.418,1.0,96.345,0.0,0.003,1.0,2.919,0.0,-9999,-9999,-9999,-9999,113.556451613,1.0,-9999,-9999,385.565,0.0,-15.025,-13.801,-12.213,1.0,1.0,1.0,42.222,0.0,-9999,1.0,0.126116,0.0,-9999,-9999,4.71434,0.0,-9999,-9999,0.124082,0.0,-9999,0.124082,0.124082,0.124082,0.0,0.0,0.0,0.0305686,0.0305686,0.0305686,0.0305686,-0.093513,-0.093513,-0.093513,-0.093513,0.330858,0.330858,0.330858,0.330858,1.31093,1.31093,1.31093,1.31093,-9999,-9999
200304,-13.748,1.0,248.324,163.159,0.995833,171.725,0.0,0.746,1.0,97.381,0.0,0.0,1.0,2.438,0.0,-9999,-9999,-9999,-9999,329.567084554,0.997222222222,-9999,-9999,385.658,0.0,-13.549,-12.478,-11.885,1.0,1.0,1.0,41.433,0.0,-9999,1.0,2.12074,0.0,-9999,-9999,2.12084,0.0,-9999,-9999,0.226852,0.0,-9999,0.226852,0.226852,0.226852,0.0,0.0,0.0,0.150988,0.150988,0.150988,0.150988,-0.0758644,-0.0758644,-0.0758644,-0.0758644,0.760203,0.760203,0.760203,0.760203,2.29704,2.29704,2.29704,2.29704,-9999,-9999
200305,-5.615,1.0,410.789,264.201,0.991935,223.344,0.0,0.991,1.0,97.06,0.0,0.029,1.0,1.469,0.0,-9999,-9999,-9999,-9999,547.492006025,0.996639784946,-9999,-9999,385.725,0.0288978,-9.187,-8.29,-9.274,1.0,1.0,1.0,41.945,0.0,-9999,1.0,1.89618,0.028898,-9999,0.192559,4.04162,0.028898,-9999,0.245216,0.140724,0.0114247,0.00461483,0.140724,0.140724,0.140724,0.0114247,0.0114247,0.0114247,0.3721,0.3721,0.3721,0.3721,0.231376,0.231376,0.231376,0.231376,1.28334,1.28334,1.28334,1.28334,3.21585,3.21585,3.21585,3.21585,-9999,-9999
200306,2.215,1.0,492.447,292.676,1.0,259.287,0.0,1.193,1.0,97.048,0.0,1.42,0.993056,1.58,0.753472,0.115493936107,0.717361111111,-9999,-9999,607.151741953,0.995138888889,-9999,-9999,386.106,0.988889,4.451,3.016,-1.752,1.0,1.0,1.0,41.14,0.665278,-9999,1.0,23.2001,0.988889,-9999,0.405045,43.595,0.988889,-9999,0.723662,0.340909,0.963194,0.00900434,0.340909,0.340909,0.340909,0.963194,0.963194,0.963194,0.775545,0.775545,0.775545,0.775545,0.434636,0.434636,0.434636,0.434636,1.84678,1.84678,1.84678,1.84678,3.46192,3.46192,3.46192,3.46192,-9999,-9999
200307,7.655,1.0,456.503,206.08,1.0,276.665,0.0,2.914,1.0,96.928,0.0,0.2,1.0,2.394,0.990591,0.16666118095,0.979166666667,-9999,-9999,421.06455139,0.989247311828,-9999,-9999,373.961,1.0,10.464,9.388,2.641,1.0,1.0,1.0,35.954,1.0,-9999,1.0,34.0448,1.0,-9999,0.340319,53.9415,1.0,-9999,0.52762,-0.639555,0.998656,0.0106175,-0.639555,-0.639555,-0.639555,0.998656,0.998656,0.998656,1.17152,1.17152,1.17152,1.17152,1.81107,1.81107,1.81107,1.81107,1.50992,1.50992,1.50992,1.50992,2.20825,2.20825,2.20825,2.20825,-9999,-9999
200308,6.552,1.0,316.075,150.345,1.0,261.249,0.0,2.636,1.0,96.841,0.0,0.106,1.0,2.122,0.94086,0.150354729178,0.91935483871,-9999,-9999,310.762770371,0.997311827957,-9999,-9999,369.41,1.0,7.848,7.421,3.19,1.0,1.0,1.0,35.706,1.0,-9999,1.0,20.8443,1.0,-9999,0.291548,34.1193,1.0,-9999,0.483202,-0.0305571,0.998656,0.0105774,-0.0305571,-0.0305571,-0.0305571,0.998656,0.998656,0.998656,0.912218,0.912218,0.912218,0.912218,0.942775,0.942775,0.942775,0.942775,0.956157,0.956157,0.956157,0.956157,0.996095,0.996095,0.996095,0.996095,-9999,-9999
200309,0.547,1.0,155.758,74.357,1.0,223.482,0.0,2.203,1.0,96.369,0.0,0.003,1.0,2.622,0.0,-9999,-9999,-9999,-9999,152.232777778,0.997916666667,-9999,-9999,376.847,0.15625,0.487,1.694,1.263,1.0,1.0,1.0,35.497,0.15625,-9999,1.0,5.7559,0.15625,-9999,0.288813,10.221,0.15625,-9999,0.6858,0.428442,0.129167,0.013817,0.428442,0.428442,0.428442,0.129167,0.129167,0.129167,1.35481e-07,1.35481e-07,1.35481e-07,1.35481e-07,-0.428442,-0.428442,-0.428442,-0.428442,1.0652,1.0652,1.0652,1.0652,0.475545,0.475545,0.475545,0.475545,-9999,-9999
200310,-8.945,1.0,38.3354,16.506,1.0,169.492,0.0,1.003,1.0,96.98,0.0,0.181,1.0,2.868,0.0,-9999,-9999,-9999,-9999,33.5228494624,1.0,-9999,-9999,376.428,0.0,-9.482,-7.251,-2.683,1.0,1.0,1.0,35.428,0.0,-9999,1.0,1.20606,0.0,-9999,-9999,-4.57439,0.0,-9999,-9999,0.364636,0.0,-9999,0.364636,0.364636,0.364636,0.0,0.0,0.0,0.0,0.0,0.0,0.0,-0.364636,-0.364636,-0.364636,-0.364636,0.596185,0.596185,0.596185,0.596185,0.175741,0.175741,0.175741,0.175741,-9999,-9999
200311,-12.852,1.0,0.216524,0.107,1.0,193.475,0.0,0.649,1.0,96.394,0.0,2.005,0.998611,3.922,0.0,-9999,-9999,-9999,-9999,0.288888888889,1.0,-9999,-9999,375.702,0.0,-13.201,-11.256,-7.957,1.0,1.0,1.0,35.435,0.0,-9999,1.0,7.00738,0.0,-9999,-9999,14.2047,0.0,-9999,-9999,0.300413,0.0,-9999,0.300413,0.300413,0.300413,0.0,0.0,0.0,0.0,0.0,0.0,0.0,-0.300413,-0.300413,-0.300413,-0.300413,0.445946,0.445946,0.445946,0.445946,0.00224118,0.00224118,0.00224118,0.00224118,-9999,-9999
200312,-23.713,1.0,0.0,0.0,1.0,119.355,0.0,0.411,1.0,96.61,0.0,0.042,1.0,3.046,0.0,-9999,-9999,-9999,-9999,0.0,1.0,-9999,-9999,374.672,0.0,-13.137,-11.482,-9.266,1.0,1.0,1.0,35.446,0.0,-9999,1.0,13.4344,0.0,-9999,-9999,32.6169,0.0,-9999,-9999,0.229323,0.0,-9999,0.229323,0.229323,0.229323,0.0,0.0,0.0,0.0,0.0,0.0,0.0,-0.229322,-0.229322,-0.229322,-0.229322,0.122551,0.122551,0.122551,0.122551,0.0,0.0,0.0,0.0,-9999,-9999
200401,-20.138,1.0,0.0,0.0,1.0,155.634,0.0,0.45,1.0,96.65,0.0,0.852,0.998656,4.06,0.0,-9999,-9999,-9999,-9999,0.0,0.999327956989,-9999,-9999,381.073,0.0,-13.914,-12.349,-10.336,1.0,1.0,1.0,37.897,0.0,-9999,1.0,14.7417,0.0,-9999,-9999,17.2437,0.0,-9999,-9999,0.266141,0.0,-9999,0.266141,0.266141,0.266141,0.0,0.0,0.0,0.0169406,0.0169406,0.0169406,0.0169406,-0.2492,-0.2492,-0.2492,-0.2492,0.00875499,0.00875499,0.00875499,0.00875499,0.0,0.0,0.0,0.0,-9999,-9999
200402,-22.859,1.0,12.508,6.235,1.0,126.895,0.0,0.383,1.0,96.609,0.0,0.003,1.0,3.269,0.0,-9999,-9999,-9999,-9999,11.1968390805,1.0,-9999,-9999,387.623,0.0,-16.314,-14.632,-12.088,1.0,1.0,1.0,42.38,0.0,-9999,1.0,16.1271,0.0,-9999,-9999,1.79898,0.0,-9999,-9999,0.308764,0.0,-9999,0.308764,0.308764,0.308764,0.0,0.0,0.0,0.00794706,0.00794706,0.00794706,0.00794706,-0.300817,-0.300817,-0.300817,-0.300817,0.00335551,0.00335551,0.00335551,0.00335551,0.0363629,0.0363629,0.0363629,0.0363629,-9999,-9999
200403,-17.102,1.0,102.391,52.852,0.998656,163.758,0.0,0.47,1.0,96.385,0.0,0.245,0.998656,3.472,0.0,-9999,-9999,-9999,-9999,103.529569892,1.0,-9999,-9999,387.134,0.0,-14.81,-13.488,-12.086,1.0,1.0,1.0,42.374,0.0,-9999,1.0,12.0755,0.0,-9999,-9999,0.756772,0.0,-9999,-9999,0.267026,0.0,-9999,0.267026,0.267026,0.267026,0.0,0.0,0.0,0.0312266,0.0312266,0.0312266,0.0312266,-0.235799,-0.235799,-0.235799,-0.235799,0.0249696,0.0249696,0.0249696,0.0249696,0.260249,0.260249,0.260249,0.260249,-9999,-9999
200404,-7.856,1.0,253.815,133.398,0.986806,230.354,0.0,0.865,1.0,96.896,0.0,1.347,0.998611,3.744,0.0,-9999,-9999,-9999,-9999,283.032166076,0.997222222222,-9999,-9999,386.312,0.0,-10.608,-9.648,-10.0,1.0,1.0,1.0,41.818,0.0,-9999,1.0,8.03182,0.0,-9999,-9999,2.50448,0.0,-9999,-9999,0.290609,0.0,-9999,0.290609,0.290609,0.290609,0.0,0.0,0.0,0.118509,0.118509,0.118509,0.118509,-0.1721,-0.1721,-0.1721,-0.1721,0.174354,0.174354,0.174354,0.174354,0.568223,0.568223,0.568223,0.568223,-9999,-9999
200405,-4.502,1.0,415.236,255.959,0.989247,231.889,0.0,1.071,1.0,97.569,0.0,0.01,1.0,2.192,0.0,-9999,-9999,-9999,-9999,521.838077292,0.989247311828,-9999,-9999,386.792,0.0725806,-6.554,-5.806,-7.296,1.0,1.0,1.0,42.056,0.0,-9999,1.0,14.0311,0.072581,-9999,0.495494,12.8154,0.072581,-9999,0.963962,0.308509,0.0752688,0.0113989,0.308509,0.308509,0.308509,0.0752688,0.0752688,0.0752688,0.158602,0.158602,0.158602,0.158602,-0.149907,-0.149907,-0.149907,-0.149907,0.250176,0.250176,0.250176,0.250176,0.964789,0.964789,0.964789,0.964789,-9999,-9999
200406,2.469,1.0,493.136,277.77,0.998611,260.142,0.0,1.616,1.0,97.183,0.0,0.103,1.0,2.034,0.861111,0.152957699765,0.845138888889,-9999,-9999,570.794126773,0.999305555556,-9999,-9999,383.655,0.995139,5.52,4.425,-0.318,1.0,1.0,1.0,40.929,0.805556,-9999,1.0,34.3694,0.994444,-9999,0.401119,56.3149,0.994444,-9999,0.675957,0.310556,0.986111,0.0083311,0.310556,0.310556,0.310556,0.986111,0.986111,0.986111,0.31168,0.31168,0.31168,0.31168,0.00112477,0.00112477,0.00112477,0.00112477,0.798257,0.798257,0.798257,0.798257,1.03921,1.03921,1.03921,1.03921,-9999,-9999
200407,7.168,1.0,453.417,223.684,1.0,278.962,0.0,3.024,1.0,96.442,0.0,0.326,1.0,2.427,0.994624,0.177833411028,0.987231182796,-9999,-9999,458.150427144,0.994623655914,-9999,-9999,376.715,1.0,10.24,9.478,3.253,1.0,1.0,1.0,35.358,1.0,-9999,1.0,35.822,1.0,-9999,0.329586,62.0514,1.0,-9999,0.512176,-0.573759,0.997984,0.0108573,-0.573759,-0.573759,-0.573759,0.997984,0.997984,0.997984,0.446515,0.446515,0.446515,0.446515,1.02027,1.02027,1.02027,1.02027,0.735888,0.735888,0.735888,0.735888,1.32334,1.32334,1.32334,1.32334,-9999,-9999
200408,5.461,1.0,310.595,150.15,1.0,263.329,0.0,2.209,1.0,96.943,0.0,0.113,0.983871,1.971,0.879032,0.136985162415,0.862903225806,-9999,-9999,298.904816391,0.996639784946,-9999,-9999,368.259,1.0,7.449,5.84,3.628,1.0,1.0,0.504032,35.356,0.909274,-9999,1.0,19.4505,1.0,-9999,0.276805,38.309,1.0,-9999,0.456752,-0.0240211,0.995968,0.0106264,-0.0240211,-0.0240211,-0.0240211,0.995968,0.995968,0.995968,0.757167,0.757167,0.757167,0.757167,0.781188,0.781188,0.781188,0.781188,0.631851,0.631851,0.631851,0.631851,0.767645,0.767645,0.767645,0.767645,-9999,-9999
200409,-0.112,1.0,151.015,64.606,1.0,244.037,0.0,1.845,1.0,96.485,0.0,0.243,1.0,2.747,0.0,-9999,-9999,-9999,-9999,125.852777778,1.0,-9999,-9999,369.746,0.1,0.629,0.463,3.627,1.0,0.661111,0.0,35.339,0.0,-9999,1.0,7.44365,0.1,-9999,0.288839,10.9979,0.1,-9999,0.570341,0.670079,0.0798611,0.011997,0.670079,0.670079,0.670079,0.0798611,0.0798611,0.0798611,0.903399,0.903399,0.903399,0.903399,0.23332,0.23332,0.23332,0.23332,0.605468,0.605468,0.605468,0.605468,0.255593,0.255593,0.255593,0.255593,-9999,-9999
200410,-8.303,1.0,35.6672,14.357,1.0,175.969,0.0,1.138,1.0,96.849,0.0,0.035,1.0,3.164,0.0,-9999,-9999,-9999,-9999,28.3467741935,1.0,-9999,-9999,370.572,0.0,-10.167,-0.252,3.81,1.0,0.0,0.0,35.311,0.0,-9999,1.0,1.53449,0.0,-9999,-9999,-2.21341,0.0,-9999,-9999,0.880336,0.0,-9999,0.880336,0.880336,0.880336,0.0,0.0,0.0,0.373452,0.373452,0.373452,0.373452,-0.506884,-0.506884,-0.506884,-0.506884,0.33075,0.33075,0.33075,0.33075,0.0902525,0.0902525,0.0902525,0.0902525,-9999,-9999
200411,-18.209,1.0,0.118214,0.122,1.0,144.608,0.0,0.543,1.0,96.71,0.0,0.25,1.0,3.283,0.0,-9999,-9999,-9999,-9999,0.269444444444,1.0,-9999,-9999,368.737,0.0,-20.241,-0.232,3.872,1.0,0.0,0.0,35.349,0.0,-9999,1.0,7.9758,0.0,-9999,-9999,10.4332,0.0,-9999,-9999,0.691901,0.0,-9999,0.691901,0.691901,0.691901,0.0,0.0,0.0,0.067683,0.067683,0.067683,0.067683,-0.624219,-0.624219,-0.624219,-0.624219,0.101588,0.101588,0.101588,0.101588,0.0013221,0.0013221,0.0013221,0.0013221,-9999,-9999
200412,-18.391,1.0,0.0,0.0,1.0,164.373,0.0,0.509,1.0,95.0,0.0,1.411,0.997312,4.605,0.0,-9999,-9999,-9999,-9999,0.0,1.0,-9999,-9999,367.309,0.0,-19.314,-0.39,3.871,1.0,0.0,0.0,35.36,0.0,-9999,1.0,12.8475,0.0,-9999,-9999,20.2787,0.0,-9999,-9999,0.481576,0.0,-9999,0.481576,0.481576,0.481576,0.0,0.0,0.0,0.104482,0.104482,0.104482,0.104482,-0.377094,-0.377094,-0.377094,-0.377094,0.122565,0.122565,0.122565,0.122565,0.0,0.0,0.0,0.0,-9999,-9999
200501,-14.265,1.0,0.0,0.0,1.0,161.493,0.0,0.895,1.0,95.538,0.0,1.139,0.997312,4.93,0.0,-9999,-9999,-9999,-9999,0.0,0.999327956989,-9999,-9999,383.469,0.0,-13.687,-0.391,3.873,1.0,0.0,0.0,43.283,0.0,-9999,1.0,7.37897,0.0,-9999,-9999,1.00218,0.0,-9999,-9999,0.194089,0.0,-9999,0.194089,0.194089,0.194089,0.0,0.0,0.0,0.141771,0.141771,0.141771,0.141771,-0.052319,-0.052319,-0.052319,-0.052319,0.00771511,0.00771511,0.00771511,0.00771511,0.0,0.0,0.0,0.0,-9999,-9999
200502,-14.055,1.0,11.4992,6.557,1.0,175.458,0.0,0.818,1.0,96.413,0.0,0.821,0.998512,4.37,0.0,-9999,-9999,-9999,-9999,11.9791666667,1.0,-9999,-9999,388.692,0.0,-12.0,3.018,2.608,1.0,0.0,0.0,51.254,0.0,-9999,1.0,5.64234,0.0,-9999,-9999,-5.14198,0.0,-9999,-9999,0.114542,0.0,-9999,0.114542,0.114542,0.114542,0.0,0.0,0.0,0.119157,0.119157,0.119157,0.119157,0.00461468,0.00461468,0.00461468,0.00461468,0.00412076,0.00412076,0.00412076,0.00412076,0.0,0.0,0.0,0.0,-9999,-9999
200503,-18.606,1.0,98.2095,58.503,0.99328,152.825,0.0,0.501,1.0,97.268,0.0,0.0,1.0,2.841,0.0,-9999,-9999,-9999,-9999,107.654569892,1.0,-9999,-9999,388.028,0.0,-14.427,8.557,0.322,1.0,0.0,0.0,51.214,0.0,-9999,1.0,2.76095,0.0,-9999,-9999,-4.14174,0.0,-9999,-9999,0.204892,0.0,-9999,0.204892,0.204892,0.204892,0.0,0.0,0.0,0.0471398,0.0471398,0.0471398,0.0471398,-0.157752,-0.157752,-0.157752,-0.157752,0.000812524,0.000812524,0.000812524,0.000812524,0.0,0.0,0.0,0.0,-9999,-9999
200504,-13.226,1.0,248.324,163.565,0.989583,175.37,0.0,0.731,1.0,97.219,0.0,0.0,1.0,3.028,0.0,-9999,-9999,-9999,-9999,304.65998818,0.999305555556,-9999,-9999,387.474,0.0,-12.971,8.552,0.323,1.0,0.0,0.0,46.445,0.0,-9999,1.0,3.79595,0.0,-9999,-9999,-0.617484,0.0,-9999,-9999,0.195453,0.0,-9999,0.195453,0.195453,0.195453,0.0,0.0,0.0,0.128582,0.128582,0.128582,0.128582,-0.0668718,-0.0668718,-0.0668718,-0.0668718,0.00443985,0.00443985,0.00443985,0.00443985,0.0,0.0,0.0,0.0,-9999,-9999
200505,-2.45,1.0,410.786,252.939,0.988575,231.253,0.0,1.332,1.0,97.432,0.0,0.026,0.998656,2.309,0.320565,-9999,-9999,-9999,-9999,501.906817006,0.987903225806,-9999,-9999,387.657,0.518817,-6.777,7.973,0.323,1.0,0.0,0.0,45.703,0.0,-9999,1.0,4.34289,0.514785,-9999,0.127624,-1.94297,0.514785,-9999,0.247633,0.12895,0.481855,0.00480919,0.12895,0.12895,0.12895,0.481855,0.481855,0.481855,0.472342,0.472342,0.472342,0.472342,0.343391,0.343391,0.343391,0.343391,0.0429938,0.0429938,0.0429938,0.0429938,0.00205476,0.00205476,0.00205476,0.00205476,-9999,-9999
200506,2.716,1.0,492.443,258.377,0.995139,270.406,0.0,1.418,1.0,97.035,0.0,0.21,1.0,2.086,0.990278,0.15305044841,0.977777777778,-9999,-9999,514.156882567,0.99375,-9999,-9999,382.367,1.0,8.064,7.048,0.275,1.0,0.0,0.0,45.282,0.820833,-9999,1.0,28.7273,1.0,-9999,0.311395,66.5739,1.0,-9999,0.710962,-0.236932,0.999306,0.00702281,-0.236932,-0.236932,-0.236932,0.999306,0.999306,0.999306,0.750202,0.750202,0.750202,0.750202,0.987134,0.987134,0.987134,0.987134,0.47253,0.47253,0.47253,0.47253,0.735456,0.735456,0.735456,0.735456,-9999,-9999
200507,6.929,1.0,456.495,214.976,1.0,281.741,0.0,3.14,1.0,96.735,0.0,0.894,1.0,2.4,0.987903,0.175319498904,0.978494623656,-9999,-9999,426.239047129,0.998655913978,-9999,-9999,372.814,1.0,12.602,7.703,0.247,1.0,0.346102,0.0,38.707,1.0,-9999,1.0,29.6259,1.0,-9999,0.309167,58.0491,1.0,-9999,0.506136,-0.819031,0.997984,0.0106264,-0.819031,-0.819031,-0.819031,0.997984,0.997984,0.997984,1.0406,1.0406,1.0406,1.0406,1.85963,1.85963,1.85963,1.85963,0.573674,0.573674,0.573674,0.573674,1.43755,1.43755,1.43755,1.43755,-9999,-9999
200508,4.561,1.0,316.075,152.237,0.99664,260.941,0.0,2.785,1.0,96.737,0.0,0.126,0.998656,2.534,0.785618,0.153717221548,0.764784946237,-9999,-9999,312.889888002,0.989919354839,-9999,-9999,371.049,0.994624,9.727,4.629,0.239,1.0,0.998656,0.268145,38.065,0.994624,-9999,1.0,17.0472,0.994624,-9999,0.230473,35.8784,0.994624,-9999,0.493265,-0.116788,0.99328,0.0113644,-0.116788,-0.116788,-0.116788,0.99328,0.99328,0.99328,0.883182,0.883182,0.883182,0.883182,0.99997,0.99997,0.99997,0.99997,0.538529,0.538529,0.538529,0.538529,0.733157,0.733157,0.733157,0.733157,-9999,-9999
200509,-1.474,1.0,155.758,72.755,0.997222,231.406,0.0,1.917,1.0,96.605,0.0,0.277,1.0,2.924,0.0,-9999,-9999,-9999,-9999,152.390890636,0.997916666667,-9999,-9999,371.748,0.00555556,5.181,-0.915,-0.344,0.33125,1.0,1.0,-9999,-9999,-9999,1.0,6.61349,0.005556,-9999,0.429075,5.10727,0.005556,-9999,1.02431,0.412946,0.00555556,0.0244427,0.412946,0.412946,0.412946,0.00555556,0.00555556,0.00555556,0.541987,0.541987,0.541987,0.541987,0.129041,0.129041,0.129041,0.129041,0.457617,0.457617,0.457617,0.457617,0.396347,0.396347,0.396347,0.396347,-9999,-9999
200510,-13.037,1.0,38.3354,16.994,1.0,174.133,0.0,0.778,1.0,96.89,0.0,0.135,1.0,3.149,0.0,-9999,-9999,-9999,-9999,35.5228494624,1.0,-9999,-9999,371.733,0.0,4.658,-12.898,-6.598,0.0,1.0,1.0,-9999,-9999,-9999,1.0,3.29505,0.0,-9999,-9999,-14.5821,0.0,-9999,-9999,0.565642,0.0,-9999,0.565642,0.565642,0.565642,0.0,0.0,0.0,0.126152,0.126152,0.126152,0.126152,-0.43949,-0.43949,-0.43949,-0.43949,0.0317574,0.0317574,0.0317574,0.0317574,0.111434,0.111434,0.111434,0.111434,-9999,-9999
200511,-15.482,1.0,0.216524,0.167,1.0,183.247,0.0,0.577,1.0,96.306,0.0,0.273,0.998611,3.131,0.0,-9999,-9999,-9999,-9999,0.75,1.0,-9999,-9999,371.111,0.0,4.973,-14.417,-11.318,0.0,1.0,1.0,-9999,-9999,-9999,1.0,13.2005,0.0,-9999,-9999,9.98984,0.0,-9999,-9999,0.410848,0.0,-9999,0.410848,0.410848,0.410848,0.0,0.0,0.0,0.104209,0.104209,0.104209,0.104209,-0.306639,-0.306639,-0.306639,-0.306639,0.0335882,0.0335882,0.0335882,0.0335882,0.00131357,0.00131357,0.00131357,0.00131357,-9999,-9999
200512,-14.485,1.0,0.0,0.0,1.0,180.796,0.0,0.592,1.0,96.358,0.0,1.31,1.0,3.789,0.0,-9999,-9999,-9999,-9999,0.0188172043011,1.0,-9999,-9999,370.82,0.0,-5.738,-11.438,-10.192,0.0,1.0,1.0,-9999,-9999,-9999,1.0,18.0266,0.0,-9999,-9999,23.5599,0.0,-9999,-9999,0.296397,0.0,-9999,0.296397,0.296397,0.296397,0.0,0.0,0.0,0.123993,0.123993,0.123993,0.123993,-0.172404,-0.172404,-0.172404,-0.172404,0.0442224,0.0442224,0.0442224,0.0442224,0.0,0.0,0.0,0.0,-9999,-9999
200601,-13.412,1.0,0.0,0.0,1.0,191.507,0.0,0.626,1.0,95.058,0.0,0.029,1.0,4.43,0.0,-9999,-9999,-9999,-9999,0.19223289865,0.999327956989,-9999,-9999,385.178,0.0,-10.571,-10.012,-9.495,0.0,1.0,1.0,-9999,-9999,-9999,1.0,6.24556,0.0,-9999,-9999,5.43989,0.0,-9999,-9999,0.11647,0.0,-9999,0.11441,0.11647,0.117323,0.0,0.0,0.0,0.102253,0.102253,0.102253,0.171401,-0.0122434,-0.0142177,-0.0119988,0.054078,0.248552,0.248516,0.248549,0.24856,0.0,0.0,0.0,0.0,-9999,-9999
200602,-21.225,1.0,11.4992,6.65,1.0,147.835,0.0,0.498,1.0,97.169,0.0,0.0,1.0,3.178,0.0,-9999,-9999,-9999,-9999,13.8229166667,1.0,-9999,-9999,391.174,0.0,-10.607,-11.868,-10.309,0.0,1.0,1.0,-9999,-9999,-9999,1.0,1.34404,0.0,-9999,-9999,-1.85584,0.0,-9999,-9999,0.0192555,0.0,-9999,0.0152801,0.0175487,0.02352,0.0,0.0,0.0,0.0320454,0.0320454,0.0320454,0.0763065,0.0189587,0.0127899,0.0189587,0.0527865,0.248552,0.248516,0.248549,0.24856,0.0,0.0,0.0,0.0,-9999,-9999
200603,-19.355,1.0,98.2095,55.666,0.995968,151.606,0.0,0.462,1.0,97.889,0.0,0.0,1.0,3.136,0.0,-9999,-9999,-9999,-9999,114.09811828,1.0,-9999,-9999,391.326,0.0,-10.779,-12.945,-11.413,0.75,1.0,1.0,-9999,-9999,-9999,1.0,0.979512,0.0,-9999,-9999,-2.20441,0.0,-9999,-9999,0.0149964,0.0,-9999,0.00811762,0.0128896,0.0157557,0.0,0.0,0.0,0.0320372,0.0320372,0.0320372,0.0829669,0.0252325,0.0170409,0.0252325,0.0672112,0.248552,0.248516,0.248549,0.24856,0.0,0.0,0.0,0.0,-9999,-9999
200604,-8.939,1.0,248.324,136.145,0.995833,215.396,0.0,0.854,1.0,96.096,0.0,1.192,0.997222,3.729,0.0,-9999,-9999,-9999,-9999,306.298470745,0.999305555556,-9999,-9999,390.322,0.0,-10.138,-11.733,-11.416,1.0,1.0,1.0,-9999,-9999,-9999,1.0,1.06463,0.0,-9999,-9999,-1.23976,0.0,-9999,-9999,0.055803,0.0,-9999,0.0463989,0.053368,0.055493,0.0,0.0,0.0,0.197264,0.197264,0.197264,0.2559,0.15087,0.141461,0.151281,0.202532,0.248552,0.248516,0.248549,0.24856,0.0,0.0,0.0,0.0,-9999,-9999
200605,-2.539,1.0,410.789,256.57,0.978495,231.69,0.0,1.309,1.0,97.507,0.0,0.71,1.0,2.175,0.129032,-9999,-9999,-9999,-9999,555.873520926,0.983198924731,-9999,-9999,390.021,0.307124,-5.675,-7.209,-8.657,1.0,1.0,1.0,-9999,-9999,-9999,1.0,1.88475,0.303763,-9999,0.0915167,0.668546,0.305108,-9999,0.253638,0.0411254,0.211022,0.00482116,0.03296,0.0418778,0.042559,0.209677,0.211022,0.239247,0.321349,0.321349,0.321349,0.371858,0.289671,0.279945,0.289924,0.329168,0.248552,0.248516,0.248549,0.24856,0.0,0.0,0.0,0.0,-9999,-9999
200606,1.038,1.0,492.447,309.546,0.99375,249.037,0.0,1.305,1.0,96.413,0.0,0.003,1.0,1.334,0.977778,0.0877413211159,0.974305555556,-9999,-9999,656.133910776,0.979166666667,-9999,-9999,389.338,1.0,1.821,-0.443,-2.7,1.0,1.0,1.0,-9999,-9999,-9999,1.0,3.40773,1.0,-9999,0.148688,4.73298,1.0,-9999,0.296324,0.0981056,0.921528,0.0040747,0.0998942,0.100497,0.102135,0.910417,0.927778,0.927083,0.445944,0.445944,0.445944,0.453275,0.345482,0.345447,0.347839,0.35171,0.248552,0.248516,0.248549,0.24856,0.0,0.0,0.0,0.0,-9999,-9999
200607,6.628,1.0,456.495,254.273,0.997984,276.792,0.0,2.811,1.0,96.576,0.0,0.384,1.0,2.103,0.989247,0.152506669364,0.985215053763,-9999,-9999,543.056088681,0.992607526882,-9999,-9999,380.243,1.0,11.382,7.162,0.354,1.0,1.0,1.0,-9999,-9999,-9999,1.0,33.747,0.999328,-9999,0.314946,70.8368,1.0,-9999,0.618342,-0.432141,0.995296,0.00902354,-0.437177,-0.432038,-0.424306,0.995296,0.995296,0.99328,0.706903,0.588011,0.701919,0.706903,1.13121,1.02788,1.12389,1.13259,0.248552,0.248516,0.248549,0.24856,0.0,0.0,0.0,0.0,-9999,-9999
200608,5.502,0.994624,316.075,155.748,0.990591,261.277,0.0,2.591,0.994624,96.893,0.0,0.068,0.908602,2.287,0.846774,0.155799829464,0.828629032258,-9999,-9999,333.228227402,0.989247311828,-9999,-9999,378.835,0.974462,7.21,5.884,1.863,0.991935,0.992608,0.991935,-9999,-9999,-9999,1.0,18.7336,0.969758,-9999,0.275897,40.3643,0.966398,-9999,0.457907,-0.466948,0.958333,0.00937796,-0.468806,-0.465412,-0.461525,0.956317,0.958333,0.954301,0.699345,0.632337,0.696821,0.713702,1.1682,1.08917,1.16574,1.17911,0.248552,0.248516,0.248549,0.24856,0.0,0.0,0.0,0.0,-9999,-9999
200609,-0.755,1.0,155.758,74.196,1.0,241.4,0.0,1.48,1.0,96.749,0.0,0.1,1.0,2.202,0.0,-9999,-9999,-9999,-9999,153.45715387,0.997916666667,-9999,-9999,381.396,0.0388889,-1.409,-0.137,-0.099,1.0,1.0,1.0,-9999,-9999,-9999,1.0,10.9732,0.036806,-9999,0.367906,17.3636,0.036806,-9999,0.692164,0.113526,0.0256944,0.0132472,0.0827953,0.113526,0.114222,0.00694444,0.0256944,0.0256944,0.548147,0.548147,0.548147,0.57369,0.476937,0.438669,0.459069,0.46996,0.248552,0.248516,0.248549,0.24856,0.0,0.0,0.0,0.0,-9999,-9999
200610,-11.043,1.0,38.3354,14.864,1.0,201.666,0.0,0.776,1.0,97.622,0.0,0.348,1.0,2.661,0.0,-9999,-9999,-9999,-9999,30.7110215054,1.0,-9999,-9999,382.447,0.0,-11.526,-9.085,-3.728,1.0,1.0,1.0,-9999,-9999,-9999,1.0,5.96672,0.0,-9999,-9999,-3.51109,0.0,-9999,-9999,0.415669,0.0,-9999,0.382835,0.415669,0.4251,0.0,0.0,0.0,0.167772,0.167772,0.167772,0.27834,-0.215005,-0.246092,-0.215005,-0.146903,0.248552,0.248516,0.248549,0.24856,0.0,0.0,0.0,0.0,-9999,-9999
200611,-15.914,1.0,0.216524,0.148,1.0,175.972,0.0,0.776,1.0,96.017,0.0,0.287,1.0,3.888,0.0,-9999,-9999,-9999,-9999,0.443055555556,1.0,-9999,-9999,381.666,0.0,-16.848,-15.358,-10.982,1.0,1.0,1.0,-9999,-9999,-9999,1.0,13.191,0.0,-9999,-9999,17.9623,0.0,-9999,-9999,0.0842913,0.0,-9999,0.0192524,0.0845328,0.0988169,0.0,0.0,0.0,0.0947005,0.0947005,0.0947005,0.178223,0.0809438,0.0172791,0.0794061,0.0809438,0.248552,0.248516,0.248549,0.24856,0.0,0.0,0.0,0.0,-9999,-9999
200612,-18.021,1.0,0.0,0.0,1.0,172.606,0.0,0.521,1.0,95.469,0.0,0.329,1.0,3.373,0.0,-9999,-9999,-9999,-9999,0.0,1.0,-9999,-9999,381.26,0.0,-17.957,-16.626,-12.959,1.0,1.0,1.0,-9999,-9999,-9999,1.0,17.6297,0.0,-9999,-9999,31.1068,0.0,-9999,-9999,-0.156706,0.0,-9999,-0.194725,-0.156388,-0.13821,0.0,0.0,0.0,0.0492667,0.0492667,0.0492667,0.129829,0.252007,0.217417,0.252007,0.268038,0.248552,0.248516,0.248549,0.24856,0.0,0.0,0.0,0.0,-9999,-9999
200701,-20.625,1.0,0.0,0.0,1.0,155.567,0.0,0.599,1.0,95.612,0.0,0.745,1.0,3.566,0.0,-9999,-9999,-9999,-9999,0.0,0.999327956989,-9999,-9999,390.391,0.0,-19.688,-18.532,-15.026,1.0,1.0,1.0,-9999,-9999,-9999,1.0,7.77678,0.0,-9999,-9999,12.8437,0.0,-9999,-9999,-0.0931725,0.0,-9999,-0.124645,-0.0937608,-0.0908185,0.0,0.0,0.0,0.0445164,2.16193e-08,0.0290817,0.0760544,0.17669,0.102541,0.129153,0.171253,0.0259901,0.023994,0.0256162,0.0269806,0.0,0.0,0.0,0.0,-9999,-9999
200702,-20.094,1.0,11.4992,6.692,0.995536,165.279,0.0,0.401,1.0,97.062,0.0,0.764,0.998512,2.922,0.0,-9999,-9999,-9999,-9999,10.3630952381,1.0,-9999,-9999,394.783,0.0,-17.121,-16.512,-14.465,1.0,1.0,1.0,-9999,-9999,-9999,1.0,3.08794,0.0,-9999,-9999,3.95903,0.0,-9999,-9999,-0.0124027,0.0,-9999,-0.0305263,-0.0139757,-0.0124027,0.0,0.0,0.0,0.0490008,0.0,0.0334984,0.0830503,0.08778,0.0187003,0.0488272,0.08778,0.0173305,0.0156252,0.0170812,0.0179724,0.0290205,0.0264385,0.0275387,0.0292848,-9999,-9999
200703,-17.596,1.0,98.2095,53.502,0.987903,171.097,0.0,0.537,1.0,95.91,0.0,0.545,1.0,3.561,0.0,-9999,-9999,-9999,-9999,108.428706246,0.999327956989,-9999,-9999,394.647,0.0,-15.314,-14.985,-13.678,1.0,1.0,1.0,-9999,-9999,-9999,1.0,1.66074,0.0,-9999,-9999,0.689653,0.0,-9999,-9999,-0.0179237,0.0,-9999,-0.0239943,-0.0201445,-0.0179237,0.0,0.0,0.0,0.0571785,0.0,0.037635,0.0596234,0.0847195,0.0210431,0.0508397,0.0847195,0.00713181,0.00631077,0.00702917,0.00738931,0.208692,0.193323,0.200297,0.211053,-9999,-9999
200704,-13.075,1.0,248.324,166.746,0.997222,170.8,0.0,0.931,1.0,96.617,0.0,0.14,1.0,2.79,0.0,-9999,-9999,-9999,-9999,342.856380868,0.995138888889,-9999,-9999,393.592,0.0,-14.186,-14.017,-13.105,1.0,1.0,1.0,-9999,-9999,-9999,1.0,1.9775,0.0,-9999,-9999,0.828557,0.0,-9999,-9999,0.0641522,0.0,-9999,0.0443586,0.0620036,0.0639392,0.0,0.0,0.0,0.0781316,0.0,0.0560028,0.138778,0.0346188,-0.0459949,0.0132089,0.0712891,0.0245363,0.0219773,0.0241833,0.0254371,0.568255,0.536731,0.553278,0.576126,-9999,-9999
200705,-5.236,1.0,410.789,257.188,0.985215,222.171,0.0,1.103,1.0,97.09,0.0,0.052,1.0,1.948,0.135753,-9999,-9999,-9999,-9999,547.389417002,0.993951612903,-9999,-9999,394.018,0.334005,-9.51,-10.184,-10.894,1.0,1.0,1.0,-9999,-9999,-9999,1.0,1.93202,0.333333,-9999,0.110238,2.94993,0.333333,-9999,0.201658,-0.0124731,0.245296,0.00531263,-0.0223064,-0.0146597,-0.0126922,0.244624,0.250672,0.245296,0.11487,1.95271e-08,0.0913539,0.386466,0.142195,0.0279607,0.103844,0.368682,0.109864,0.099926,0.108284,0.113982,0.834227,0.79259,0.815742,0.846407,-9999,-9999
200706,3.318,1.0,492.447,283.951,0.992361,265.903,0.0,1.922,1.0,97.298,0.0,0.31,1.0,1.871,0.997917,0.136085627961,0.990972222222,-9999,-9999,597.610246257,0.986111111111,-9999,-9999,389.999,1.0,6.115,2.474,-2.584,1.0,1.0,1.0,-9999,-9999,-9999,1.0,25.0546,0.999306,-9999,0.336507,59.519,0.999306,-9999,0.825524,-0.155572,0.973611,0.00758212,-0.156239,-0.155635,-0.154511,0.973611,0.9625,0.964583,0.15263,6.65873e-07,0.13177,0.845404,0.307141,0.157321,0.28349,1.00141,0.384578,0.362694,0.38085,0.398453,0.932879,0.895213,0.917261,0.944009,-9999,-9999
200707,5.879,1.0,456.503,249.373,0.998656,274.378,0.0,2.366,1.0,97.153,0.0,0.265,0.99328,1.893,0.991263,0.145743081505,0.986559139785,-9999,-9999,528.924791797,0.997311827957,-9999,-9999,380.624,1.0,11.381,7.951,0.947,1.0,1.0,1.0,-9999,-9999,-9999,1.0,24.251,1.0,-9999,0.203952,82.4017,1.0,-9999,0.53154,-0.829957,0.988575,0.00951486,-0.830777,-0.830102,-0.828973,0.988575,0.988575,0.989919,0.163127,9.05917e-07,0.143689,0.995068,0.9964,0.830995,0.975063,1.82516,0.957671,0.951601,0.960397,0.975828,1.79957,1.78845,1.80109,1.81588,-9999,-9999
200708,6.594,1.0,316.075,148.344,0.998656,261.789,0.0,3.013,1.0,96.814,0.0,0.197,1.0,2.212,0.903226,0.148658481844,0.856182795699,-9999,-9999,315.785116682,0.994623655914,-9999,-9999,379.844,0.997312,7.119,5.188,1.099,1.0,1.0,1.0,-9999,-9999,-9999,1.0,24.4681,0.381048,-9999,0.291208,32.3915,0.997312,-9999,0.527537,-0.0857618,0.992608,0.00880934,-0.0929207,-0.0763309,-0.0476512,0.992608,0.99328,0.988575,0.386044,0.250342,0.365403,0.705066,0.433796,0.343257,0.404836,0.796757,1.02128,0.834486,0.962086,1.00807,0.916164,0.796559,0.889091,0.913665,-9999,-9999
200709,-1.231,1.0,155.758,74.512,1.0,234.33,0.0,1.93,1.0,96.704,0.0,0.107,1.0,2.411,0.964583,0.152487748042,0.961805555556,-9999,-9999,156.580112293,0.998611111111,-9999,-9999,379.164,1.0,-2.458,-1.009,-0.684,1.0,1.0,1.0,-9999,-9999,-9999,1.0,5.97149,0.997917,-9999,0.151449,7.21944,1.0,-9999,0.398823,0.166116,0.981944,0.00605738,0.163664,0.166365,0.175524,0.981944,0.981944,0.9875,0.276126,0.272457,0.273566,0.277684,0.112462,0.106341,0.107167,0.110041,0.381932,0.355128,0.381688,0.398987,0.169603,0.136824,0.162126,0.172969,-9999,-9999
200710,-10.086,1.0,38.3354,17.859,1.0,198.588,0.0,1.166,1.0,96.209,0.0,0.61,0.998656,3.393,0.891129,0.169130491667,0.888440860215,-9999,-9999,37.5067204301,1.0,-9999,-9999,387.267,0.998656,-12.269,-10.531,-5.524,1.0,1.0,1.0,-9999,-9999,-9999,1.0,3.51899,0.998656,-9999,0.135567,-17.2402,0.998656,-9999,0.435682,0.00265252,0.971102,0.00444578,0.00358656,0.00471728,0.00647338,0.971102,0.969758,0.971102,0.010649,0.00673829,0.00719705,0.00909699,0.00514214,0.000561233,0.00310332,0.00492386,0.0191442,0.0237594,0.0596411,0.0874725,0.00808769,0.00997926,0.0235957,0.0380922,-9999,-9999
200711,-14.928,1.0,0.216524,0.165,1.0,169.339,0.0,0.908,1.0,96.515,0.0,0.293,1.0,3.804,0.0,-9999,-9999,-9999,-9999,0.45,1.0,-9999,-9999,388.447,0.0319444,-16.432,-15.164,-10.794,1.0,1.0,1.0,-9999,-9999,-9999,1.0,1.97679,0.027083,-9999,0.342378,-11.2531,0.027083,-9999,0.711195,-0.0152866,0.0375,0.00665281,-0.00936547,-0.00736562,-0.00450637,0.0402778,0.0402778,0.0465278,0.0241185,0.0078299,0.00909016,0.0176761,0.0268435,0.0152557,0.0178667,0.0243768,0.0075621,0.00471858,0.00709805,0.0301987,0.00100165,0.000923486,0.00100229,0.00152303,-9999,-9999
200712,-17.764,1.0,0.0,0.0,1.0,168.27,0.0,0.533,1.0,95.841,0.0,1.113,1.0,3.177,0.0,-9999,-9999,-9999,-9999,0.0,1.0,-9999,-9999,387.02,0.0,-15.851,-15.218,-12.358,1.0,1.0,1.0,-9999,-9999,-9999,1.0,3.3221,0.0,-9999,-9999,-13.2235,0.0,-9999,-9999,-0.0107708,0.0,-9999,-0.00785743,-0.00720308,-0.00426782,0.0,0.0,0.0,0.0198612,0.00592465,0.00693868,0.0137831,0.0238684,0.0128288,0.014472,0.0190399,0.00586879,0.00363943,0.00545464,0.0243561,0.0,0.0,0.0,0.0,-9999,-9999
200801,-20.49,1.0,0.0,0.0,1.0,169.558,0.0,0.328,1.0,96.078,0.0,0.206,1.0,3.153,0.0,-9999,-9999,-9999,-9999,0.0,0.999327956989,-9999,-9999,388.581,0.0,-13.293,-13.596,-12.125,1.0,1.0,1.0,-9999,-9999,-9999,1.0,0.642839,0.0,-9999,-9999,-10.5722,0.0,-9999,-9999,0.00340045,0.0,-9999,0.00329579,0.00494669,0.00588281,0.0,0.0,0.0,0.0871152,0.0793716,0.0850787,0.134335,0.0838194,0.0735833,0.0807327,0.123938,0.252288,0.0981041,0.0981094,0.26019,0.0,0.0,0.0,0.0,-9999,-9999
200802,-14.223,1.0,12.508,5.298,1.0,196.462,0.0,0.432,1.0,95.479,0.0,0.883,1.0,4.581,0.0,-9999,-9999,-9999,-9999,10.9712643678,1.0,-9999,-9999,389.722,0.0,-12.148,-12.601,-11.588,1.0,1.0,1.0,-9999,-9999,-9999,1.0,-0.447485,0.0,-9999,-9999,-8.67382,0.0,-9999,-9999,0.0376404,0.0,-9999,0.0364853,0.0388313,0.0407739,0.0,0.0,0.0,0.20578,0.191134,0.198453,0.390682,0.173805,0.151978,0.162739,0.357411,0.36494,0.14191,0.141918,0.376372,0.00742797,0.00742797,0.0121418,0.0130971,-9999,-9999
200803,-21.848,1.0,102.391,63.182,0.986559,149.05,0.0,0.386,1.0,96.85,0.0,0.21,1.0,2.855,0.169355,-9999,-9999,-9999,-9999,123.99910013,0.997311827957,-9999,-9999,389.041,0.255376,-11.339,-11.722,-10.945,1.0,1.0,1.0,-9999,-9999,-9999,1.0,0.00495431,0.374328,-9999,0.029873,-11.3071,0.36828,-9999,0.469044,0.0157771,0.141129,0.00257109,0.0166311,0.019429,0.0256949,0.141129,0.144489,0.140457,0.0734523,0.0669443,0.0717191,0.114903,0.0516538,0.0493034,0.0506957,0.068927,0.226744,0.0881712,0.088176,0.233846,0.0881958,0.0457528,0.0459485,0.0898393,-9999,-9999
200804,-15.643,1.0,253.815,170.861,0.992361,164.288,0.0,0.68,1.0,97.832,0.0,0.237,1.0,2.55,0.99375,0.0887441420673,0.986111111111,-9999,-9999,353.929166752,0.994444444444,-9999,-9999,388.035,0.999306,-12.066,-12.438,-11.425,1.0,1.0,1.0,-9999,-9999,-9999,1.0,0.744738,0.999306,-9999,0.0763368,-9.97554,0.999306,-9999,0.366252,0.0371771,0.834722,0.00430913,0.0351479,0.0384866,0.040156,0.819444,0.8625,0.834722,0.0343305,0.0345421,0.0418374,0.0720391,-0.00386124,-0.000719041,0.00894262,0.0291959,0.251197,0.178298,0.180287,0.257575,0.160756,0.0980782,0.111943,0.162629,-9999,-9999
200805,-4.607,1.0,415.236,269.18,0.971102,220.741,0.0,1.168,1.0,97.836,0.0,0.213,1.0,1.794,0.964382,0.0840437002965,0.950940860215,-9999,-9999,573.565558573,0.994623655914,-9999,-9999,382.391,1.0,-9.006,-10.295,-10.528,1.0,1.0,1.0,-9999,-9999,-9999,1.0,1.82796,0.999328,-9999,0.0874204,-3.2548,1.0,-9999,0.260732,0.0595989,0.764113,0.00512534,0.0566413,0.0583598,0.0598177,0.833333,0.760753,0.764785,0.156474,0.0900761,0.116387,0.155767,0.0997477,0.0283756,0.0571845,0.0997584,0.113011,0.113011,0.114475,0.268254,0.00569793,0.00557648,0.0070821,0.162853,-9999,-9999
200806,5.171,1.0,493.136,282.785,0.9875,261.952,0.0,2.5,1.0,97.528,0.0,0.09,1.0,1.51,0.995833,0.0908562809232,0.99375,-9999,-9999,602.670097934,0.988888888889,-9999,-9999,383.703,1.0,2.013,0.183,-2.738,1.0,1.0,1.0,-9999,-9999,-9999,1.0,9.76681,0.999306,-9999,0.281857,5.53945,0.999306,-9999,0.499991,0.253783,0.756944,0.00873414,0.243655,0.253783,0.264988,0.788194,0.756944,0.725694,0.481711,0.426072,0.432567,0.479808,0.216722,0.181179,0.189482,0.213568,0.223246,0.22031,0.223257,0.890391,0.0276113,0.0217652,0.0276113,1.17863,-9999,-9999
200807,8.731,1.0,453.417,259.691,1.0,272.602,0.0,3.726,1.0,97.122,0.0,0.255,1.0,2.333,0.99664,0.164565379966,0.995295698925,-9999,-9999,549.359239628,0.997983870968,-9999,-9999,377.093,1.0,11.27,7.779,0.301,1.0,1.0,1.0,-9999,-9999,-9999,1.0,30.9394,1.0,-9999,0.244764,76.8139,1.0,-9999,0.536545,-0.586804,0.994624,0.00897463,-0.594282,-0.586804,-0.584992,0.993952,0.994624,0.992608,0.816961,0.791642,0.808535,0.824229,1.41239,1.37659,1.40507,1.41846,0.749798,0.74857,0.753295,0.947606,1.39903,1.37568,1.39887,1.48229,-9999,-9999
200808,6.908,1.0,310.595,140.047,1.0,267.868,0.0,2.494,1.0,96.701,0.0,1.584,0.991935,2.74,0.950941,0.181505951944,0.934139784946,-9999,-9999,291.659771232,0.993951612903,-9999,-9999,371.249,0.999328,7.456,5.422,1.216,1.0,1.0,1.0,-9999,-9999,-9999,1.0,17.2243,0.999328,-9999,0.238358,31.9873,0.999328,-9999,0.410924,-0.188185,0.992608,0.00937867,-0.189991,-0.186926,-0.184888,0.992608,0.992608,0.985887,0.860585,0.85659,0.85839,0.865454,1.04279,1.04205,1.04468,1.04986,1.02985,0.886191,1.05511,1.08368,1.1509,0.842148,1.1836,1.2085,-9999,-9999
200809,0.668,1.0,151.015,59.779,1.0,253.77,0.0,1.146,1.0,96.29,0.0,1.553,1.0,3.01,0.911806,0.148353927467,0.911805555556,-9999,-9999,123.986377069,0.998611111111,-9999,-9999,369.933,1.0,0.583,0.508,-0.394,1.0,1.0,1.0,-9999,-9999,-9999,1.0,6.83104,1.0,-9999,0.128227,2.99159,1.0,-9999,0.274098,0.250719,0.996528,0.00484885,0.247376,0.250429,0.250914,0.996528,0.996528,0.996528,0.367739,0.367739,0.370808,0.371776,0.117619,0.118995,0.120401,0.123015,0.398693,0.39327,0.409602,0.419477,0.144018,0.141357,0.148469,0.151684,-9999,-9999
200810,-10.683,1.0,35.6672,17.575,1.0,172.737,0.0,1.091,1.0,96.159,0.0,0.084,1.0,3.911,0.403898,-9999,-9999,-9999,-9999,34.2405913978,1.0,-9999,-9999,378.404,0.805108,-8.694,-7.004,-2.593,1.0,1.0,1.0,-9999,-9999,-9999,1.0,5.41604,0.805108,-9999,0.096142,-20.7315,0.893145,-9999,0.366272,0.0477913,0.723118,0.00448246,0.0453972,0.0480599,0.0502574,0.725806,0.723118,0.723118,0.0513521,0.0498928,0.0513521,0.0543812,0.00107045,0.00107045,0.00232718,0.00412381,0.0374003,0.0377514,0.0686092,0.0696939,0.00533285,0.0,0.0,0.00531975,-9999,-9999
200811,-16.08,1.0,0.118214,0.122,1.0,167.629,0.0,0.692,1.0,96.633,0.0,0.163,1.0,3.371,0.0,-9999,-9999,-9999,-9999,0.283333333333,1.0,-9999,-9999,381.92,0.0333333,-18.235,-17.325,-12.458,1.0,1.0,1.0,-9999,-9999,-9999,1.0,2.41811,0.03125,-9999,0.0877433,-20.0025,0.032639,-9999,0.65789,0.0356293,0.0319444,0.00722413,0.0362929,0.037945,0.0423441,0.0319444,0.0319444,0.0319444,0.101617,0.0798049,0.0864295,0.0905609,0.052191,0.0440331,0.0455127,0.0520665,0.00145287,0.00149289,0.0218041,0.0225597,0.000712162,0.0,0.0,0.000707293,-9999,-9999
200812,-15.349,1.0,0.0,0.0,1.0,181.851,0.0,0.639,1.0,95.878,0.0,1.165,1.0,3.994,0.0,-9999,-9999,-9999,-9999,0.0,1.0,-9999,-9999,381.897,0.0,-15.779,-16.039,-14.055,1.0,1.0,1.0,-9999,-9999,-9999,1.0,3.28073,0.0,-9999,-9999,-20.2355,0.0,-9999,-9999,0.0272683,0.0,-9999,0.0290965,0.0311253,0.0345373,0.0,0.0,0.0,0.12191,0.0987187,0.104729,0.12191,0.0791928,0.0681065,0.0734807,0.080254,0.00331022,0.00365493,0.0487144,0.0488874,0.0,0.0,0.0,0.0,-9999,-9999
200901,-16.944,1.0,0.0,0.0,1.0,184.298,0.0,0.502,1.0,95.872,0.0,0.442,1.0,3.638,0.0,-9999,-9999,-9999,-9999,0.0,0.999327956989,0.0,0.999327956989,383.193,0.0,-15.689,-16.0,-14.198,1.0,1.0,1.0,-9999,-9999,-9999,1.0,0.456386,0.0,-9999,-9999,-14.3778,0.0,-9999,-9999,0.0328059,0.0,-9999,0.0326803,0.0337899,0.041101,0.0,0.0,0.0,0.133951,0.14872,0.16429,0.236422,0.0857391,0.107624,0.132106,0.203742,0.0603373,0.046698,0.0595857,0.0812377,0.0,0.0,0.0,0.0,-9999,-9999
200902,-23.777,1.0,11.4992,7.163,1.0,140.771,0.0,0.323,1.0,97.042,0.0,0.064,1.0,2.767,0.0,-9999,-9999,-9999,-9999,12.9925595238,1.0,5.83898809524,1.0,370.571,0.0,-16.938,-16.936,-14.696,1.0,1.0,1.0,-9999,-9999,-9999,1.0,3.57759,0.0,-9999,-9999,-9.08359,0.0,-9999,-9999,0.102619,0.0,-9999,0.0920687,0.102619,0.109192,0.0,0.0,0.0,0.0349191,0.0420811,0.0510685,0.103999,-0.0737735,-0.0605383,-0.0406919,-0.0300133,0.0364466,0.0146155,0.0359927,0.0490715,0.0,0.0,0.00120601,0.0016626,-9999,-9999
200903,-21.753,1.0,98.2095,65.16,1.0,140.417,0.0,0.429,1.0,96.923,0.0,0.013,1.0,3.085,0.0,-9999,-9999,-9999,-9999,123.88844086,1.0,51.2581989247,1.0,369.404,0.0,-18.315,-18.54,-16.622,1.0,1.0,1.0,-9999,-9999,-9999,1.0,2.40502,0.0,-9999,-9999,-1.74997,0.0,-9999,-9999,0.173005,0.0,-9999,0.161409,0.164557,0.168572,0.0,0.0,0.0,0.0470229,0.0562176,0.0675748,0.131698,-0.105669,-0.111003,-0.0956264,-0.0328594,0.0433839,0.0193255,0.0428435,0.0584118,0.0,0.0,0.0109637,0.0151116,-9999,-9999
200904,-15.861,1.0,248.324,167.29,0.998611,175.403,0.0,0.671,1.0,97.25,0.0,0.0,1.0,2.371,0.0,-9999,-9999,-9999,-9999,335.289756944,1.0,129.239826389,1.0,369.105,0.0,-16.252,-16.951,-16.003,1.0,1.0,1.0,-9999,-9999,-9999,1.0,3.06907,0.0,-9999,-9999,-0.993402,0.0,-9999,-9999,0.191902,0.0,-9999,0.184965,0.191133,0.194563,0.0,0.0,0.0,0.125267,0.141757,0.159923,0.245313,-0.0538025,-0.0528056,-0.0301512,0.0603475,0.0643615,0.0455241,0.0635598,0.0866559,0.0,0.0,0.0281289,0.0387635,-9999,-9999
200905,-1.122,1.0,410.786,251.609,0.998656,251.093,0.0,1.087,1.0,96.623,0.0,0.255,1.0,2.076,0.497312,-9999,-9999,-9999,-9999,537.01906362,0.997983870968,144.934106183,1.0,369.166,0.696237,-5.37,-7.135,-9.666,1.0,1.0,1.0,-9999,-9999,-9999,1.0,8.89994,0.686828,-9999,0.236296,9.72786,0.690188,-9999,0.409897,0.159436,0.475806,0.00313196,0.157928,0.160565,0.168649,0.479167,0.47379,0.456317,0.541079,0.560242,0.570514,0.598783,0.372445,0.398129,0.412586,0.421915,0.111391,0.110581,0.163271,0.170656,0.0,0.0,0.0354237,0.0477416,-9999,-9999
200906,1.883,0.979861,492.438,256.723,0.970139,263.014,0.0,1.136,0.979861,97.392,0.0,0.087,1.0,2.194,0.981944,0.162587579642,0.977083333333,-9999,-9999,526.012122004,0.858333333333,32.9938577586,0.966666666667,366.771,1.0,6.816,2.917,-2.002,1.0,0.999306,1.0,-9999,-9999,-9999,1.0,35.3239,1.0,-9999,0.291547,78.8352,1.0,-9999,0.53399,-0.0554068,0.984028,0.00474634,-0.0559075,-0.0554068,-0.0528357,0.984028,0.984028,0.981944,0.659813,0.671866,0.674906,0.677389,0.712097,0.722991,0.730139,0.733344,0.456711,0.461134,0.811352,1.2529,0.536173,0.541665,0.871228,1.29398,-9999,-9999
200907,7.86,1.0,456.49,230.806,1.0,283.524,0.0,3.56,1.0,97.569,0.0,0.826,1.0,2.665,0.846774,0.19353263251,0.763440860215,-9999,-9999,478.880288686,0.994623655914,30.0483870968,1.0,380.325,1.0,11.354,7.645,0.758,1.0,1.0,1.0,-9999,-9999,-9999,1.0,24.8021,1.0,-9999,0.291941,60.9337,1.0,-9999,0.457831,-0.495956,0.989247,0.00834893,-0.50189,-0.49662,-0.495493,0.991935,0.989919,0.989247,0.926619,0.816647,0.902306,0.924197,1.42351,1.30669,1.39829,1.42015,1.24507,1.19087,1.24621,1.26368,1.7541,1.75237,1.75574,1.78245,-9999,-9999
200908,4.44,1.0,316.075,141.852,1.0,277.264,0.0,1.669,1.0,97.067,0.0,1.01,1.0,2.238,0.924731,0.156741725608,0.921370967742,-9999,-9999,287.369944491,0.993951612903,17.6747983871,1.0,378.567,1.0,5.946,4.576,0.953,1.0,0.998656,1.0,-9999,-9999,-9999,1.0,17.2128,1.0,-9999,0.239751,32.0724,1.0,-9999,0.386308,-0.0430202,0.954301,0.00711053,-0.0513525,-0.0430202,-0.0379241,0.959677,0.954301,0.948925,0.682376,0.645105,0.668948,0.676109,0.7203,0.679085,0.717829,0.721302,0.493009,0.493165,0.512353,0.686786,0.622858,0.625132,0.637978,0.761587,-9999,-9999
200909,-2.225,1.0,155.758,87.509,1.0,227.243,0.0,1.491,1.0,95.861,0.0,0.993,1.0,2.998,0.994444,0.149747663354,0.9625,-9999,-9999,163.015685386,0.998611111111,24.2470138889,1.0,382.955,0.999306,-1.877,-0.802,-0.798,1.0,1.0,1.0,-9999,-9999,-9999,1.0,6.82682,0.996528,-9999,0.185568,2.5506,0.998611,-9999,0.396315,0.113042,0.959028,0.00624532,0.113278,0.118627,0.124028,0.959028,0.961111,0.936806,0.33675,0.2643,0.267938,0.319468,0.211504,0.146954,0.152861,0.192816,0.313376,0.310268,0.315618,0.347431,0.17319,0.167236,0.17319,0.18093,-9999,-9999
200910,-12.984,1.0,38.3354,19.274,1.0,196.243,0.0,0.874,1.0,97.057,0.0,0.439,1.0,3.244,0.691532,0.102859830606,0.674059139785,-9999,-9999,33.4422043011,1.0,14.6141129032,1.0,391.59,0.902554,-4.225,-3.77,-1.759,1.0,1.0,1.0,-9999,-9999,-9999,1.0,1.04983,0.902554,-9999,0.0816717,-19.133,0.902554,-9999,0.467235,0.158528,0.831317,0.00368468,0.157328,0.159334,0.214879,0.831317,0.831317,0.764785,0.0898466,0.0875969,0.0889969,0.111057,-0.125165,-0.112557,-0.0718197,-0.0462756,0.132012,0.105916,0.13099,0.132012,0.0108001,0.00846083,0.00993404,0.0108001,-9999,-9999
200911,-18.072,1.0,0.216524,0.175,1.0,166.152,0.0,0.477,1.0,96.405,0.0,0.4,1.0,3.25,0.0,-9999,-9999,-9999,-9999,0.405555555556,1.0,0.173958333333,1.0,393.506,0.0,-8.504,-8.443,-6.524,1.0,1.0,1.0,-9999,-9999,-9999,1.0,1.39758,0.0,-9999,0.177269,-19.5185,0.0,-9999,1.28189,0.158633,0.0,0.0174996,0.157958,0.158633,0.215153,0.0,0.0,0.0,0.0566947,0.0510264,0.0519936,0.0808907,-0.159166,-0.130051,-0.107606,-0.0752456,0.0649553,0.050912,0.0649553,0.0667934,0.0,0.0,0.0,0.0,-9999,-9999
200912,-14.961,1.0,0.0,0.0,1.0,182.446,0.0,0.604,1.0,97.559,0.0,0.987,1.0,3.924,0.0,-9999,-9999,-9999,-9999,0.0,1.0,0.0,1.0,392.969,0.0,-9.234,-9.499,-8.219,1.0,1.0,1.0,-9999,-9999,-9999,1.0,3.83001,0.0,-9999,-9999,-23.8268,0.0,-9999,-9999,0.147096,0.0,-9999,0.146014,0.147096,0.20805,0.0,0.0,0.0,0.0936289,0.078926,0.0836644,0.111563,-0.114447,-0.0955031,-0.0681697,-0.0502711,0.0900139,0.0815477,0.0900139,0.0915668,0.0,0.0,0.0,0.0,-9999,-9999
201001,-20.277,1.0,0.0,0.0,1.0,170.055,0.0,0.421,1.0,96.619,0.0,0.868,0.694892,2.87,0.0,-9999,-9999,-9999,-9999,0.0,1.0,0.0,1.0,394.276,0.0,-10.972,-11.268,-9.677,1.0,1.0,1.0,-9999,-9999,-9999,1.0,1.56686,0.0,-9999,-9999,-21.5576,0.0,-9999,-9999,0.128359,0.0,-9999,0.126016,0.128359,0.149924,0.0,0.0,0.0,0.107456,0.118795,0.138345,0.170022,-0.0424674,-0.0317443,0.0168309,0.0416632,0.282609,0.0589086,0.282609,0.291079,0.0,0.0,0.0,0.0,-9999,-9999
201002,-23.52,1.0,11.4992,6.31,1.0,129.822,0.0,0.315,1.0,97.761,0.0,0.017,0.0,3.065,0.0,-9999,-9999,-9999,-9999,11.2321428571,1.0,5.15833333333,1.0,397.308,0.0,-12.337,-12.554,-10.813,1.0,1.0,1.0,-9999,-9999,-9999,1.0,11.4218,0.0,-9999,-9999,-37.4581,0.0,-9999,-9999,-0.0814435,0.0,-9999,-0.0883592,-0.0815502,-0.0814435,0.0,0.0,0.0,0.0546484,0.0631642,0.0791069,0.105462,0.136098,0.144095,0.166716,0.186905,0.216551,0.0189117,0.216551,0.223041,0.0873284,0.0316018,0.0860489,0.0873284,-9999,-9999
201003,-23.864,1.0,98.2095,64.2,1.0,128.269,0.0,0.325,1.0,97.349,0.0,0.114,0.0,2.813,0.0,-9999,-9999,-9999,-9999,116.533602151,1.0,51.3771505376,1.0,397.853,0.0,-13.144,-13.462,-11.79,1.0,1.0,1.0,-9999,-9999,-9999,1.0,8.8278,0.0,-9999,-9999,-33.1964,0.0,-9999,-9999,-0.0939374,0.0,-9999,-0.104608,-0.100862,-0.0939374,0.0,0.0,0.0,0.0469999,0.0549828,0.070523,0.0962924,0.140927,0.154638,0.17196,0.191354,0.208802,0.0139864,0.208802,0.215059,0.555159,0.164104,0.55199,0.555159,-9999,-9999
201004,-12.67,1.0,248.324,154.222,0.997917,184.488,0.0,0.69,1.0,97.166,0.0,0.261,0.793056,2.767,0.0,-9999,-9999,-9999,-9999,301.736979373,0.9875,126.253958333,1.0,397.816,0.0451389,-11.231,-11.971,-11.253,1.0,1.0,1.0,-9999,-9999,-9999,1.0,5.02916,0.04375,-9999,0.295174,-21.2596,0.045833,-9999,1.01176,-0.0715718,0.0236111,0.00673429,-0.0771922,-0.0722147,-0.0718432,0.0208333,0.0236111,0.0236111,0.265539,0.282345,0.307135,0.34626,0.337384,0.352573,0.382243,0.418104,0.438016,0.189766,0.438016,0.451143,1.03706,0.287713,1.03444,1.03706,-9999,-9999
201005,-2.833,1.0,410.789,235.625,1.0,244.888,0.0,1.063,1.0,97.614,0.0,0.506,1.0,3.005,0.84207,0.14290669815,0.834677419355,-9999,-9999,482.662501782,0.99126344086,177.447379032,1.0,395.875,0.968414,-6.252,-8.379,-9.483,1.0,1.0,1.0,-9999,-9999,-9999,1.0,4.39656,0.964382,-9999,0.146135,-9.39114,0.969758,-9999,0.432017,0.0541275,0.892473,0.00381458,0.0496168,0.0541275,0.0617461,0.902554,0.892473,0.876344,0.578747,0.587985,0.599382,0.622202,0.519207,0.52361,0.549765,0.564575,0.62004,0.539728,0.62004,0.639455,1.45439,0.398047,1.4517,1.45526,-9999,-9999
201006,1.878,1.0,492.443,268.514,0.997222,268.183,0.0,1.282,1.0,97.159,0.0,0.443,1.0,1.692,0.988194,0.112417360767,0.986805555556,-9999,-9999,536.637381462,0.9875,94.9965972222,1.0,394.193,0.999306,3.173,0.531,-2.494,1.0,0.998611,1.0,-9999,-9999,-9999,1.0,24.1831,0.998611,-9999,0.29919,34.0545,0.999306,-9999,0.519216,0.340085,0.935417,0.00738886,0.33878,0.340756,0.342411,0.9375,0.926389,0.934028,0.765021,0.757513,0.761434,0.764715,0.420808,0.41824,0.419399,0.422071,0.695238,0.687899,0.695752,0.747918,1.6211,0.476405,1.61856,1.62265,-9999,-9999
201007,5.35,1.0,456.495,261.952,1.0,259.475,0.0,2.045,1.0,96.628,0.0,0.016,1.0,2.214,1.0,0.154853645142,0.997311827957,-9999,-9999,518.249388438,0.987231182796,40.0402553763,1.0,387.2,0.998656,9.673,6.78,0.313,1.0,1.0,1.0,-9999,-9999,-9999,1.0,29.2954,1.0,-9999,0.200492,87.3544,1.0,-9999,0.498741,-0.668377,0.986559,0.00813609,-0.668377,-0.667732,-0.665161,0.986559,0.986559,0.985887,0.910396,0.863353,0.872814,0.903424,1.57491,1.53214,1.54173,1.56231,0.972872,0.929333,0.972872,0.986701,1.77105,1.6219,1.76778,1.77106,-9999,-9999
201008,5.3,1.0,316.075,162.413,0.99664,254.236,0.0,2.72,1.0,97.14,0.0,0.052,1.0,2.107,0.997312,0.143695118775,0.992607526882,-9999,-9999,319.386025318,0.992607526882,26.7051075269,1.0,386.829,1.0,6.572,4.676,0.974,1.0,0.999328,1.0,-9999,-9999,-9999,1.0,18.1009,1.0,-9999,0.196056,41.8792,1.0,-9999,0.421713,0.0817325,0.982527,0.00627708,0.0813851,0.0821902,0.0874867,0.982527,0.982527,0.981855,0.956628,0.898602,0.909294,0.950015,0.869329,0.819361,0.827103,0.851789,1.01859,0.965743,1.01826,1.0301,0.931393,0.902345,0.930931,0.934018,-9999,-9999
201009,-0.574,1.0,155.758,60.177,1.0,251.459,0.0,1.265,1.0,97.12,0.0,0.777,1.0,2.312,0.998611,0.147497134662,0.998611111111,-9999,-9999,120.643115942,0.998611111111,10.985625,1.0,388.219,1.0,-0.825,-0.281,-0.595,1.0,1.0,1.0,-9999,-9999,-9999,1.0,6.99552,1.0,-9999,0.135169,4.7454,1.0,-9999,0.335085,0.389399,0.993056,0.00403332,0.386563,0.388972,0.389431,0.992361,0.99375,0.993056,0.526901,0.514171,0.520297,0.522706,0.141074,0.125707,0.129406,0.139004,0.446493,0.445224,0.446605,0.458252,0.0797619,0.0792823,0.0800374,0.0870968,-9999,-9999
201010,-9.061,1.0,38.3354,14.303,1.0,193.373,0.0,1.04,1.0,96.932,0.0,0.897,1.0,3.674,0.981855,0.180116984852,0.976478494624,-9999,-9999,27.8353494624,1.0,8.95073924731,1.0,395.841,1.0,-7.489,-6.662,-2.9,1.0,1.0,1.0,-9999,-9999,-9999,1.0,3.76523,0.99664,-9999,0.120695,-16.014,0.99664,-9999,0.380215,0.0996586,0.974462,0.00268883,0.099462,0.099939,0.100935,0.974462,0.969086,0.971102,0.110547,0.11103,0.111168,0.112202,0.0115942,0.010698,0.0112705,0.0124151,0.139854,0.139013,0.140957,0.143771,0.0253612,0.0249268,0.0253612,0.0282631,-9999,-9999
201011,-20.52,1.0,0.216524,0.159,1.0,155.257,0.0,0.398,1.0,97.188,0.0,0.017,1.0,2.901,0.0,-9999,-9999,-9999,-9999,0.479166666667,1.0,0.170555555556,1.0,400.677,0.209722,-21.099,-20.402,-13.817,1.0,1.0,1.0,-9999,-9999,-9999,1.0,0.578156,0.209722,-9999,0.0973278,-11.9861,0.210417,-9999,0.522302,0.0136228,0.177083,0.00301705,0.0134716,0.0136228,0.015098,0.177083,0.177083,0.177083,0.00832617,0.00920107,0.0100447,0.0107272,-0.00523746,-0.00441766,-0.00426608,-0.00294402,0.0493815,0.0487958,0.0493815,0.0501892,0.00257269,0.00251971,0.00257269,0.00259148,-9999,-9999
201012,-16.683,1.0,0.0,0.0,1.0,161.148,0.0,0.777,1.0,97.441,0.0,0.235,1.0,3.849,0.0,-9999,-9999,-9999,-9999,0.0,1.0,0.0,1.0,399.57,0.0,-19.214,-19.289,-15.528,1.0,1.0,1.0,-9999,-9999,-9999,1.0,2.12463,0.0,-9999,-9999,-13.6727,0.0,-9999,-9999,0.0263581,0.0,-9999,0.0262097,0.0263581,0.0286012,0.0,0.0,0.0,0.0163467,0.0160397,0.0171002,0.0184857,-0.0100007,-0.0101931,-0.00975247,-0.00915638,0.114349,0.113076,0.114349,0.114833,0.0,0.0,0.0,0.0,-9999,-9999
201101,-20.161,1.0,0.0,0.0,1.0,151.323,0.0,0.438,1.0,96.728,0.0,0.497,1.0,3.713,0.0,-9999,-9999,-24.5035825612,0.999327956989,0.0,1.0,0.0,1.0,400.023,0.0,-20.139,-20.276,-16.523,1.0,1.0,1.0,-9999,-9999,-9999,1.0,0.935608,0.0,-9999,-9999,-11.5815,0.0,-9999,-9999,0.015078,0.0,-9999,0.0151807,0.0152485,0.0177979,0.0,0.0,0.0,0.107168,0.104679,0.110838,0.112862,0.107778,0.10215,0.109284,0.113924,0.420711,0.338343,0.418737,0.420711,0.0,0.0,0.0,0.0,-9999,-9999
201102,-14.438,1.0,11.4992,5.561,1.0,197.886,0.0,0.363,1.0,95.756,0.0,0.725,1.0,3.788,0.0,-9999,-9999,-15.6076636905,1.0,10.2313988095,1.0,5.26488095238,1.0,400.866,0.0,-13.914,-14.825,-14.166,1.0,1.0,1.0,-9999,-9999,-9999,1.0,-1.03992,0.0,-9999,-9999,-11.8507,0.0,-9999,-9999,0.0284015,0.0,-9999,0.0339536,0.0416231,0.0638561,0.0,0.0,0.0,0.107168,0.104679,0.110838,0.112862,0.107778,0.10215,0.109284,0.113924,0.592119,0.338343,0.58934,0.592119,0.0978217,0.0847608,0.0968283,0.0978217,-9999,-9999
201103,-19.182,1.0,98.2095,57.627,1.0,144.045,0.0,0.533,1.0,95.762,0.0,0.081,1.0,3.829,0.0,-9999,-9999,-26.758266129,1.0,107.103494624,1.0,46.6948924731,1.0,401.978,0.0,-15.404,-15.879,-14.048,1.0,1.0,1.0,-9999,-9999,-9999,1.0,-2.05131,0.0,-9999,-9999,-14.5788,0.0,-9999,-9999,0.060292,0.0,-9999,0.0603092,0.0603302,0.0656532,0.0,0.0,0.0,0.107168,0.104679,0.110838,0.112862,0.107778,0.10215,0.109284,0.113924,0.451326,0.338343,0.449208,0.451326,0.558611,0.530756,0.556113,0.558611,-9999,-9999
201104,-12.692,1.0,248.324,139.858,1.0,208.874,0.0,0.668,1.0,95.437,0.0,0.433,0.993056,3.329,0.0,-9999,-9999,-11.7746527778,1.0,282.486480496,0.997916666667,117.725,1.0,401.503,0.118056,-12.907,-13.856,-13.335,1.0,1.0,1.0,-9999,-9999,-9999,1.0,0.659502,0.118056,-9999,0.375719,-8.6177,0.095833,-9999,0.592114,0.0570557,0.0263889,0.00744213,0.0571136,0.0571136,0.0719517,0.0326389,0.0326389,0.0159722,0.107168,0.104679,0.110838,0.112862,0.107778,0.10215,0.109284,0.113924,0.646608,0.338343,0.643574,0.646608,1.01226,0.967225,1.0091,1.01226,-9999,-9999
201105,-3.933,1.0,410.789,253.913,0.997312,231.591,0.0,1.231,1.0,97.426,0.0,0.071,1.0,2.368,0.852151,0.121300188095,0.833333333333,-1.52385752688,1.0,505.700067888,0.991935483871,198.831922043,1.0,399.323,0.977151,-8.384,-9.637,-10.65,1.0,1.0,1.0,-9999,-9999,-9999,1.0,7.84306,0.977151,-9999,0.241122,-3.47155,0.995968,-9999,0.30684,0.0799866,0.801747,0.00207316,0.0822156,0.0831614,0.0858351,0.816532,0.836694,0.789651,0.107168,0.104679,0.110838,0.112862,0.107778,0.10215,0.109284,0.113924,0.886933,0.477483,0.882771,0.886933,1.51264,1.44917,1.51003,1.51358,-9999,-9999
201106,2.349,1.0,492.447,299.182,1.0,244.461,0.0,1.767,1.0,97.722,0.0,0.023,1.0,1.824,0.940972,0.116313301556,0.940277777778,121.882361111,1.0,583.719420675,0.992361111111,83.6277083333,1.0,396.453,0.995833,4.763,1.635,-2.582,1.0,1.0,1.0,-9999,-9999,-9999,1.0,31.1964,0.995139,-9999,0.573614,53.2935,0.995833,-9999,0.951363,0.212964,0.913889,0.00592755,0.213275,0.214684,0.21722,0.907639,0.914583,0.913194,0.107168,0.104679,0.110838,0.112862,0.107778,0.10215,0.109284,0.113924,1.03571,0.876241,1.03085,1.03571,1.68005,1.61148,1.67981,1.68109,-9999,-9999
201107,5.82,1.0,456.498,252.727,1.0,268.362,0.0,2.075,1.0,97.093,0.0,0.177,1.0,2.093,0.96707,0.151542667641,0.959677419355,118.17765457,1.0,493.327265674,0.989919354839,40.5171370968,1.0,383.86,1.0,10.403,7.248,0.776,1.0,1.0,1.0,-9999,-9999,-9999,1.0,27.2506,0.998656,-9999,0.193562,81.9138,0.999328,-9999,0.537081,-0.705335,0.987231,0.00703999,-0.708992,-0.707396,-0.706413,0.987903,0.987231,0.988575,0.107168,0.104679,0.110838,0.112862,0.107778,0.10215,0.109284,0.113924,1.48942,0.930441,1.4837,1.51934,2.14985,1.64094,2.14985,2.18423,-9999,-9999
201108,5.557,1.0,316.075,141.808,0.997984,272.091,0.0,2.333,1.0,97.303,0.0,1.074,1.0,2.011,0.477823,-9999,-9999,59.1690349458,0.820564516129,299.001584901,0.798387096774,23.1709745881,0.986559139785,383.597,0.438172,7.342,5.238,1.296,1.0,0.995968,1.0,-9999,-9999,-9999,1.0,17.7642,0.692876,-9999,0.220491,30.3414,0.696909,-9999,0.435076,-0.289786,0.364247,0.0077399,-0.29088,-0.289494,-0.288951,0.363575,0.364247,0.364247,0.107168,0.104679,0.110838,0.112862,0.107778,0.10215,0.109284,0.113924,1.11694,0.686935,1.12148,1.13614,1.35084,1.1172,1.32642,1.35841,-9999,-9999
201109,-0.78,1.0,155.758,77.222,1.0,237.601,0.0,1.761,1.0,96.262,0.0,1.65,1.0,2.727,0.0,-9999,-9999,4.87298611111,1.0,-9999,-9999,13.6984722222,1.0,385.411,0.0,-1.533,-0.745,-0.706,1.0,1.0,1.0,-9999,-9999,-9999,1.0,12.3539,0.0,-9999,-9999,9.3931,0.0,-9999,-9999,0.102599,0.0,-9999,0.101518,0.104652,0.106188,0.0,0.0,0.0,0.107168,0.104679,0.110838,0.112862,0.107778,0.10215,0.109284,0.113924,0.947442,0.344202,0.923389,0.936456,0.868115,0.677953,0.842327,0.85488,-9999,-9999
201110,-10.19,1.0,38.3354,13.147,1.0,216.472,0.0,0.835,1.0,96.434,0.0,0.835,1.0,3.61,0.0,-9999,-9999,-26.2922083333,0.962365591398,-9999,-9999,9.95040322581,1.0,385.366,0.0,-7.038,-7.109,-3.442,1.0,1.0,1.0,-9999,-9999,-9999,1.0,14.6521,0.0,-9999,-9999,-23.1004,0.0,-9999,-9999,0.186871,0.0,-9999,0.184575,0.189107,0.190404,0.0,0.0,0.0,0.107168,0.104679,0.110838,0.112862,0.107778,0.10215,0.109284,0.113924,0.704559,0.147345,0.686672,0.696389,0.271343,0.179298,0.252108,0.264281,-9999,-9999
201111,-15.977,1.0,0.216524,0.179,1.0,180.463,0.0,0.509,1.0,95.855,0.0,0.733,1.0,3.194,0.0,-9999,-9999,-22.6933333333,1.0,-9999,-9999,0.166597222222,1.0,382.323,0.0,-10.349,-10.918,-8.526,1.0,1.0,1.0,-9999,-9999,-9999,1.0,25.2056,0.0,-9999,-9999,5.11419,0.0,-9999,-9999,-0.542385,0.0,-9999,-0.558133,-0.551518,-0.542385,0.0,0.0,0.0,0.107168,0.104679,0.110838,0.112862,0.107778,0.10215,0.109284,0.113924,0.539389,0.0568556,0.525695,0.533134,0.00583292,0.00324732,0.00516002,0.00562675,-9999,-9999
201112,-18.405,1.0,0.0,0.0,1.0,165.329,0.0,0.428,1.0,95.272,0.0,1.539,1.0,3.604,0.0,-9999,-9999,-25.970610119,0.903225806452,-9999,-9999,0.0,1.0,396.562,0.0,-14.955,-15.38,-12.152,1.0,1.0,1.0,-9999,-9999,-9999,1.0,18.1676,0.0,-9999,-9999,-3.6097,0.0,-9999,-9999,-0.39855,0.0,-9999,-0.441039,-0.401371,-0.358014,0.0,0.0,0.0,0.107168,0.104679,0.110838,0.112862,0.107778,0.10215,0.109284,0.113924,0.464989,0.0519908,0.453184,0.459597,0.0,0.0,0.0,0.0,-9999,-9999
201201,-13.596,1.0,0.0,0.0,1.0,205.974,0.0,0.479,1.0,95.772,0.0,1.11,1.0,4.013,0.0,-9999,-9999,-16.0307051003,0.992607526882,-9999,-9999,0.0,1.0,406.622,0.0,-10.176,-11.081,-10.305,1.0,1.0,1.0,-9999,-9999,-9999,1.0,0.398136,0.0,-9999,-9999,-24.2005,0.0,-9999,-9999,0.0337615,0.0,-9999,0.00734803,0.0281001,0.0771934,0.0,0.0,0.0,0.217143,0.217133,0.222456,0.230675,0.213363,0.153482,0.171557,0.212264,0.739275,0.0135376,0.59666,0.904148,0.0,0.0,0.0,0.0,-9999,-9999
201202,-20.457,1.0,12.508,5.882,1.0,145.262,0.0,0.432,1.0,95.721,0.0,0.486,1.0,3.513,0.0,-9999,-9999,-25.3601762821,0.896551724138,-9999,-9999,5.19640804598,1.0,406.78,0.0,-11.405,-12.147,-10.7,1.0,1.0,1.0,-9999,-9999,-9999,1.0,-0.81488,0.0,-9999,-9999,-25.5444,0.0,-9999,-9999,0.0261782,0.0,-9999,0.00465558,0.0261782,0.0736566,0.0,0.0,0.0,0.0768999,0.0735474,0.0782822,0.0799492,0.0758582,0.0061928,0.0259999,0.0736521,0.49464,0.00247326,0.399218,0.604955,0.15019,0.0532771,0.101128,0.211165,-9999,-9999
201203,-18.903,1.0,102.391,56.427,1.0,169.331,0.0,0.35,1.0,96.092,0.0,0.171,1.0,3.106,0.0,-9999,-9999,-16.1159328684,0.992607526882,-9999,-9999,50.0887096774,1.0,405.674,0.0,-10.969,-11.86,-10.837,1.0,1.0,1.0,-9999,-9999,-9999,1.0,-1.06564,0.0,-9999,-9999,-26.3374,0.0,-9999,-9999,0.026731,0.0,-9999,0.024839,0.0382041,0.0706254,0.0,0.0,0.0,0.102309,0.0982171,0.104263,0.106854,0.0834404,0.0343195,0.0373732,0.0864877,0.552629,0.00412498,0.446021,0.675876,0.780099,0.392984,0.615157,1.07273,-9999,-9999
201204,-19.449,1.0,253.815,174.659,1.0,145.625,0.0,0.459,1.0,97.415,0.0,0.0,1.0,2.077,0.252083,-9999,-9999,-10.9500694444,1.0,-9999,-9999,144.105347222,1.0,405.857,0.633333,-10.861,-11.737,-10.801,1.0,1.0,1.0,-9999,-9999,-9999,1.0,-0.178115,0.263194,-9999,0.174498,-21.8164,0.289583,-9999,1.17804,0.0439761,0.0444444,-9999,0.0249633,0.0432268,0.0914315,0.0277778,0.0444444,0.160417,0.0701484,0.0647819,0.0701484,0.0734953,0.0451851,-0.0220145,0.0258277,0.0434785,0.532966,0.000901091,0.430151,0.651828,1.53304,0.957065,1.31755,2.08523,-9999,-9999
201205,-6.342,1.0,415.236,282.687,1.0,199.001,0.0,1.317,1.0,97.436,0.0,0.081,1.0,1.922,0.903226,0.109903544584,0.883064516129,4.33803763441,1.0,-9999,-9999,226.849865591,1.0,402.652,0.999328,-9.382,-10.393,-10.235,1.0,1.0,1.0,-9999,-9999,-9999,1.0,1.17477,0.952285,-9999,0.0629438,-16.1313,0.976478,-9999,0.482774,0.0653089,0.750672,0.00104574,0.0429526,0.0631564,0.102182,0.677419,0.508065,0.793683,0.436009,0.436009,0.453948,0.47015,0.393057,0.360631,0.372599,0.395461,0.985266,0.0508113,0.795196,1.205,2.19515,1.42214,1.9092,2.98171,-9999,-9999
201206,3.077,1.0,493.136,293.76,1.0,267.454,0.0,1.771,1.0,97.461,0.0,0.05,1.0,1.299,0.979861,0.0952574805299,0.978472222222,73.223125,1.0,-9999,-9999,182.770555556,1.0,398.341,1.0,0.462,-1.605,-4.01,1.0,1.0,1.0,-9999,-9999,-9999,1.0,34.4384,0.384722,-9999,0.435756,9.05267,0.976389,-9999,0.598394,0.0797923,0.340278,0.0342882,0.0464916,0.0656419,0.081408,0.182639,0.49375,0.341667,0.882472,0.882472,0.965509,0.969173,0.821267,0.845789,0.869911,0.900064,1.26394,0.200511,1.02011,1.54582,2.313,1.48565,2.00653,3.14209,-9999,-9999
201207,7.403,1.0,453.417,237.215,0.997984,272.945,0.0,2.804,1.0,96.902,0.0,0.139,1.0,1.97,0.956317,0.145140561559,0.936155913978,140.930443548,1.0,-9999,-9999,31.1504704301,1.0,386.454,0.998656,10.193,6.583,0.174,1.0,1.0,1.0,-9999,-9999,-9999,1.0,34.3088,0.998656,-9999,0.257882,72.1404,0.998656,-9999,0.448884,-0.502729,0.852823,0.0118957,-0.520302,-0.502729,-0.494977,0.84543,0.852823,0.897177,1.14935,1.15173,1.26087,1.27592,1.65151,1.6874,1.76083,1.77611,1.37184,0.386836,1.10719,1.67779,2.07627,1.27057,1.7649,2.82812,-9999,-9999
201208,7.076,1.0,310.595,155.314,1.0,261.481,0.0,3.329,0.998656,96.808,0.0,0.223,1.0,2.364,0.991263,0.161564413649,0.989247311828,71.4475269367,0.952284946237,-9999,-9999,23.5529932367,0.950940860215,382.721,1.0,6.935,5.154,1.215,0.998656,0.998656,0.998656,-9999,-9999,-9999,1.0,20.9029,1.0,-9999,0.231883,33.8429,1.0,-9999,0.419581,-0.300144,0.99664,0.0085985,-0.29564,-0.28677,-0.279257,1.0,1.0,0.957661,1.10313,1.04177,1.05129,1.10101,1.38387,1.3289,1.34459,1.38146,1.21907,0.551488,1.06592,1.19574,1.31711,0.864212,1.1642,1.39973,-9999,-9999
201209,-0.146,1.0,151.015,74.741,1.0,232.861,0.0,2.019,1.0,96.225,0.0,0.06,1.0,2.225,1.0,0.127695673254,0.994444444444,3.55523417313,0.996527777778,156.261111111,1.0,13.8977777778,1.0,387.64,1.0,-1.819,-1.054,-0.89,1.0,1.0,1.0,-9999,-9999,-9999,1.0,7.32915,1.0,-9999,0.156751,5.40924,1.0,-9999,0.317385,0.328191,0.99375,0.00355216,0.327044,0.328454,0.332277,0.993056,0.994444,0.940278,0.405897,0.377461,0.380708,0.401496,0.0597193,0.0486897,0.0566561,0.0629047,0.385358,0.378228,0.38944,0.408657,0.0806246,0.0756408,0.0854315,0.102833,-9999,-9999
201210,-8.641,1.0,35.6672,13.391,1.0,213.336,0.0,0.944,1.0,97.23,0.0,0.129,1.0,2.813,0.851478,0.109402806124,0.822580645161,-35.4359543011,1.0,27.809811828,1.0,9.73017473118,1.0,389.63,0.985887,-8.759,-8.177,-3.938,1.0,1.0,1.0,-9999,-9999,-9999,1.0,1.34701,0.985215,-9999,0.07917,-16.2694,0.985215,-9999,0.418514,0.11571,0.971102,0.00221926,0.105357,0.11571,0.122589,0.980511,0.971102,0.949597,0.120005,0.101639,0.106346,0.118377,-0.00367825,-0.00619548,-0.00428142,-0.00246208,0.189148,0.169237,0.175397,0.183668,0.0160728,0.00891092,0.0134587,0.0160724,-9999,-9999
201211,-15.92,1.0,0.118214,0.12,1.0,174.254,0.0,0.717,1.0,96.656,0.0,0.517,1.0,3.703,0.0,-9999,-9999,-37.7762931034,0.966666666667,0.339583333333,1.0,0.0317361111111,1.0,391.939,0.0798611,-17.439,-17.251,-12.332,1.0,1.0,1.0,-9999,-9999,-9999,1.0,1.77009,0.078472,-9999,0.0582495,-17.7677,0.079861,-9999,0.803673,0.032773,0.0138889,0.0047542,0.0252293,0.0282819,0.0554427,0.0131944,0.0138889,0.0201389,0.031373,0.0,0.0,0.0300536,-0.0280686,-0.0300126,-0.0259584,-0.0250085,0.0537639,0.05449,0.0576937,0.0614449,1.59348e-05,0.0,4.99981e-06,1.56271e-05,-9999,-9999
201212,-21.102,1.0,0.0,0.0,1.0,137.365,0.0,0.402,1.0,97.144,0.0,0.084,1.0,3.253,0.0,-9999,-9999,-27.252934497,0.761424731183,0.0,1.0,0.0,1.0,392.31,0.0,-17.879,-18.089,-14.222,1.0,1.0,1.0,-9999,-9999,-9999,1.0,0.609121,0.0,-9999,-9999,-10.3445,0.0,-9999,-9999,0.0324619,0.0,-9999,0.0253438,0.0274815,0.0572271,0.0,0.0,0.0,0.0108008,0.0,0.0,0.0104161,-0.0513797,-0.0505752,-0.0260616,-0.024871,0.0249545,0.0257576,0.0305323,0.0367812,0.0,0.0,0.0,0.0,-9999,-9999
201301,-18.842,1.0,0.0,0.0,1.0,160.888,0.0,0.491,1.0,96.391,0.0,0.326,1.0,3.274,0.0,-9999,-9999,-25.0391801075,1.0,0.0,1.0,0.0,1.0,393.75,0.0,-17.798,-18.118,-15.166,1.0,1.0,1.0,-9999,-9999,-9999,1.0,-0.0719916,0.0,-9999,-9999,-4.57996,0.0,-9999,-9999,0.037754,0.0,-9999,0.0316555,0.0336706,0.0549632,0.0,0.0,0.0,0.215469,0.186069,0.198501,0.214946,0.155178,0.149512,0.15501,0.170433,0.0703888,0.0704756,0.0706653,0.0708319,0.0,0.0,0.0,0.0,-9999,-9999
201302,-23.065,1.0,11.4992,6.123,1.0,149.106,0.0,0.24,1.0,97.017,0.0,0.118,1.0,2.582,0.0,-9999,-9999,-14.7855707594,0.912202380952,10.4449404762,1.0,5.72001488095,1.0,407.158,0.0,-20.005,-20.309,-16.957,1.0,1.0,1.0,-9999,-9999,-9999,1.0,-0.0596513,0.0,-9999,-9999,-2.61904,0.0,-9999,-9999,0.0161891,0.0,-9999,0.0134707,0.0143924,0.0161891,0.0,0.0,0.0,0.144043,0.119861,0.129634,0.142517,0.125234,0.105873,0.117233,0.122647,0.0509503,0.0510132,0.0511505,0.0512711,0.00140665,0.000357581,0.00148672,0.00150083,-9999,-9999
201303,-20.166,1.0,98.2095,57.678,0.994624,142.963,0.0,0.491,1.0,98.54,0.0,0.01,1.0,2.812,0.0,-9999,-9999,-27.1210349462,1.0,110.515113818,0.997983870968,51.3587365591,1.0,406.239,0.0,-20.578,-21.11,-18.18,1.0,1.0,1.0,-9999,-9999,-9999,1.0,0.011659,0.0,-9999,-9999,-4.25579,0.0,-9999,-9999,0.0197738,0.0,-9999,0.0186,0.0193668,0.0233972,0.0,0.0,0.0,0.191037,0.162586,0.174194,0.189977,0.169368,0.140916,0.147674,0.163345,0.0641958,0.064275,0.064448,0.0646,0.0132436,0.00336716,0.0139973,0.0141302,-9999,-9999
201304,-15.44,1.0,248.324,168.692,0.998611,160.704,0.0,0.739,1.0,97.088,0.0,0.0,1.0,2.452,0.0,-9999,-9999,-16.6943663594,0.984027777778,338.342913583,0.997916666667,138.931875,1.0,405.558,0.125,-16.947,-17.821,-16.439,1.0,1.0,1.0,-9999,-9999,-9999,1.0,0.505527,0.122917,-9999,0.0853262,-1.44599,0.188194,-9999,0.312464,0.00313433,0.107639,0.0037691,3.02119e-05,0.00059511,0.00503376,0.109722,0.111111,0.109722,0.278324,0.246852,0.261551,0.278324,0.274597,0.241184,0.246613,0.266557,0.0861944,0.0863005,0.0865329,0.086737,0.038711,0.00984407,0.0409131,0.041302,-9999,-9999
201305,-3.754,0.984543,410.786,245.633,0.984543,226.645,0.0,1.245,0.983871,97.251,0.0,0.016,0.969086,2.768,0.958333,0.146827534034,0.932123655914,34.564078853,0.98252688172,506.397234085,0.958333333333,164.121111111,0.967741935484,401.244,0.999328,-4.929,-7.393,-10.195,0.985215,0.983871,0.985215,-9999,-9999,-9999,1.0,9.35428,0.999328,-9999,0.146732,15.2033,1.0,-9999,0.471386,0.0922112,0.969086,0.00183509,0.090281,0.090751,0.0922484,0.972446,0.948925,0.969086,0.512648,0.465821,0.506301,0.51316,0.4204,0.37387,0.415068,0.4204,0.154163,0.156139,0.158997,0.159487,0.0514757,0.0298024,0.049625,0.0502593,-9999,-9999
201306,2.893,0.986806,492.425,285.773,0.979861,259.389,0.0,1.675,0.986806,96.528,0.0,0.073,1.0,2.511,0.975,0.180262945201,0.951388888889,172.385019259,0.965972222222,601.62161539,0.952083333333,39.9916666667,0.966666666667,397.614,0.999306,9.458,5.506,-1.33,1.0,0.979167,1.0,-9999,-9999,-9999,1.0,20.3113,0.998611,-9999,0.155868,101.369,0.999306,-9999,0.595972,-0.119353,0.984028,0.00633707,-0.123366,-0.121256,-0.119943,0.989583,0.985417,0.985417,0.639304,0.586287,0.638668,0.641589,0.756286,0.707544,0.75665,0.763712,0.8814,0.762593,0.869653,0.927194,1.05495,0.891728,0.996988,1.10434,-9999,-9999
201307,7.156,1.0,456.49,229.658,1.0,266.404,0.0,3.269,1.0,96.623,0.0,0.229,1.0,2.66,0.819892,0.177423434783,0.805107526882,123.551926047,0.999327956989,473.575828637,0.975134408602,34.3620967742,1.0,393.503,0.997984,10.993,8.065,2.057,1.0,1.0,1.0,-9999,-9999,-9999,1.0,16.9121,0.997984,-9999,0.131888,70.0126,0.997312,-9999,0.484487,-0.586731,0.981183,0.007608,-0.588945,-0.586849,-0.58472,0.983871,0.981183,0.972446,0.715166,0.661943,0.717461,0.726852,1.2991,1.25083,1.30291,1.31724,1.62955,1.347,1.57501,1.64762,2.17389,1.87979,2.12151,2.18922,-9999,-9999
201308,5.398,1.0,316.075,127.294,1.0,270.523,0.0,2.786,1.0,96.175,0.0,1.558,1.0,3.099,0.997984,0.214155950774,0.996639784946,63.5521401622,0.99126344086,268.685329273,0.990591397849,19.6857526882,1.0,391.27,1.0,6.344,4.988,1.783,1.0,1.0,1.0,-9999,-9999,-9999,1.0,9.38971,1.0,-9999,0.157505,30.921,1.0,-9999,0.624353,0.326226,0.989919,0.00636053,0.323594,0.326226,0.331973,0.989919,0.989919,0.988575,0.750493,0.709528,0.724491,0.747284,0.422063,0.383203,0.401147,0.409768,0.620377,0.588264,0.596004,0.603539,0.361658,0.341032,0.343881,0.353191,-9999,-9999
201309,1.352,1.0,155.758,49.835,1.0,282.134,0.0,1.436,1.0,96.305,0.0,4.143,1.0,4.069,0.984722,0.259045219646,0.974305555556,15.5977677815,0.963194444444,110.336858876,0.997916666667,12.6566666667,1.0,392.661,1.0,0.434,0.475,0.039,1.0,1.0,1.0,-9999,-9999,-9999,1.0,8.61727,1.0,-9999,0.189358,-6.81478,1.0,-9999,0.624469,0.221663,1.0,0.00342181,0.219622,0.220416,0.22167,1.0,0.999306,1.0,0.330113,0.326736,0.327329,0.329519,0.107555,0.106674,0.107535,0.10786,0.302941,0.298693,0.301979,0.303299,0.0953864,0.0936458,0.095166,0.09574,-9999,-9999
201310,-11.419,1.0,38.3354,13.765,1.0,189.515,0.0,0.733,1.0,96.88,0.0,0.277,1.0,3.785,0.784274,0.163265976708,0.760080645161,-39.4754907407,0.965725806452,29.8125,1.0,11.8463709677,1.0,399.875,0.999328,-4.221,-2.324,-0.499,1.0,1.0,1.0,-9999,-9999,-9999,1.0,3.61852,0.999328,-9999,0.124897,-13.2295,1.0,-9999,0.342803,0.0996427,0.992608,0.00222438,0.0962085,0.0981712,0.115073,0.992608,0.992608,0.920027,0.0962899,0.0890022,0.090105,0.0974406,-0.0216992,-0.0104174,-0.00838512,-0.00728808,0.0967343,0.0957619,0.0974395,0.107564,0.00389926,0.00423848,0.00438732,0.00567615,-9999,-9999
201311,-19.455,1.0,0.216524,0.178,1.0,134.38,0.0,0.569,1.0,95.894,0.0,0.113,1.0,3.657,0.0,-9999,-9999,-38.7275694444,1.0,0.454861111111,1.0,0.201041666667,1.0,404.08,0.0416667,-16.996,-15.72,-11.6,1.0,1.0,1.0,-9999,-9999,-9999,1.0,-0.224958,0.041667,-9999,0.051163,-7.62082,0.041667,-9999,0.670063,0.0530188,0.0423611,0.00673347,0.0502901,0.0523118,0.0825504,0.0423611,0.0423611,0.0423611,0.0729909,0.0601876,0.0647415,0.0658627,-0.00955948,-0.0315575,0.0122336,0.0131018,0.0417741,0.0395893,0.0417741,0.057776,5.35206e-05,7.26731e-05,9.35451e-05,9.6574e-05,-9999,-9999
201312,-14.31,1.0,0.0,0.0,1.0,183.352,0.0,0.51,1.0,95.638,0.0,0.726,0.998656,4.369,0.0,-9999,-9999,-23.2913978495,1.0,0.0,1.0,0.0,1.0,401.902,0.0,-16.295,-15.936,-14.453,1.0,1.0,1.0,-9999,-9999,-9999,1.0,1.8526,0.0,-9999,-9999,-9.82617,0.0,-9999,-9999,0.069983,0.0,-9999,0.0677512,0.0697143,0.0926788,0.0,0.0,0.0,0.11071,0.0910703,0.101903,0.102455,0.0180307,0.0172987,0.0276239,0.0327212,0.0733436,0.0743839,0.0754272,0.091674,0.0,0.0,0.0,0.0,-9999,-9999
201401,-13.818,1.0,0.0,0.0,1.0,180.926,0.0,0.463,1.0,96.656,0.0,0.914,0.0,3.911,0.0,-9999,-9999,-15.4504704301,1.0,0.0,1.0,0.0,1.0,404.747,0.0,-13.597,-13.287,-12.351,1.0,1.0,1.0,-9999,-9999,-9999,1.0,0.098796,0.0,-9999,-9999,-8.8461,0.0,-9999,-9999,0.0406866,0.0,-9999,0.0385295,0.0404874,0.0550838,0.0,0.0,0.0,0.0736966,0.0701,0.0702924,0.0732748,0.0188593,0.00566868,0.0298323,0.0318026,0.0176741,0.0189027,0.0294547,0.0921541,0.0,0.0,0.0,0.0,-9999,-9999
201402,-19.413,1.0,11.4992,6.703,1.0,131.83,0.0,0.444,1.0,96.287,0.0,0.042,0.0,3.55,0.0,-9999,-9999,-25.940922619,1.0,14.6748511905,1.0,6.7572172619,1.0,408.065,0.0,-13.097,-12.742,-11.832,1.0,1.0,1.0,-9999,-9999,-9999,1.0,0.225904,0.0,-9999,-9999,-8.62088,0.0,-9999,-9999,0.0841417,0.0,-9999,0.0809229,0.0836511,0.0954303,0.0,0.0,0.0,0.0417752,0.0402202,0.0404809,0.0420002,-0.0536551,-0.0536551,-0.0435608,-0.0412416,0.002623,0.00280527,0.0043713,0.0671038,0.0,0.0,0.000820809,0.00111363,-9999,-9999
201403,-17.986,1.0,98.2095,52.473,0.991263,157.431,0.0,0.457,1.0,96.078,0.0,0.582,0.0,3.53,0.0,-9999,-9999,-18.6380088326,0.99126344086,109.486215856,0.987231182796,49.2467284374,0.999327956989,407.822,0.0,-14.157,-13.883,-13.001,1.0,1.0,1.0,-9999,-9999,-9999,1.0,0.34074,0.0,-9999,-9999,-9.98496,0.0,-9999,-9999,0.0603893,0.0,-9999,0.0582805,0.0602132,0.0668599,0.0,0.0,0.0,0.049232,0.0472284,0.0474174,0.049388,-0.0176128,-0.0176128,-0.0116072,-0.0108251,0.00650861,0.006961,0.0108469,0.0734625,0.0,0.0,0.00641966,0.00870715,-9999,-9999
201404,-15.909,1.0,248.324,165.765,1.0,161.878,0.0,0.72,1.0,96.8,0.0,0.098,0.0,2.421,0.351389,-9999,-9999,-18.8457638889,1.0,352.39526994,0.994444444444,143.042291667,1.0,407.194,0.565278,-13.397,-13.21,-12.623,1.0,1.0,1.0,-9999,-9999,-9999,1.0,1.08287,0.565278,-9999,0.0852285,-10.1542,0.564583,-9999,0.373208,0.0457719,0.465972,0.00228409,0.0416529,0.0457719,0.0591039,0.46875,0.465972,0.468056,0.0613722,0.0590006,0.0591438,0.0615023,0.00231433,0.00205947,0.0132737,0.0173187,0.00770722,0.00770847,0.0128444,0.0830607,0.0,0.0,0.0202545,0.0274592,-9999,-9999
201405,-5.559,1.0,410.786,269.375,1.0,219.031,0.0,1.021,1.0,97.295,0.0,0.282,0.0,1.675,0.956317,0.0768112500753,0.931451612903,3.86831896552,0.935483870968,566.430854461,0.984543010753,223.908870968,1.0,405.063,1.0,-10.464,-10.542,-11.006,1.0,1.0,1.0,-9999,-9999,-9999,1.0,1.65758,1.0,-9999,0.0742596,-1.92973,1.0,-9999,0.263397,0.0241174,0.730511,0.00236048,0.0268046,0.030541,0.0328633,0.739919,0.846102,0.828629,0.217364,0.213266,0.213577,0.21666,0.181174,0.180798,0.182993,0.187042,0.0711487,0.0711602,0.118259,0.12725,0.0,0.0,0.0328945,0.0445855,-9999,-9999
201406,1.824,0.973611,492.443,276.343,0.895139,259.994,0.0,1.385,0.972222,97.247,0.0,0.162,0.640278,1.605,0.970139,0.101876102778,0.965972222222,111.918866709,0.86875,602.236108258,0.843055555556,123.393578297,0.852777777778,402.329,1.0,1.092,-1.565,-4.666,0.972222,0.898611,0.972222,-9999,-9999,-9999,1.0,11.5728,0.999306,-9999,0.208658,19.6455,1.0,-9999,0.369617,0.208642,0.74375,0.00306158,0.211945,0.216409,0.218157,0.728472,0.656944,0.78125,0.479354,0.473205,0.474592,0.476303,0.261621,0.255279,0.260489,0.262895,0.268525,0.268582,0.32775,0.3467,0.0434173,0.0547164,0.0831797,0.204029,-9999,-9999
201407,6.776,1.0,456.495,207.967,1.0,277.434,0.0,2.478,1.0,96.948,0.0,1.213,1.0,2.493,1.0,0.174443473793,0.995967741935,126.842516015,0.999327956989,441.187420125,0.986559139785,23.4596102151,1.0,394.549,1.0,8.419,6.194,0.382,1.0,1.0,1.0,-9999,-9999,-9999,1.0,39.1507,1.0,-9999,0.357675,50.7533,1.0,-9999,0.504016,-0.237858,0.981855,0.00692336,-0.247382,-0.237858,-0.22769,0.981183,0.981855,0.984543,0.788117,0.778942,0.780946,0.785528,1.0355,1.00911,1.01683,1.02588,0.523145,0.698647,0.815007,1.25238,0.780206,0.869902,1.03004,1.44204,-9999,-9999
201408,5.579,1.0,316.075,129.766,1.0,262.297,0.0,2.37,1.0,96.996,0.0,0.897,1.0,2.457,1.0,0.163067607527,1.0,64.1020833333,1.0,272.78657779,0.987903225806,16.5938844086,1.0,391.304,1.0,5.715,4.776,1.363,1.0,1.0,1.0,-9999,-9999,-9999,1.0,20.2947,1.0,-9999,0.308109,24.469,1.0,-9999,0.451345,-0.2009,0.989919,0.0066478,-0.206292,-0.1996,-0.192618,0.969758,0.993952,0.998656,0.860235,0.856688,0.857877,0.860069,1.06499,1.05139,1.05813,1.06173,0.682745,0.682745,0.896236,1.02847,0.919979,0.905149,1.07848,1.15807,-9999,-9999
201409,-0.604,1.0,155.758,61.865,1.0,230.641,0.0,1.907,1.0,96.255,0.0,0.497,1.0,2.642,0.986806,0.174216136909,0.978472222222,4.885625,1.0,127.115981858,0.99375,11.6372916667,1.0,392.069,1.0,-1.05,0.055,-0.042,1.0,1.0,1.0,-9999,-9999,-9999,1.0,10.7108,1.0,-9999,0.244961,1.98708,0.998611,-9999,0.449283,0.245015,0.975694,0.00333522,0.242499,0.243607,0.245015,0.997222,0.997222,0.975694,0.328989,0.330153,0.33542,0.336813,0.0855397,0.0864661,0.0896446,0.0930602,0.40623,0.367083,0.379288,0.399343,0.146263,0.124089,0.131034,0.137475,-9999,-9999
201410,-7.716,1.0,38.3354,12.928,1.0,225.075,0.0,0.789,1.0,96.66,0.0,1.813,1.0,4.519,0.555108,0.163357965686,0.541666666667,-21.6066810345,0.935483870968,24.9598191119,0.990591397849,10.8560344828,0.935483870968,396.837,0.727151,-2.503,-1.816,-0.664,1.0,1.0,1.0,-9999,-9999,-9999,1.0,1.67124,0.726478,-9999,0.133089,-14.7917,0.727151,-9999,0.464642,0.165126,0.737231,0.00312699,0.164939,0.165856,0.167164,0.737231,0.74328,0.74328,0.141157,0.139338,0.154391,0.162576,-0.0257861,-0.0265949,-0.0110249,-0.00466739,0.361638,0.286697,0.310302,0.32761,0.0172787,0.0170751,0.0193706,0.0202362,-9999,-9999
201411,-15.194,1.0,0.216524,0.168,1.0,185.157,0.0,0.5,1.0,96.545,0.0,2.45,1.0,2.959,0.0,-9999,-9999,-26.3797413793,0.955555555556,0.449305555556,1.0,0.189722222222,1.0,-9999,-9999,-9.251,-8.618,-6.27,1.0,1.0,1.0,-9999,-9999,-9999,1.0,0.115719,0.0,-9999,0.249054,-11.1389,0.0,-9999,2.86245,0.107932,0.0,0.0190363,0.101621,0.107932,0.111603,0.0,0.0,0.0,0.0587263,0.0583234,0.0780994,0.088715,-0.0465887,-0.0448151,-0.0313164,-0.0237478,0.213418,0.192433,0.200614,0.228704,0.000142088,0.000180679,0.000231969,0.000283835,-9999,-9999
201412,-21.712,1.0,0.0,0.0,1.0,143.421,0.0,0.302,1.0,95.976,0.0,2.329,0.998656,3.396,0.0,-9999,-9999,-26.729233871,1.0,0.0,0.999327956989,0.0,0.999327956989,-9999,-9999,-10.094,-9.565,-8.194,1.0,1.0,1.0,-9999,-9999,-9999,1.0,0.206149,0.0,-9999,-9999,-11.0808,0.0,-9999,-9999,0.106671,0.0,-9999,0.103228,0.106671,0.109485,0.0,0.0,0.0,0.0324583,0.032488,0.0434297,0.0494272,-0.0728723,-0.0694404,-0.0644526,-0.060391,0.117951,0.103882,0.11174,0.12253,0.0,0.0,0.0,0.0,-9999,-9999
