TIMESTAMP,TA_F,TA_F_QC,SW_IN_POT,SW_IN_F,SW_IN_F_QC,LW_IN_F,LW_IN_F_QC,VPD_F,VPD_F_QC,PA_F,PA_F_QC,P_F,P_F_QC,WS_F,WS_F_QC,USTAR,USTAR_QC,NETRAD,NETRAD_QC,PPFD_IN,PPFD_IN_QC,SW_OUT,SW_OUT_QC,LW_OUT,LW_OUT_QC,CO2_F_MDS,CO2_F_MDS_QC,TS_F_MDS_1,TS_F_MDS_1_QC,SWC_F_MDS_1,SWC_F_MDS_2,SWC_F_MDS_1_QC,SWC_F_MDS_2_QC,G_F_MDS,G_F_MDS_QC,LE_F_MDS,LE_F_MDS_QC,LE_CORR,LE_RANDUNC,H_F_MDS,H_F_MDS_QC,H_CORR,H_RANDUNC,NEE_VUT_REF,NEE_VUT_REF_QC,NEE_VUT_REF_RANDUNC,NEE_VUT_25,NEE_VUT_50,NEE_VUT_75,NEE_VUT_25_QC,NEE_VUT_50_QC,NEE_VUT_75_QC,RECO_NT_VUT_REF,RECO_NT_VUT_25,RECO_NT_VUT_50,RECO_NT_VUT_75,GPP_NT_VUT_REF,GPP_NT_VUT_25,GPP_NT_VUT_50,GPP_NT_VUT_75,RECO_DT_VUT_REF,RECO_DT_VUT_25,RECO_DT_VUT_50,RECO_DT_VUT_75,GPP_DT_VUT_REF,GPP_DT_VUT_25,GPP_DT_VUT_50,GPP_DT_VUT_75,RECO_SR,RECO_SR_N
200401,9.983,0.0,174.032,77.037,0.0,328.261,0.0,2.85,0.0,101.004,0.0,1.632,0.0,1.657,0.0,-9999,-9999,-9999,-9999,-9999,-9999,-9999,-9999,-9999,-9999,-9999,-9999,-9999,-9999,30.224,20.525,1.0,1.0,1.29458,0.0322581,56.8079,0.0,69.6758,-9999,35.3939,0.0,43.4113,-9999,-2.07563,0.0,-9999,-2.08005,-2.08005,-2.07518,0.0,0.0,0.0,2.38592,2.26199,2.38592,2.47424,4.31931,4.34205,4.46154,4.53858,2.88476,2.88879,2.93977,3.01116,3.37307,3.36401,3.37271,3.37779,-9999,-9999
200402,10.29,0.0,236.805,113.859,0.0,332.007,0.0,2.849,0.0,101.525,0.0,1.477,0.0,1.424,0.0,-9999,-9999,-9999,-9999,-9999,-9999,-9999,-9999,-9999,-9999,-9999,-9999,-9999,-9999,28.354,18.307,1.0,1.0,1.29895,0.0,56.5488,0.0,63.4096,-9999,34.2147,0.0,38.3658,-9999,-2.06284,0.0,-9999,-2.06758,-2.06556,-2.06236,0.0,0.0,0.0,2.4425,2.33179,2.4425,2.53371,4.38076,4.39937,4.50534,4.56975,2.91734,2.92098,2.96589,3.03012,4.45643,4.45221,4.4563,4.46513,-9999,-9999
200403,10.944,0.0181452,322.624,176.499,0.0,324.24,0.0,3.263,0.0181452,101.577,0.0,0.91,1.0,1.612,0.0,-9999,-9999,-9999,-9999,-9999,-9999,-9999,-9999,-9999,-9999,-9999,-9999,-9999,-9999,26.878,15.694,1.0,1.0,1.33154,0.0,56.8079,0.0,66.1195,0.757572,35.3939,0.0,41.1955,1.49403,-2.07563,0.0,0.0787698,-2.08005,-2.08005,-2.07518,0.0,0.0,0.0,2.5745,2.50474,2.5745,2.63166,4.57662,4.58183,4.65104,4.69709,2.98685,2.98959,3.02053,3.06891,5.90362,5.90362,5.91039,5.91396,-9999,-9999
200404,13.557,1.0,404.946,200.121,0.816667,335.634,0.815278,3.827,0.998611,101.02,0.532639,2.28,1.0,1.602,0.532639,0.394171384247,0.511805555556,122.948363297,0.799305555556,384.428670764,0.799305555556,22.3694113501,0.799305555556,389.41160147,0.799305555556,380.303,0.786111,15.11,1.0,29.434,16.624,1.0,1.0,1.35585,1.0,49.5572,0.782639,57.6803,0.452864,53.4952,0.782639,62.2637,0.793342,-2.62269,0.749306,0.0406309,-2.59135,-2.56688,-2.55522,0.739583,0.765278,0.765278,2.99268,3.02872,3.07669,3.30028,5.70428,5.60282,5.67769,5.83178,2.60606,2.65831,2.73978,3.04594,5.42498,5.45719,5.50285,5.64142,-9999,-9999
200405,15.966,1.0,462.63,248.394,0.997984,346.467,1.0,4.766,1.0,101.163,0.859543,2.265,1.0,1.511,0.859543,0.260880704922,0.854838709677,158.385482399,0.994623655914,474.766074707,0.997311827957,28.2708333223,0.998655913978,404.430499028,0.998655913978,382.197,0.966398,19.073,1.0,28.074,17.322,1.0,1.0,4.93391,1.0,61.5221,0.964382,68.1594,0.549316,80.5738,0.963038,89.2664,0.745508,-2.68508,0.953629,0.0378691,-2.71132,-2.65358,-2.57196,0.950941,0.944892,0.936828,3.70953,3.7257,3.81421,3.85467,6.53886,6.37204,6.46886,6.53608,2.99417,3.05126,3.11479,3.2293,5.74022,5.79962,5.95082,5.99447,-9999,-9999
200406,20.472,1.0,486.336,319.106,1.0,360.121,1.0,7.417,1.0,101.48,0.786806,0.007,1.0,1.291,0.786806,0.239648882962,0.786805555556,207.078920375,1.0,626.374956736,1.0,36.4395566806,1.0,434.182854167,1.0,380.107,0.998611,25.971,1.0,18.137,13.862,1.0,1.0,11.1656,1.0,41.1055,0.998611,44.1746,0.500688,141.135,0.998611,151.672,0.829527,-1.59509,0.939583,0.0370474,-1.67126,-1.63629,-1.60112,0.894444,0.940972,0.940278,4.14758,3.86976,4.13245,4.17853,5.77363,5.50752,5.73824,5.82167,3.51178,3.19366,3.27804,3.40428,5.28885,5.15891,5.2215,5.29062,-9999,-9999
200407,23.092,1.0,472.732,316.738,1.0,369.04,1.0,9.947,1.0,101.454,1.0,0.0,1.0,1.328,1.0,0.258046275538,0.997311827957,196.851541094,0.999327956989,614.240981102,1.0,36.8299287048,0.999327956989,449.969771505,1.0,369.359,1.0,28.222,1.0,16.466,12.975,1.0,1.0,10.2131,1.0,29.3173,0.984543,30.7503,0.401877,148.707,0.985887,155.976,0.850733,0.114033,0.972446,0.0272817,0.125885,0.151785,0.178562,0.972446,0.948253,0.955645,3.51476,3.53873,3.6064,3.65963,3.49237,3.39299,3.44557,3.501,3.00601,2.75968,2.80153,2.86901,3.21226,3.06429,3.094,3.16327,-9999,-9999
200408,23.885,1.0,423.983,267.052,1.0,380.79,1.0,8.577,1.0,101.372,1.0,0.052,1.0,1.317,1.0,0.257186281901,0.999327956989,162.508578214,0.999327956989,523.307765726,1.0,30.3872458938,1.0,452.997533602,1.0,362.488,1.0,27.709,1.0,15.687,12.534,1.0,1.0,7.06012,1.0,13.5616,0.993952,14.3892,0.316959,132.762,0.99664,140.864,0.823012,0.778986,0.961694,0.0242702,0.778986,0.83303,0.867905,0.961694,0.956989,0.980511,2.53783,2.55701,2.60206,2.65046,1.77213,1.76369,1.7958,1.81224,3.62135,3.45389,3.58592,4.0877,2.61672,2.48136,2.60318,2.81158,-9999,-9999
200409,21.847,1.0,349.778,198.992,1.0,369.631,1.0,8.796,1.0,101.66,1.0,0.207,1.0,1.425,1.0,0.276628300866,0.991666666667,107.59890559,1.0,395.113879229,1.0,22.4439091597,1.0,436.830576389,1.0,366.366,1.0,23.827,1.0,15.242,12.282,1.0,1.0,2.00874,1.0,10.8233,0.999306,11.4055,0.384245,89.3352,0.999306,94.1406,0.79123,1.4138,0.943056,0.0225977,1.40912,1.42422,1.43876,0.978472,0.934722,0.979167,2.24942,2.22627,2.25181,2.27634,0.790423,0.790423,0.822258,0.873359,2.25903,2.1806,2.26129,2.50764,0.876791,0.811326,0.880311,0.937695,-9999,-9999
200410,19.575,1.0,264.109,139.36,1.0,365.611,1.0,5.61,1.0,101.35,1.0,3.897,1.0,1.273,1.0,0.241080635226,0.969086021505,68.5709437634,1.0,280.376991008,1.0,15.4152429704,1.0,419.564133065,1.0,386.901,0.999328,19.077,1.0,21.695,15.89,1.0,1.0,-1.93864,1.0,23.6753,0.999328,26.0936,0.566683,40.2734,0.999328,44.3871,0.738127,2.02499,0.952957,0.0355514,1.927,2.02269,2.07514,0.978495,0.952285,0.938844,2.908,2.76019,2.84124,2.908,0.817259,0.696468,0.817259,0.948809,3.00419,2.66049,2.83808,3.0495,1.58329,1.3341,1.49271,1.60628,-9999,-9999
200411,14.221,1.0,190.824,80.062,1.0,343.651,1.0,3.829,1.0,101.311,0.0666667,2.153,1.0,1.497,0.0666667,-9999,-9999,24.5194356175,0.999305555556,159.669397549,1.0,9.3020509375,1.0,388.262784722,1.0,401.558,0.123611,13.593,1.0,30.812,20.592,1.0,1.0,-7.94513,1.0,23.9778,0.242361,26.427,1.0327,3.1257,0.242361,3.44497,0.737693,0.243486,0.131944,0.05977,0.265832,0.281267,0.34737,0.128472,0.129861,0.131944,2.08001,1.90321,2.0329,2.19041,1.60952,1.57568,1.65831,1.75109,2.92711,1.91859,2.72151,3.49122,2.76949,1.79356,2.72993,2.80256,-9999,-9999
200412,12.35,1.0,156.567,60.323,1.0,335.766,1.0,2.958,1.0,101.207,0.0,3.813,1.0,1.717,0.0,-9999,-9999,10.0636280455,0.999327956989,119.514910537,0.999327956989,7.20795601722,0.999327956989,377.420742536,0.999327956989,390.33,0.194892,11.332,1.0,35.375,24.446,1.0,1.0,-6.38159,1.0,22.6425,0.19422,27.9376,0.357252,-22.7966,0.192204,-28.1278,0.740202,-0.165878,0.198253,0.0342095,-0.169003,-0.149067,-0.132319,0.189516,0.193548,0.196237,1.83722,1.62469,1.78326,1.97309,1.73139,1.79014,1.89954,2.12476,2.61034,1.77554,2.41126,3.27162,2.17338,1.40805,2.14588,2.20064,-9999,-9999
200501,8.794,1.0,174.032,74.935,1.0,314.623,1.0,2.595,1.0,101.989,0.990591,1.252,1.0,1.383,0.990591,0.277958163269,0.911962365591,20.1564476949,1.0,147.558157883,1.0,8.74262260753,1.0,359.369911633,0.999327956989,394.406,0.997984,8.081,1.0,34.285,22.795,1.0,1.0,-7.24229,1.0,21.5987,0.997984,26.4912,0.332188,-4.06863,0.997984,-4.99025,0.565892,-0.978464,0.907258,0.0287826,-0.978464,-0.917331,-0.846297,0.907258,0.905242,0.908602,1.22695,1.24166,1.28071,1.3019,2.22306,2.14506,2.18663,2.22558,1.60537,1.64197,1.82468,1.86008,2.40632,2.43215,2.51348,2.61688,-9999,-9999
200502,8.256,1.0,235.424,107.221,1.0,306.411,1.0,3.363,1.0,101.306,1.0,3.136,1.0,1.863,1.0,0.377777623626,0.978422619048,43.7223731184,0.999255952381,206.373262359,1.0,11.8873536235,1.0,356.288839286,1.0,390.431,1.0,7.257,1.0,36.341,25.389,1.0,1.0,-5.06162,1.0,33.6533,0.999256,37.7363,0.55372,4.09039,1.0,4.58665,0.79172,-1.40746,0.973214,0.0329832,-1.38162,-1.33333,-1.2886,0.953125,0.908482,0.99628,1.21006,1.18108,1.20089,1.23531,2.60175,2.49799,2.53905,2.58251,0.959456,0.943363,1.08251,1.20851,2.48103,2.47527,2.53648,2.57968,-9999,-9999
200503,10.271,1.0,319.705,163.49,1.0,318.374,1.0,3.164,1.0,101.565,1.0,0.781,1.0,1.505,1.0,0.297315554586,0.984543010753,91.820937451,0.999327956989,312.193645464,1.0,18.2698262903,1.0,369.816290323,1.0,392.919,0.997984,10.519,1.0,33.178,22.67,1.0,1.0,0.635809,1.0,31.7929,0.992608,35.6501,0.488815,49.6955,0.992608,55.7248,0.742992,-2.33723,0.920699,0.0357334,-2.34428,-2.30338,-2.26702,0.925403,0.949597,0.901882,1.83237,1.67454,1.69754,1.80135,4.14446,3.94501,4.01871,4.14446,1.50622,1.23359,1.59459,1.90667,3.86355,3.70625,4.0057,4.21405,-9999,-9999
200504,13.25,1.0,402.56,207.383,0.998611,331.954,1.0,3.86,1.0,101.302,1.0,1.647,1.0,1.595,1.0,0.322879632096,0.976388888889,127.300561546,0.999305555556,399.383800958,1.0,22.9764283889,1.0,387.7495,1.0,384.015,0.999306,14.908,1.0,32.247,17.08,1.0,1.0,2.66442,1.0,49.4833,0.997222,55.0003,0.662762,62.9389,0.997222,69.956,0.830014,-2.3641,0.98125,0.0437792,-2.47678,-2.39207,-2.33015,0.968056,0.98125,0.98125,2.7578,2.63682,2.7229,2.76063,5.08798,5.09076,5.10446,5.11673,3.27137,3.23149,3.29084,3.33029,5.61846,5.59322,5.62159,5.67149,-9999,-9999
200505,17.711,1.0,461.245,280.553,0.998656,346.105,1.0,5.975,1.0,101.482,0.982527,0.871,1.0,1.431,0.982527,0.289576921581,0.959677419355,177.711974308,1.0,553.254647171,1.0,31.7530595027,1.0,415.713723118,1.0,385.908,1.0,21.499,1.0,20.429,14.577,1.0,1.0,8.29864,1.0,48.5361,0.997984,53.396,0.561015,105.323,0.997984,115.869,0.8962,-2.15156,0.965726,0.0395717,-2.18358,-2.15156,-2.0959,0.973118,0.965726,0.967742,3.8931,3.73399,3.82719,3.88398,6.03114,5.92685,5.96409,6.02354,3.46043,3.27743,3.42811,3.5988,5.85914,5.76508,5.84834,5.91787,-9999,-9999
200506,21.894,1.0,486.15,321.387,1.0,366.881,1.0,7.878,1.0,101.473,1.0,0.04,1.0,1.264,1.0,0.224863253472,1.0,207.108004743,1.0,630.860039826,1.0,36.3237280833,1.0,443.345840278,1.0,383.791,1.0,27.448,1.0,18.041,13.604,1.0,1.0,12.6771,1.0,39.9465,0.999306,41.2574,0.474156,148.25,1.0,153.116,0.887359,-0.697493,0.927778,0.0361994,-0.572576,-0.543036,-0.494168,0.898611,0.925694,0.919444,3.8069,3.56305,3.71105,3.85586,4.43091,4.1158,4.28319,4.35936,3.33246,3.08915,3.30703,3.44279,4.05509,3.94123,4.04155,4.12082,-9999,-9999
200507,23.215,1.0,473.748,316.582,1.0,373.407,1.0,8.695,1.0,101.375,1.0,0.0,1.0,1.25,1.0,0.254187501344,1.0,200.952823891,1.0,618.620702634,1.0,36.317398703,1.0,451.121948925,1.0,361.179,1.0,28.833,1.0,16.542,12.714,1.0,1.0,9.92946,1.0,21.7704,0.987903,22.4596,0.397589,163.042,0.989247,168.204,0.834061,0.0136192,0.938172,0.0258626,0.0889256,0.134366,0.158462,0.932796,0.930108,0.913306,2.93067,2.86171,2.95277,3.14891,2.93131,2.56894,2.92113,3.0264,2.04947,2.16134,2.23026,2.3643,2.40902,2.44857,2.5101,2.58042,-9999,-9999
200508,22.344,1.0,426.034,227.437,1.0,377.488,1.0,7.343,1.0,101.324,1.0,0.697,1.0,1.574,1.0,0.341916969193,0.979838709677,136.444414019,1.0,442.615707332,1.0,25.5104211492,1.0,441.524556452,1.0,357.642,0.940188,25.263,1.0,15.755,12.382,0.951613,0.951613,3.53036,1.0,27.0824,0.977151,26.4983,0.561708,108.132,0.979167,105.799,0.923427,1.36525,0.884409,0.0326657,1.12907,1.43874,1.60685,0.899866,0.895161,0.879032,2.98741,2.98741,3.09757,3.16654,1.75443,1.65884,1.79212,1.87124,3.71809,3.74418,3.8275,4.0248,2.43206,2.43206,2.48106,2.50746,-9999,-9999
200509,20.806,1.0,352.498,196.827,1.0,368.612,1.0,5.379,0.974306,101.546,1.0,2.073,1.0,1.263,1.0,0.271496793761,0.982638888889,113.54245386,0.999305555556,391.293123008,0.997916666667,20.9718172014,1.0,429.182402778,1.0,386.11,1.0,21.939,1.0,15.463,12.4,1.0,1.0,-0.465518,1.0,29.6424,0.997917,32.1898,0.533547,75.6929,0.997917,82.1978,0.788594,1.09669,0.99375,0.0293157,0.939932,0.95287,1.08423,0.975,0.972222,0.979861,3.19017,2.96611,3.16743,3.23978,2.09029,2.02451,2.09458,2.21228,3.4632,2.84226,3.25118,3.53703,2.52168,2.2205,2.40921,2.54945,-9999,-9999
200510,17.87,1.0,266.872,141.997,1.0,362.17,1.0,3.704,0.994624,101.771,0.999328,2.477,1.0,0.946,1.0,0.193944808103,0.983198924731,78.1211489144,0.999327956989,292.418843871,0.999327956989,14.8211894825,1.0,409.689966398,1.0,403.254,1.0,17.573,1.0,27.28,16.143,1.0,1.0,-3.21901,1.0,35.9114,0.999328,42.1235,0.489405,33.4343,0.999328,39.2179,0.626123,0.405603,0.981855,0.0436235,0.243897,0.298077,0.40881,0.953629,0.995968,0.997984,3.29351,2.84435,3.10086,3.55164,2.89392,2.60008,2.81703,3.19957,3.23177,3.16597,3.28322,3.35768,3.14297,3.13197,3.15651,3.20305,-9999,-9999
200511,13.577,1.0,192.735,86.907,1.0,335.36,1.0,3.719,0.0,101.452,1.0,4.16,1.0,1.381,1.0,0.294374394174,0.977083333333,26.097275482,0.997916666667,177.044589155,0.999305555556,10.1327484097,1.0,383.805013889,1.0,388.344,1.0,12.46,1.0,24.231,17.069,1.0,1.0,-7.50858,1.0,40.037,0.999306,49.4,1.13323,-12.032,0.999306,-14.8458,1.19374,-0.0658269,0.998611,0.107703,-0.0672983,-0.0327678,0.0169658,0.998611,0.998611,0.998611,2.19936,2.15574,2.20043,2.31837,2.22314,2.22808,2.24376,2.29673,2.29456,2.14598,2.30343,2.46567,2.52196,2.50106,2.55463,2.59611,-9999,-9999
200512,10.358,1.0,156.885,54.6,1.0,327.668,1.0,2.967,0.137097,101.426,0.838038,2.658,1.0,2.167,0.83871,0.415082220339,0.80376344086,4.62686334677,1.0,109.185111364,1.0,6.95857467742,1.0,369.451700269,1.0,390.437,1.0,9.552,1.0,33.148,22.907,1.0,1.0,-6.27345,1.0,29.2373,1.0,36.0747,0.435883,-23.487,1.0,-28.9796,0.808566,-0.271668,1.0,0.0400337,-0.28061,-0.273941,-0.267946,1.0,0.985887,1.0,1.39727,1.3872,1.39746,1.40807,1.67044,1.66476,1.67091,1.6734,1.62158,1.49904,1.54506,1.58467,2.00866,1.95845,1.97502,2.00474,-9999,-9999
200601,8.361,1.0,174.032,83.431,1.0,305.62,1.0,2.916,1.0,101.751,0.90793,1.606,1.0,1.416,0.90793,0.202459693444,0.898521505376,18.683650637,0.996639784946,160.554016438,1.0,9.67977821237,1.0,357.606431452,1.0,394.345,0.999328,7.231,1.0,33.566,23.279,1.0,1.0,-6.57063,1.0,21.5157,0.998656,26.3894,0.324929,-4.17655,0.999328,-5.12261,0.612875,-0.856019,0.992608,0.0281296,-0.911422,-0.870161,-0.856665,0.913978,0.991263,0.989247,1.05373,1.01119,1.04477,1.09746,1.89867,1.87125,1.90019,2.01679,0.876661,0.872592,0.952122,1.03325,1.97495,1.95292,1.98697,2.03198,-9999,-9999
200602,9.866,1.0,235.424,105.851,1.0,317.728,1.0,2.59,1.0,101.223,1.0,2.036,1.0,1.582,1.0,0.305764625896,0.989583333333,44.0182772024,1.0,207.653040796,1.0,12.3087215848,1.0,365.876361607,1.0,387.209,0.998512,9.236,1.0,33.476,22.979,1.0,1.0,-3.41332,1.0,26.516,0.998512,32.5224,0.501016,12.1376,0.998512,14.887,0.750215,-1.49456,0.953869,0.0374906,-1.55094,-1.49791,-1.47542,0.955357,0.953125,0.984375,1.484,1.35481,1.46218,1.52066,2.96246,2.91799,2.96065,3.00627,1.39829,1.39712,1.46899,1.57912,3.12026,3.07758,3.11472,3.15663,-9999,-9999
200603,12.068,1.0,319.705,159.666,0.998656,328.871,1.0,2.972,1.0,101.148,1.0,1.303,1.0,1.648,1.0,0.326405974145,0.98185483871,90.6499264718,1.0,316.2629358,1.0,17.7055838508,1.0,379.318870968,1.0,388.068,0.999328,12.032,1.0,35.48,22.607,1.0,1.0,0.767206,1.0,37.8165,0.997984,43.8029,0.51917,39.9392,0.997984,46.2616,0.797259,-1.82106,0.975134,0.0395407,-1.82793,-1.79076,-1.77038,0.975134,0.985887,0.972446,2.12474,1.93603,2.03163,2.15621,3.85269,3.72323,3.84175,3.96232,2.55091,2.50401,2.53745,2.577,4.29184,4.24158,4.27787,4.29184,-9999,-9999
200604,14.334,1.0,402.56,226.111,1.0,335.824,1.0,4.042,1.0,101.233,1.0,0.033,1.0,1.366,1.0,0.292302402606,0.9875,140.631088291,0.999305555556,443.617712851,0.999305555556,25.2734232222,1.0,394.384520833,1.0,387.221,0.998611,17.054,1.0,22.738,16.385,1.0,1.0,4.0593,1.0,42.4672,0.991667,45.8816,0.509887,83.6363,0.991667,90.3607,0.858008,-2.6851,0.977778,0.0434935,-2.74691,-2.71839,-2.68285,0.988194,0.967361,0.978472,2.83433,2.76486,2.80314,2.84465,5.48824,5.47025,5.49887,5.55976,2.87547,2.48999,2.74794,2.87295,5.58221,5.36787,5.44684,5.57674,-9999,-9999
200605,17.739,1.0,461.245,294.125,1.0,344.271,1.0,6.414,1.0,101.575,0.980511,0.071,1.0,1.369,0.980511,0.254602250104,0.963037634409,185.967328624,0.999327956989,572.842550891,0.998655913978,33.4541045876,0.999327956989,417.204912634,1.0,379.952,0.999328,22.574,1.0,19.127,14.76,1.0,1.0,8.94372,1.0,35.9478,0.99664,38.4341,0.468436,129.847,0.99664,138.828,0.937952,-1.66688,0.977823,0.0339083,-1.76766,-1.682,-1.64347,0.956317,0.969758,0.995296,3.33924,3.16993,3.23526,3.33797,4.88543,4.85924,4.90528,5.04925,2.61009,2.55478,2.60433,2.66696,4.63793,4.59813,4.65299,4.69744,-9999,-9999
200606,21.529,1.0,486.15,293.922,1.0,366.539,1.0,9.766,1.0,101.555,0.616667,0.733,1.0,1.218,0.616667,0.219379800926,0.6,185.563726174,1.0,567.207987853,0.999305555556,34.6598157361,1.0,439.477076389,1.0,383.068,0.947917,25.432,1.0,20.114,14.319,0.892361,0.892361,10.2012,1.0,39.6226,0.947222,40.5542,0.507949,130.475,0.947917,133.543,0.932639,-0.34974,0.916667,0.0290609,-0.482409,-0.402077,-0.311621,0.891667,0.902083,0.907639,3.25718,2.93088,3.17938,3.25718,3.58187,3.37099,3.46636,3.56662,3.46107,3.48252,3.63717,3.78705,3.73585,3.81454,3.86442,3.96523,-9999,-9999
200607,25.491,1.0,473.748,312.382,1.0,389.248,1.0,9.558,1.0,101.55,1.0,0.006,1.0,1.196,1.0,0.241619052419,1.0,199.055699685,0.999327956989,607.831828614,0.999327956989,36.2607329792,0.999327956989,464.643225806,1.0,371.207,1.0,30.346,1.0,18.709,14.153,0.0,0.0,11.8846,1.0,22.9227,0.995968,23.427,0.471018,160.016,1.0,163.536,0.883841,1.0237,0.94086,0.0282298,0.866692,1.05577,1.09934,0.975134,0.943548,0.9375,3.58358,3.4655,3.50513,3.65264,2.62894,2.52059,2.58299,2.62894,5.01605,4.88726,5.15283,5.69207,3.55709,3.40889,3.49838,3.7617,-9999,-9999
200608,22.806,1.0,426.034,260.17,1.0,376.232,1.0,7.367,1.0,101.184,1.0,0.658,1.0,1.621,1.0,0.35370322283,0.995967741935,159.318536055,1.0,510.056989516,1.0,29.8529381317,1.0,445.825208333,1.0,365.835,1.0,26.264,1.0,19.551,14.778,0.0,0.0,3.82514,1.0,22.8995,0.997984,24.3993,0.517789,122.884,0.998656,130.932,0.923535,1.42575,0.990591,0.0341117,1.30567,1.39539,1.43405,0.992608,0.985887,0.987903,3.6671,3.61065,3.65917,3.68819,2.2525,2.25419,2.26677,2.32024,4.27105,4.08789,4.31359,4.5525,2.45923,2.3295,2.45923,2.57959,-9999,-9999
200609,20.87,1.0,352.498,205.954,1.0,373.823,1.0,5.281,1.0,101.398,1.0,3.853,1.0,1.285,1.0,0.28534424859,0.98125,125.263133849,0.998611111111,411.71208565,0.998611111111,21.8430208264,1.0,430.672916667,1.0,385.835,0.998611,22.436,1.0,20.426,15.646,0.0,0.0,-0.16125,1.0,28.9974,0.98125,33.4483,0.750605,79.9074,0.982639,92.1724,0.959758,1.8526,0.924306,0.035225,1.62565,1.8532,1.93383,0.941667,0.939583,0.938194,4.34888,4.30993,4.36916,4.70999,2.49607,2.67747,2.73385,2.77752,4.21479,3.78156,3.98812,4.07291,2.57766,2.30935,2.41384,2.46766,-9999,-9999
200610,19.343,1.0,266.872,152.209,1.0,359.078,1.0,4.972,1.0,101.494,1.0,0.865,1.0,1.168,1.0,0.204773819419,0.994623655914,75.904120795,0.999327956989,309.270172996,0.999327956989,15.168504953,1.0,418.308481183,1.0,400.815,1.0,18.665,1.0,21.208,15.434,0.928091,0.928091,-2.53456,1.0,37.6688,0.999328,45.8709,0.55691,27.1073,0.999328,33.0097,0.702254,0.399631,0.967742,0.0345839,0.337202,0.371319,0.412381,0.963038,0.951613,0.972446,3.6145,3.3497,3.56586,3.79068,3.18322,3.03491,3.17174,3.34702,3.5525,3.41068,3.55163,3.83255,3.39038,3.20989,3.3745,3.44978,-9999,-9999
200611,15.277,1.0,192.735,110.088,1.0,339.878,1.0,4.598,1.0,101.964,1.0,0.727,1.0,1.324,1.0,0.275557236107,0.988194444444,39.3419549216,0.994444444444,221.848226782,0.997916666667,12.4923348542,1.0,394.198993056,1.0,389.198,0.993056,14.01,1.0,19.882,14.543,1.0,1.0,-6.33298,1.0,23.2077,0.969444,28.2611,0.409717,10.2009,0.969444,12.4221,0.68239,-0.239478,0.959722,0.0378478,-0.53614,-0.239478,-0.119244,0.965972,0.959722,0.930556,2.45534,2.23831,2.46116,2.48146,2.70064,2.58776,2.67828,2.71691,2.81016,2.29835,2.39582,2.81607,3.18014,3.01789,3.08945,3.35169,-9999,-9999
200612,12.013,1.0,156.885,70.868,1.0,330.722,1.0,2.648,1.0,102.295,0.977151,2.729,1.0,1.462,0.976478,0.241322676922,0.908602150538,14.4987835051,0.994623655914,143.876675263,0.995295698925,8.38070729839,1.0,375.846552419,1.0,399.208,0.999328,10.818,1.0,27.188,19.751,1.0,1.0,-6.85943,1.0,26.6871,0.999328,29.9498,0.483852,-13.7327,0.999328,-15.4117,0.626123,0.000302834,0.971774,0.0283637,-0.0850011,-0.033394,-0.0116449,0.971774,0.969086,0.948925,1.82442,1.77477,1.8052,1.82442,1.83386,1.78697,1.85282,1.88357,2.51559,2.14019,2.27442,2.45507,2.42226,2.27427,2.35079,2.38363,-9999,-9999
200701,12.262,1.0,174.032,81.771,0.365591,337.085,0.364919,2.761,0.981183,102.241,1.0,1.019,0.998656,1.523,0.999328,0.34842355711,0.979838709677,-9999,-9999,-9999,-9999,-9999,-9999,-9999,-9999,390.697,0.71371,10.983,1.0,24.355,18.111,1.0,1.0,-4.00053,1.0,25.0834,0.700941,29.3529,0.5186,-6.27097,0.706989,-7.33837,0.68732,-0.462842,0.548387,0.029952,-0.460378,-0.436881,-0.39428,0.555108,0.543683,0.455645,1.84084,1.84821,1.86016,1.99256,2.29799,2.30115,2.30865,2.38221,1.32399,1.26349,1.32976,1.3307,2.84602,2.12383,2.71724,2.84738,-9999,-9999
200702,12.228,1.0,235.424,100.765,0.74628,336.263,0.744792,2.317,1.0,101.404,1.0,2.871,1.0,1.542,1.0,0.36500423867,0.96056547619,46.6805943118,0.731398809524,202.631080174,0.732886904762,10.5564389437,0.732886904762,380.623878571,0.732886904762,396.044,1.0,11.429,1.0,29.053,20.682,1.0,1.0,-1.8562,1.0,30.7161,0.987351,35.9444,0.571098,8.303,0.988839,9.71627,0.744019,-0.758667,0.87872,0.0349141,-0.914753,-0.859782,-0.771481,0.956101,0.90625,0.87872,1.90682,1.80534,1.88193,1.90428,2.61742,2.64192,2.67953,2.74171,1.65882,1.51737,1.67427,1.80007,2.99006,2.93682,2.95961,2.97556,-9999,-9999
200703,11.995,1.0,319.705,157.507,1.0,327.279,1.0,2.905,1.0,101.341,0.999328,1.413,1.0,1.681,0.999328,0.320504941099,0.959005376344,88.6688726949,1.0,318.50412713,1.0,16.4720406653,1.0,378.245517473,1.0,390.463,1.0,12.258,1.0,23.624,17.983,1.0,1.0,-2.32409,1.0,37.5907,0.999328,46.7618,0.589127,35.5199,0.999328,44.1859,0.802686,-1.79356,0.992608,0.0401787,-1.88752,-1.83532,-1.80063,0.989247,0.978495,0.993952,1.79209,1.77867,1.79673,1.8215,3.62242,3.60857,3.65629,3.71401,1.7103,1.70854,1.83558,1.96543,3.58059,3.61695,3.67443,3.79482,-9999,-9999
200704,15.428,1.0,402.56,218.422,1.0,343.322,1.0,4.385,1.0,101.474,0.995833,2.503,0.985417,1.391,0.995833,0.232360203117,0.50625,137.249614625,1.0,437.121364792,1.0,23.6507361944,1.0,399.361708333,1.0,389.071,1.0,16.984,1.0,26.617,18.626,1.0,1.0,4.40557,1.0,45.9933,0.879861,56.8987,0.567381,62.9164,0.879861,77.8344,0.78102,-1.4767,0.630556,0.0403809,-1.59223,-1.50283,-1.34869,0.549306,0.558333,0.716667,2.57197,2.58492,2.63423,2.76571,4.12317,4.12317,4.17992,4.26616,2.24072,1.67743,2.20905,3.50922,3.81131,3.58341,3.83574,4.73026,-9999,-9999
200705,18.401,1.0,461.245,276.304,1.0,358.035,1.0,5.29,1.0,101.201,1.0,0.714,0.483199,1.741,1.0,0.333326215587,0.994623655914,183.022227769,1.0,544.246227796,1.0,30.5410096237,1.0,419.474879032,1.0,380.005,0.995968,22.045,1.0,21.45,15.479,1.0,1.0,6.92874,1.0,50.4509,0.981183,58.684,0.60576,100.936,0.981183,117.408,0.948448,-1.79926,0.965726,0.0415474,-1.92241,-1.8838,-1.83904,0.959005,0.952285,0.918683,4.12689,3.77469,3.90843,4.12689,5.9862,5.66172,5.83735,5.96936,3.48699,2.95481,3.54091,4.13164,5.56635,5.35901,5.56737,5.78861,-9999,-9999
200706,21.059,1.0,486.15,305.403,0.997222,371.629,1.0,5.893,1.0,101.108,0.5,0.869,0.349306,1.23,0.5,-9999,-9999,204.33773566,1.0,594.961972958,1.0,33.9519183122,0.998611111111,437.761465278,1.0,382.734,0.844444,26.446,1.0,19.256,14.64,1.0,1.0,9.90732,1.0,44.2029,0.709028,47.9422,0.394161,135.042,0.706944,146.466,1.02172,-0.92275,0.689583,0.0256245,-1.05737,-0.917985,-0.850564,0.682639,0.690278,0.675,3.30833,3.17099,3.24991,3.27131,4.18991,4.10518,4.18364,4.24038,3.32599,2.98837,3.18037,3.31568,4.25506,3.82586,4.17951,4.31127,-9999,-9999
200707,22.639,1.0,473.748,321.417,1.0,371.811,1.0,8.391,1.0,101.186,1.0,0.026,0.997312,1.534,0.999328,0.284414875075,0.983198924731,208.099241035,1.0,634.537133367,1.0,35.7086318548,1.0,447.815026882,1.0,381.061,1.0,28.442,1.0,17.314,13.718,1.0,1.0,9.49792,1.0,23.8218,0.990591,25.249,0.372084,163.418,0.990591,173.209,0.925682,0.61868,0.977823,0.0220467,0.17306,0.614663,0.712658,0.979839,0.976478,0.969758,2.76316,2.09968,2.9887,3.07422,2.37002,1.95232,2.30683,2.37394,2.79581,1.67629,1.92229,2.50782,2.31951,1.49513,1.80318,2.13633,-9999,-9999
200708,23.4,1.0,426.034,259.565,1.0,379.678,1.0,8.882,1.0,101.031,0.995968,0.374,1.0,1.527,0.995968,0.272416330458,0.98185483871,159.327671095,1.0,513.117018837,1.0,28.9461997312,1.0,449.404892473,1.0,363.508,1.0,26.877,1.0,16.722,13.349,1.0,1.0,5.47548,1.0,19.1515,0.969086,21.5653,0.42357,117.381,0.971774,132.175,0.978947,1.40257,0.948253,0.0233099,1.22699,1.4099,1.53428,0.954973,0.948253,0.926747,2.46095,2.24553,2.48886,2.76638,1.078,1.06005,1.08666,1.20933,2.06716,1.30869,1.69867,2.06716,1.0947,0.537659,0.799191,1.08622,-9999,-9999
200709,20.47,1.0,352.498,204.888,1.0,366.389,1.0,6.463,1.0,101.296,0.999306,0.573,0.998611,1.353,0.999306,0.242760190038,0.993055555556,116.187559169,0.997916666667,408.40237784,0.997916666667,23.098725219,0.997916666667,429.686046759,0.997916666667,374.512,0.998611,22.983,1.0,16.621,13.367,1.0,1.0,0.487654,1.0,15.2422,0.997222,15.6765,0.395125,97.8949,0.997222,100.684,0.826503,2.1407,0.971528,0.023937,2.00652,2.1407,2.2112,0.972917,0.971528,0.965972,2.60346,2.4754,2.62248,2.84778,0.481777,0.479135,0.515367,0.701614,1.92724,1.52117,1.89493,2.06887,1.34803,1.18832,1.28088,1.63165,-9999,-9999
200710,17.923,1.0,266.872,143.01,1.0,351.424,1.0,5.739,1.0,101.237,0.998656,1.839,1.0,1.3,0.998656,0.20873369376,0.984543010753,66.8699705645,1.0,285.513066721,0.992607526882,15.069148078,1.0,410.826693548,1.0,385.664,1.0,17.65,1.0,19.378,14.974,1.0,1.0,-3.13683,1.0,19.5954,1.0,21.9911,0.476675,42.7849,1.0,48.0157,0.772203,1.33863,0.938844,0.0198961,1.24842,1.29982,1.33733,0.909946,0.910618,0.939516,2.49188,2.4299,2.44923,2.47019,1.13114,1.09511,1.15683,1.19305,3.88948,2.82192,3.71556,3.88948,2.13017,1.47334,1.90255,2.19358,-9999,-9999
200711,13.729,1.0,192.735,77.183,1.0,340.827,1.0,3.504,1.0,101.1,0.947222,1.14,1.0,2.011,0.947222,0.361600659582,0.906944444444,21.18912175,1.0,159.710868139,1.0,9.31352945139,1.0,386.169402778,1.0,394.884,1.0,12.906,1.0,23.668,17.014,1.0,1.0,-6.29443,1.0,24.8582,1.0,27.8974,0.455629,-4.6092,1.0,-5.17271,0.669435,0.583504,0.982639,0.0287313,0.55176,0.576459,0.601078,0.976389,0.978472,0.994444,2.5692,2.58291,2.59694,2.61572,2.00092,1.97947,2.00116,2.09316,3.02138,2.97871,3.11856,3.34586,2.39639,2.36858,2.44171,2.57928,-9999,-9999
200712,10.843,1.0,156.885,69.011,1.0,321.897,1.0,2.907,1.0,101.694,0.96371,1.09,1.0,1.715,0.96371,0.301479904415,0.924059139785,9.03590693548,1.0,140.201086316,0.998655913978,9.42383722446,1.0,370.848676075,1.0,392.621,1.0,9.746,1.0,22.321,17.115,1.0,1.0,-6.75025,1.0,22.1957,1.0,27.1854,0.365568,-11.7832,1.0,-14.4321,0.576291,-0.296975,0.981855,0.0239058,-0.379398,-0.344303,-0.320488,0.926075,0.977151,0.997312,1.70211,1.64805,1.69896,1.71094,2.01371,2.01371,2.02637,2.04057,2.11997,2.1034,2.24607,2.664,2.35981,2.31303,2.41406,2.70337,-9999,-9999
200801,11.089,1.0,174.032,82.139,0.379032,328.449,0.375672,2.721,0.0732527,101.828,1.0,1.863,0.355511,1.406,1.0,0.289835877819,0.963037634409,-9999,-9999,-9999,-9999,-9999,-9999,-9999,-9999,395.297,0.972446,9.971,1.0,30.176,22.095,1.0,1.0,10.1951,0.994624,25.2116,0.870296,30.8794,0.52206,-0.856896,0.867608,-1.04953,0.862831,-0.492459,0.725134,0.0313263,-0.518574,-0.513674,-0.481801,0.494624,0.65121,0.56586,1.49864,1.47067,1.50349,1.51288,1.9718,1.96301,1.99254,2.02975,2.77292,2.76665,2.79162,2.83597,2.79326,2.75274,2.79154,2.99961,-9999,-9999
200802,10.142,0.998563,236.805,122.708,0.405891,318.831,0.405172,3.063,0.0,102.237,1.0,0.498,0.395833,1.231,1.0,0.200647878679,0.974856321839,-9999,-9999,-9999,-9999,-9999,-9999,-9999,-9999,400.306,0.986351,8.925,1.0,21.769,17.853,1.0,1.0,15.2413,1.0,25.0173,0.947557,22.83,-9999,22.3803,0.947557,20.4236,-9999,-1.38418,0.796695,-9999,-1.44491,-1.40208,-1.34768,0.502155,0.599856,0.846983,1.49883,1.44389,1.45589,1.516,2.83096,2.83096,2.87523,2.89473,1.78766,1.73369,1.99875,2.30748,2.86899,2.839,2.99181,3.15477,-9999,-9999
200803,11.932,1.0,322.624,155.891,1.0,329.58,1.0,3.382,0.0,100.677,1.0,1.768,1.0,1.896,1.0,0.395878243141,0.969086021505,89.0399731989,1.0,320.755002762,1.0,16.3807635484,1.0,378.75546371,1.0,395.015,1.0,12.296,1.0,21.254,16.222,1.0,1.0,15.6113,1.0,43.1395,1.0,39.3678,-9999,37.2453,1.0,33.9888,-9999,-1.9149,1.0,-9999,-1.94834,-1.93368,-1.92135,1.0,1.0,1.0,2.0885,2.03966,2.11147,2.14278,4.05767,3.98518,4.03853,4.07749,2.39159,2.23292,2.28913,2.347,4.23809,4.16193,4.19833,4.23809,-9999,-9999
200804,14.644,1.0,404.946,233.394,1.0,334.976,1.0,4.27,0.0,100.898,1.0,0.493,1.0,1.809,1.0,0.346828453869,0.986111111111,144.934942112,0.998611111111,474.363007407,0.997916666667,24.782061375,1.0,396.445541667,1.0,382.769,1.0,17.08,1.0,19.048,15.261,1.0,1.0,19.69,1.0,33.2553,0.999306,34.1584,-9999,90.7043,0.999306,93.1676,-9999,-1.89641,0.999306,-9999,-1.97716,-1.92773,-1.90937,0.999306,0.999306,0.999306,2.40056,2.38395,2.42312,2.44791,4.34328,4.29727,4.34328,4.36613,2.48067,2.39124,2.4768,2.6116,4.49245,4.33522,4.41079,4.54583,-9999,-9999
200805,18.484,1.0,462.63,228.96,1.0,361.539,1.0,5.016,0.0,100.86,0.999328,3.006,1.0,1.383,0.999328,0.248013991998,0.969086021505,146.364593145,1.0,469.485212535,0.999327956989,23.9890721723,0.999327956989,418.754502688,1.0,387.786,1.0,20.867,1.0,21.067,17.82,1.0,1.0,21.3155,1.0,39.1581,1.0,41.7942,-9999,79.5045,1.0,84.8568,-9999,-0.195694,1.0,-9999,-0.356994,-0.210352,-0.155699,1.0,0.975134,0.985887,2.96607,2.69344,2.86948,3.0444,3.27158,3.0368,3.09326,3.2107,4.7422,3.89618,4.22668,4.50305,4.51611,3.82097,4.28392,4.41123,-9999,-9999
200806,20.606,1.0,486.336,283.342,0.900694,369.477,0.897222,7.069,0.0,101.142,1.0,0.773,0.876389,1.383,1.0,0.257615672892,0.976388888889,191.403891883,0.876388888889,584.998283918,0.876388888889,29.7820591319,0.876388888889,434.053985335,0.876388888889,384.406,1.0,24.754,1.0,22.003,17.841,1.0,1.0,28.2213,1.0,57.7259,1.0,54.589,-9999,116.593,1.0,110.258,-9999,-1.57391,0.954167,-9999,-1.83748,-1.57391,-1.44467,0.966667,0.954167,0.918056,2.96031,2.60437,3.45088,3.70248,4.84384,4.44185,4.91595,5.10806,3.52533,3.3981,3.52533,3.71651,5.0848,4.94403,5.12599,5.21281,-9999,-9999
200807,23.14,1.0,472.732,320.309,1.0,374.432,1.0,9.927,0.0,101.133,0.995968,0.026,1.0,1.234,0.995968,0.22438096323,0.995967741935,208.849128622,1.0,652.586358965,1.0,33.6038322312,1.0,450.561767473,1.0,378.714,1.0,28.682,1.0,18.202,14.591,1.0,1.0,28.9088,1.0,28.0405,1.0,26.9186,-9999,159.4,1.0,153.022,-9999,-0.0404926,1.0,-9999,-0.216861,-0.155057,-0.0020804,1.0,1.0,1.0,2.51048,2.33422,2.71251,2.83501,2.70711,2.55109,2.83709,2.8821,3.19057,2.60137,2.7858,3.19057,3.18152,2.82836,3.04094,3.2713,-9999,-9999
200808,23.554,1.0,423.983,282.493,1.0,377.588,1.0,9.274,0.0,101.058,1.0,0.019,1.0,1.312,0.997312,0.252228159318,0.985887096774,177.26566253,0.999327956989,570.26610174,0.999327956989,29.9334540927,1.0,450.688514785,1.0,378.341,1.0,27.562,1.0,17.168,13.758,1.0,1.0,24.8124,1.0,17.9795,1.0,16.7389,-9999,146.183,1.0,136.096,-9999,0.763425,1.0,-9999,0.551772,0.782755,0.930591,1.0,1.0,1.0,1.38017,1.22911,1.68559,2.25846,0.835705,0.671854,0.902838,1.23687,3.13728,2.38085,2.5936,2.90531,1.7276,1.31132,1.47504,1.68304,-9999,-9999
200809,20.989,1.0,349.778,197.763,1.0,366.147,1.0,7.029,0.0,101.09,0.999306,1.0,1.0,1.329,0.829167,0.236084473384,0.8,108.921944012,0.998611111111,400.974509493,0.997916666667,21.2622064444,1.0,431.470368056,1.0,374.808,1.0,22.374,1.0,18.945,14.613,1.0,1.0,19.762,1.0,25.7298,1.0,23.9544,-9999,83.7966,1.0,78.0145,-9999,1.50099,1.0,-9999,1.28622,1.51285,1.86321,1.0,1.0,0.999306,2.31437,2.08075,2.31437,3.47137,0.869946,0.762937,0.869946,1.60816,3.10754,2.92054,3.12838,3.63999,1.95768,1.66566,1.83779,2.2114,-9999,-9999
200810,18.301,1.0,264.109,138.026,1.0,362.011,1.0,4.396,0.0,101.399,1.0,2.323,1.0,1.141,1.0,0.218450666237,0.981182795699,69.2100225783,0.997311827957,283.579658931,0.997983870968,15.3223062903,1.0,412.668958333,1.0,393.341,1.0,17.807,1.0,19.982,15.187,1.0,1.0,14.239,1.0,26.2847,0.999328,28.2659,-9999,43.0312,0.999328,46.2748,-9999,0.695692,0.999328,-9999,0.487358,0.770148,0.987551,0.999328,0.999328,0.999328,2.19784,2.04644,2.46001,3.14708,1.67689,1.57945,1.68986,2.24019,2.60947,2.20806,2.41044,2.96661,2.12475,1.7877,2.01038,2.41077,-9999,-9999
200811,13.728,1.0,190.824,83.102,1.0,345.806,1.0,3.389,0.0,100.997,0.979167,6.113,1.0,1.621,0.979167,0.348003661395,0.888888888889,32.1584451647,0.999305555556,171.586194791,0.999305555556,9.43138848611,1.0,385.681305556,1.0,393.979,1.0,12.978,1.0,32.071,25.776,1.0,1.0,13.1789,1.0,39.3263,0.998611,44.1343,-9999,-8.941,0.998611,-10.0341,-9999,0.246435,0.998611,-9999,0.220152,0.245383,0.26601,0.977778,0.998611,0.998611,2.18639,2.12707,2.20339,2.24121,1.93918,1.89578,1.95526,1.99505,2.13239,2.00767,2.10614,2.23634,2.24895,2.19743,2.24895,2.37403,-9999,-9999
200812,10.418,1.0,156.567,56.833,1.0,329.51,1.0,2.641,0.0,101.149,0.659274,4.968,0.999328,1.575,0.659274,0.314766458173,0.573252688172,9.65196746926,0.999327956989,116.851679707,0.999327956989,7.31136074239,0.999327956989,367.933358928,0.999327956989,393.595,0.988575,9.627,1.0,34.739,28.391,1.0,1.0,11.251,1.0,26.0005,0.988575,29.2398,-9999,-14.04,0.987231,-15.7892,-9999,-0.0857445,0.957661,-9999,-0.165164,-0.0803417,-0.0421575,0.718414,0.956989,0.988575,1.54443,1.48991,1.51862,1.57262,1.59197,1.58643,1.61179,1.66071,1.26587,1.17842,1.26994,1.38893,1.92284,1.87367,1.95517,2.00195,-9999,-9999
200901,10.122,1.0,174.032,70.193,0.729167,333.255,0.726478,2.625,0.0,100.843,0.604167,3.071,0.708333,1.673,0.604167,-9999,-9999,26.4160667063,0.677419354839,-9999,-9999,8.84091439484,0.677419354839,368.708164683,0.677419354839,390.724,0.664651,9.154,1.0,35.821,28.224,1.0,1.0,-4.39884,1.0,30.8525,0.657258,37.7884,-9999,-9.18932,0.657258,-11.2551,-9999,-0.0972646,0.641801,-9999,-0.554673,-0.0870976,-0.0619624,0.638441,0.639785,0.651882,1.79055,1.68954,1.74083,1.81731,1.85161,1.87014,1.9207,2.19865,1.86469,1.60803,1.72002,1.89258,2.28857,2.30325,2.30835,2.34071,-9999,-9999
200902,9.3,1.0,235.424,119.66,1.0,315.299,1.0,3.206,0.0,100.874,0.858631,0.764,1.0,1.648,0.858631,0.352647171525,0.837797619048,54.6725319736,0.999255952381,-9999,-9999,14.5997168378,1.0,363.879002976,1.0,386.786,1.0,8.602,1.0,32.172,25.068,1.0,1.0,-4.00051,1.0,31.0357,1.0,38.0127,-9999,17.3134,1.0,21.2055,-9999,-1.15451,1.0,-9999,-1.18931,-1.16431,-1.13003,1.0,1.0,1.0,1.58957,1.49852,1.53764,1.60317,2.70525,2.6964,2.72654,2.77029,1.47556,1.36626,1.4613,1.52122,2.86486,2.83227,2.8656,2.97987,-9999,-9999
200903,11.664,1.0,319.705,172.53,1.0,324.961,1.0,3.262,0.0,100.94,0.922043,2.177,1.0,1.698,0.922043,0.342751170615,0.86626344086,97.8259560633,0.999327956989,-9999,-9999,20.1246332124,1.0,377.747641129,1.0,387.558,1.0,11.859,1.0,29.528,23.283,1.0,1.0,1.05853,1.0,35.6365,1.0,42.9653,-9999,45.0176,1.0,54.2756,-9999,-1.7748,1.0,-9999,-1.77389,-1.75003,-1.72477,1.0,1.0,0.995296,2.2765,2.2472,2.26603,2.27629,4.04889,3.98058,4.01277,4.04889,1.84123,1.76881,1.83638,1.90788,3.95688,3.77919,3.95368,3.97152,-9999,-9999
200904,14.181,1.0,402.56,196.392,1.0,344.75,1.0,3.055,0.0,100.902,1.0,2.177,1.0,1.282,1.0,0.259889741357,0.94375,125.657471972,1.0,-9999,-9999,21.7280086458,1.0,392.883159722,1.0,385.503,1.0,15.793,1.0,33.905,23.366,0.870833,0.870833,3.95171,1.0,45.5118,1.0,49.742,-9999,65.8438,1.0,71.9637,-9999,-1.8531,1.0,-9999,-1.88385,-1.84063,-1.81984,1.0,1.0,1.0,2.99239,2.92684,2.97176,2.9842,4.80853,4.80165,4.82327,4.83627,2.37236,2.47176,2.6185,2.86067,4.69178,4.65309,4.73254,4.89557,-9999,-9999
200905,18.185,1.0,461.245,291.884,1.0,353.585,1.0,6.706,0.0,101.365,0.618952,0.077,0.998656,1.102,0.61828,0.190803987232,0.594086021505,192.730908499,0.998655913978,-9999,-9999,32.0096566722,0.998655913978,417.594172939,0.997983870968,400.315,0.881048,22.716,1.0,27.986,20.683,0.0,0.0,11.8224,1.0,58.9637,0.881048,61.6748,-9999,112.349,0.881048,117.515,-9999,-2.47532,0.844086,-9999,-3.02384,-2.82868,-2.68682,0.780242,0.862231,0.851478,3.2123,2.41173,2.71718,3.39008,5.97616,5.33328,5.69892,5.97616,6.40602,2.82374,3.47231,6.14199,7.84747,5.61944,6.06546,7.6049,-9999,-9999
200906,21.043,1.0,486.15,315.67,1.0,369.547,1.0,7.517,0.0,101.107,0.766667,1.195,1.0,1.23,0.766667,0.2063748125,0.766666666667,223.955851346,0.727777777778,-9999,-9999,34.6481846528,1.0,418.334095576,0.513888888889,393.988,0.983333,26.224,1.0,21.743,16.626,0.935417,0.935417,11.8451,1.0,62.0972,0.983333,68.144,-9999,139.801,0.983333,153.415,-9999,-1.97129,0.958333,-9999,-2.44325,-1.75718,-1.40977,0.958333,0.958333,0.896528,3.2514,2.57316,3.79486,4.27418,5.44901,5.02623,5.48536,5.72479,3.64713,3.07483,3.67635,4.04659,5.92887,5.60755,5.83987,6.09993,-9999,-9999
200907,23.84,1.0,473.748,318.633,1.0,378.847,1.0,10.28,0.0,101.232,1.0,0.026,1.0,1.264,1.0,0.240741669355,1.0,220.824130242,1.0,-9999,-9999,34.8346793683,1.0,440.323611501,0.998655913978,379.644,1.0,29.051,1.0,19.0,14.587,1.0,1.0,10.9429,1.0,37.4898,1.0,41.0084,-9999,154.383,1.0,168.873,-9999,-0.315456,1.0,-9999,-0.59019,-0.26569,-0.0772412,1.0,1.0,1.0,2.60764,2.39824,2.92124,3.81833,3.03496,3.00284,3.18693,3.82657,3.46602,3.45086,3.58654,3.71238,3.85216,3.73724,3.93026,4.039,-9999,-9999
200908,24.367,1.0,426.034,281.466,1.0,382.93,1.0,8.605,0.0,101.139,1.0,0.0,1.0,1.079,1.0,0.217018349462,1.0,194.872708474,1.0,-9999,-9999,29.5450666331,1.0,438.518752623,0.995295698925,367.691,1.0,28.033,1.0,18.108,13.869,1.0,1.0,8.24152,1.0,24.1049,1.0,26.927,-9999,142.966,1.0,159.704,-9999,0.394692,1.0,-9999,0.0568926,0.418822,1.11172,1.0,1.0,0.921371,1.76301,1.49203,2.07182,3.40903,1.60181,1.43513,1.60181,2.27786,3.4889,3.50136,3.74231,4.07931,2.90232,2.82161,2.97183,3.09381,-9999,-9999
200909,21.827,1.0,352.498,198.411,1.0,373.861,1.0,6.116,0.0,101.197,1.0,5.062,1.0,1.188,1.0,0.199328608339,0.970833333333,137.079800819,1.0,-9999,-9999,20.8294715556,1.0,419.687218939,0.822916666667,382.523,1.0,22.793,1.0,28.031,22.871,1.0,1.0,0.0360275,1.0,37.6153,1.0,42.0193,-9999,67.0817,1.0,74.9355,-9999,1.63392,1.0,-9999,1.50525,1.55506,1.59972,0.951389,1.0,1.0,4.18356,3.83593,4.02593,4.17346,2.55162,2.36811,2.47644,2.54749,4.42698,3.71362,4.03567,4.27075,2.95482,2.54189,2.69146,2.86999,-9999,-9999
200910,17.498,1.0,266.872,134.134,0.170699,357.224,0.170027,4.565,0.0,101.061,0.972446,1.512,0.169355,1.262,0.972446,0.255278275277,0.95564516129,-9999,-9999,-9999,-9999,-9999,-9999,-9999,-9999,394.415,0.727151,17.077,1.0,27.214,21.772,1.0,1.0,-5.2065,1.0,42.0848,0.783602,44.8629,-9999,17.5084,0.766129,18.6642,-9999,-0.106626,0.552419,-9999,-0.256091,-0.0953393,0.19762,0.594086,0.52957,0.411962,3.63237,3.48291,3.67146,3.85787,3.77808,3.6674,3.72554,3.75686,3.33627,3.3341,3.5399,3.84464,3.67752,3.67096,3.68789,3.88708,-9999,-9999
200911,14.561,1.0,192.735,95.357,0.227778,341.069,0.226389,3.75,0.0,101.161,0.886806,1.805,0.216667,1.53,0.886111,0.379682748688,0.820138888889,-9999,-9999,-9999,-9999,-9999,-9999,-9999,-9999,387.662,0.595139,13.166,1.0,33.515,26.322,1.0,1.0,-5.65227,1.0,40.4708,0.784028,44.2087,-9999,-16.6179,0.736111,-18.1527,-9999,-0.622474,0.488194,-9999,-0.63295,-0.624035,-0.608906,0.397917,0.435417,0.388889,2.32712,2.28341,2.30504,2.33123,2.94851,2.91178,2.93915,2.94946,2.1344,2.13205,2.20276,2.35629,2.9821,2.9717,2.99321,3.02421,-9999,-9999
200912,12.25,1.0,156.885,61.849,0.364919,336.625,0.360887,3.127,0.0,100.586,0.553091,1.741,0.334677,1.999,0.551075,-9999,-9999,-9999,-9999,-9999,-9999,-9999,-9999,-9999,-9999,388.616,0.5625,11.027,1.0,37.753,28.392,1.0,1.0,-4.54932,1.0,33.3784,0.557796,37.537,-9999,-16.7777,0.512097,-18.868,-9999,-1.30952,0.483199,-9999,-1.33716,-1.32343,-1.32133,0.448253,0.484543,0.484543,1.14597,1.13093,1.14183,1.1486,2.45635,2.45635,2.46368,2.47412,1.9963,1.9458,2.02045,2.1701,3.04189,2.9997,3.01813,3.04398,-9999,-9999
201001,10.094,1.0,174.032,58.181,0.0,340.433,0.0,2.468,0.0,100.751,0.500672,4.068,0.0,1.768,0.500672,-9999,-9999,-9999,-9999,-9999,-9999,-9999,-9999,-9999,-9999,386.991,0.463038,9.608,1.0,42.276,30.427,1.0,1.0,-6.42357,0.995296,40.3937,0.449597,46.661,-9999,-19.015,0.442876,-21.9652,-9999,-1.47932,0.354839,-9999,-1.51546,-1.48167,-1.45413,0.364247,0.256048,0.329301,1.16992,1.11828,1.14503,1.16003,2.64723,2.60693,2.62683,2.63624,1.83502,1.83639,1.86219,1.87886,3.13842,3.13886,3.17239,3.18813,-9999,-9999
201002,10.774,1.0,235.424,99.891,0.575893,329.776,0.571429,3.024,0.0,100.305,0.987351,2.722,0.546875,1.845,0.987351,0.426706562982,0.950892857143,-9999,-9999,-9999,-9999,-9999,-9999,-9999,-9999,389.625,0.950149,9.905,1.0,42.331,29.551,1.0,1.0,-1.44696,1.0,33.0524,0.959077,38.1806,-9999,-0.260044,0.934524,-0.300391,-9999,-1.8792,0.864583,-9999,-1.91986,-1.87852,-1.85378,0.768601,0.886161,0.851935,1.49846,1.46991,1.48875,1.51084,3.37301,3.36297,3.36858,3.38553,1.64002,1.56771,1.58513,1.60654,3.85776,3.84933,3.87329,3.89183,-9999,-9999
201003,11.308,1.0,319.705,152.019,1.0,327.339,1.0,3.36,0.0,101.249,1.0,2.057,1.0,1.525,1.0,0.305767898918,0.980510752688,83.1390003763,1.0,-9999,-9999,18.2137384207,1.0,376.562426075,1.0,387.981,1.0,11.665,1.0,39.867,27.854,1.0,1.0,-0.241156,1.0,41.4696,1.0,41.2685,-9999,41.7142,1.0,41.5119,-9999,-2.39832,1.0,-9999,-2.4705,-2.40511,-2.3772,1.0,1.0,1.0,2.35974,2.31035,2.34947,2.36216,4.75557,4.73626,4.75176,4.78546,2.1902,2.05823,2.11701,2.20201,4.90886,4.8266,4.8687,4.91902,-9999,-9999
201004,13.746,1.0,402.56,217.76,0.723611,339.919,0.720833,3.638,0.0,101.226,1.0,1.104,0.702778,1.179,1.0,0.203876309759,0.982638888889,137.092224965,0.688194444444,-9999,-9999,24.1692717187,0.688194444444,393.988872655,0.689583333333,389.953,0.997222,15.942,1.0,27.486,18.291,1.0,1.0,4.83512,1.0,52.8107,1.0,53.716,-9999,76.1862,1.0,77.4923,-9999,-2.73854,0.915972,-9999,-2.73486,-2.69495,-2.60146,0.916667,0.952083,0.875694,3.23004,3.16203,3.20455,3.27681,5.91219,5.7729,5.89503,5.94785,2.53391,2.42322,2.51781,2.76177,5.84013,5.67672,5.80362,5.91035,-9999,-9999
201005,16.165,0.544355,461.245,240.634,0.766129,351.292,0.763441,4.513,0.0,100.906,1.0,1.525,0.71371,1.554,1.0,0.335371133035,0.980510752688,156.764931724,0.699596774194,-9999,-9999,28.3851725886,0.731182795699,410.869069499,0.73185483871,383.731,0.950269,19.158,1.0,33.019,21.52,1.0,1.0,6.20961,0.997312,58.0605,0.967742,54.9515,-9999,86.5173,0.953629,81.8846,-9999,-3.48329,0.940188,-9999,-3.49787,-3.47561,-3.42857,0.938844,0.940188,0.928763,4.18591,4.03696,4.18591,4.4049,7.66971,7.49388,7.66971,7.84797,2.42882,2.60301,2.75719,2.94658,6.25341,6.26964,6.33859,6.47186,-9999,-9999
201006,18.65,1.0,486.15,284.736,0.553472,366.069,0.552083,6.119,0.0,100.94,1.0,2.3,0.547917,1.25,1.0,0.241892778937,0.983333333333,191.291646406,0.533333333333,-9999,-9999,29.6769995182,0.533333333333,427.901848958,0.533333333333,391.172,0.989583,24.305,1.0,29.752,21.041,1.0,1.0,11.6844,1.0,59.2213,0.988194,60.1963,-9999,123.814,0.984028,125.853,-9999,-2.95794,0.860417,-9999,-3.05543,-2.93389,-2.52499,0.86875,0.859028,0.775,3.01063,3.10337,3.24294,4.20804,6.16363,6.17426,6.27599,6.68348,3.57538,3.86254,4.0068,4.51375,6.5907,6.56389,6.76137,6.96678,-9999,-9999
201007,22.999,1.0,473.748,300.345,0.748656,385.169,0.744624,8.914,0.0,101.141,0.935484,0.004,0.726478,1.086,0.935484,0.222923085489,0.935483870968,202.043952323,0.700268817204,-9999,-9999,32.5911842172,0.701612903226,451.786830808,0.701612903226,393.005,0.936828,28.988,1.0,23.112,16.072,1.0,1.0,12.7441,1.0,54.2034,0.936828,54.197,-9999,137.14,0.936828,137.124,-9999,-1.73734,0.873656,-9999,-1.79986,-1.67562,-1.12593,0.885081,0.896505,0.676075,3.38224,3.40603,3.62559,3.99126,5.27746,5.12589,5.19389,5.2849,3.58831,3.46271,3.55806,4.2768,5.66961,5.37066,5.51561,5.69978,-9999,-9999
201008,21.153,1.0,426.034,264.51,1.0,375.602,1.0,8.361,0.0,101.156,0.741935,0.581,1.0,1.132,0.741935,0.238597921196,0.741935483871,168.942090343,1.0,-9999,-9999,28.9676714583,1.0,440.502520161,1.0,381.5,1.0,25.672,1.0,22.377,16.191,1.0,1.0,5.75548,1.0,34.4478,1.0,34.9485,-9999,126.401,1.0,128.238,-9999,-0.023979,1.0,-9999,-0.286675,0.0491392,0.331337,1.0,1.0,0.997984,3.18674,2.9897,3.90491,4.09083,3.90287,3.30934,3.54051,3.90162,3.09587,3.17248,3.33036,4.90853,3.98282,3.82887,3.90009,4.8004,-9999,-9999
201009,19.384,1.0,352.498,204.487,1.0,368.114,1.0,6.007,0.0,101.06,1.0,0.026,1.0,1.324,1.0,0.258874102778,1.0,119.001903441,0.998611111111,-9999,-9999,22.9008165069,1.0,428.491159722,1.0,377.886,1.0,22.565,1.0,19.74,14.197,1.0,1.0,2.29391,1.0,18.3364,1.0,19.0636,-9999,94.7715,1.0,98.5302,-9999,0.585449,1.0,-9999,0.377486,0.606333,0.705735,1.0,1.0,1.0,2.85738,2.68071,2.92021,3.0081,2.32163,2.28658,2.30322,2.32774,2.7855,2.84151,2.96152,3.15631,2.65673,2.65635,2.71478,2.75073,-9999,-9999
201010,14.953,1.0,266.872,137.36,0.447581,355.88,0.445565,4.419,0.0,100.837,1.0,3.003,0.425403,1.37,0.999328,0.266772594534,0.974462365591,-9999,-9999,-9999,-9999,-9999,-9999,-9999,-9999,386.07,0.897849,16.356,1.0,28.414,16.554,1.0,1.0,-4.92361,1.0,37.9142,0.943548,40.417,-9999,31.5903,0.933468,33.6756,-9999,0.632603,0.827285,-9999,0.531519,0.637107,0.670296,0.84543,0.819892,0.768817,2.98966,2.87026,2.91068,2.94226,2.31517,2.22803,2.30372,2.35505,3.21167,3.31067,3.4335,3.81116,2.53122,2.56726,2.61399,2.71065,-9999,-9999
201011,12.122,1.0,192.735,85.426,1.0,345.955,1.0,2.954,0.0,100.531,0.985417,6.91,1.0,1.727,0.985417,0.39716450738,0.891666666667,29.2831699839,0.997916666667,-9999,-9999,13.2047074514,1.0,386.818701389,1.0,394.645,1.0,12.892,1.0,42.475,28.71,1.0,1.0,-5.26978,1.0,46.2567,1.0,50.529,-9999,-13.8919,1.0,-15.175,-9999,-0.154876,1.0,-9999,-0.187263,-0.158083,-0.142233,1.0,1.0,1.0,2.1565,2.10645,2.14358,2.18395,2.33881,2.26999,2.30616,2.33293,1.96267,1.82342,1.90655,1.96267,2.5721,2.52687,2.5522,2.57488,-9999,-9999
201012,8.821,1.0,156.885,67.088,1.0,328.359,1.0,2.998,0.0,100.794,0.893817,3.545,1.0,1.444,0.893817,0.294824002967,0.870967741935,11.1920930243,0.995967741935,-9999,-9999,11.8110106788,1.0,369.566955645,1.0,386.935,1.0,9.745,1.0,51.416,35.61,0.307124,0.307124,-7.68222,1.0,26.6184,1.0,29.9348,-9999,-12.6238,1.0,-14.1965,-9999,-0.253931,1.0,-9999,-0.256356,-0.247129,-0.229626,0.998656,1.0,1.0,1.4007,1.30824,1.37472,1.4225,1.63776,1.56097,1.61723,1.65766,1.68644,1.39594,1.5099,1.66248,2.12266,1.92825,1.99377,2.07954,-9999,-9999
201101,8.913,1.0,174.032,74.206,0.737903,329.518,0.734543,2.424,0.419355,101.387,0.704973,1.933,0.712366,1.173,0.705645,0.180681379276,0.680779569892,21.1727143041,0.695564516129,-9999,-9999,11.5361779981,0.697580645161,365.741704545,0.697580645161,395.995,0.959005,9.375,1.0,42.894,28.6,0.840054,0.840054,-4.39922,0.981855,26.1604,0.983199,30.2628,0.641395,-3.68258,0.971774,-4.26007,1.02183,-0.722979,0.818548,0.035318,-0.723082,-0.700923,-0.675557,0.818548,0.764113,0.839382,1.61865,1.57923,1.61311,1.65758,2.33609,2.29418,2.31926,2.33121,1.4947,1.39632,1.51889,1.74716,2.98352,2.82842,2.93804,3.15939,-9999,-9999
201102,9.333,1.0,235.424,119.574,0.708333,320.69,0.704613,2.766,1.0,101.303,0.979911,1.603,0.681548,1.203,0.979911,0.223316080366,0.942708333333,54.2048207092,0.66443452381,-9999,-9999,17.0538853208,0.665922619048,366.39881968,0.665922619048,392.647,0.986607,8.867,1.0,42.192,28.243,1.0,1.0,-4.46794,0.984375,36.1746,0.989583,39.8769,0.550722,19.1015,0.990327,21.0564,0.817434,-1.90551,0.846726,0.0333602,-1.89276,-1.85597,-1.78494,0.802083,0.854167,0.695685,1.16664,0.951551,1.11014,1.30427,2.98249,2.85803,2.96611,3.03231,1.42169,1.26498,1.39196,1.58327,3.49932,3.39719,3.54924,3.76637,-9999,-9999
201103,11.305,1.0,319.705,169.397,0.553763,325.752,0.549731,3.272,1.0,101.522,0.241263,0.873,0.528898,1.341,1.0,0.222991229852,0.989247311828,106.332157014,0.774193548387,-9999,-9999,-9999,-9999,-9999,-9999,390.758,0.262097,11.322,1.0,40.384,26.731,1.0,1.0,0.228534,0.990591,44.78,0.262769,49.3629,0.583877,33.2688,0.262769,36.6737,1.06525,-1.95083,0.262769,0.0378509,-2.02028,-1.95561,-1.91794,0.259409,0.25672,0.262769,2.39436,2.34794,2.39436,2.55937,4.31965,4.26935,4.31541,4.60396,1.74511,1.58847,1.67958,1.74511,4.31173,4.08882,4.21295,4.32451,-9999,-9999
201104,14.349,1.0,402.56,218.076,0.70625,339.519,0.704167,4.043,1.0,101.235,0.0,0.676,0.689583,1.195,0.999306,0.178868044479,0.984027777778,148.554390264,0.997222222222,-9999,-9999,25.2881891414,0.689583333333,395.314029582,0.689583333333,389.945,0.0,16.349,1.0,25.038,18.152,1.0,1.0,3.70124,0.997917,46.9065,0.0,47.6959,-9999,41.5512,0.0,42.2504,-9999,-2.23371,0.0,-9999,-2.35545,-2.28139,-2.23371,0.0,0.0,0.0,2.97076,2.78436,2.97076,3.20534,5.18479,5.02106,5.18479,5.55136,1.8449,1.5907,1.68455,1.8547,4.42827,3.91124,4.04967,4.44651,-9999,-9999
201105,17.624,1.0,461.245,280.861,1.0,348.209,1.0,6.318,1.0,101.423,0.0,0.051,1.0,1.245,1.0,0.208433922715,1.0,-9999,-9999,-9999,-9999,32.6797713568,0.999327956989,414.069375,1.0,383.411,0.0,21.676,1.0,23.2,15.872,0.776882,0.776882,10.068,1.0,41.3409,0.0,42.7521,-9999,101.054,0.0,104.503,-9999,-2.00036,0.0,-9999,-2.27139,-2.0275,-1.97579,0.0,0.0,0.0,3.58644,3.16344,3.57158,3.78653,5.55418,5.301,5.55418,5.80468,2.03788,1.69982,1.94564,2.07938,4.1912,3.21174,3.57362,4.21998,-9999,-9999
201106,20.608,1.0,486.15,293.352,0.01875,362.461,0.0180556,6.437,1.0,101.34,0.0,1.036,1.0,1.272,0.986111,0.243742811927,0.967361111111,-9999,-9999,-9999,-9999,-9999,-9999,-9999,-9999,367.287,0.0,25.021,1.0,22.802,15.144,1.0,1.0,10.4571,1.0,17.9735,0.0,18.3981,-9999,147.89,0.0,151.383,-9999,0.147753,0.0,-9999,-0.390787,0.158717,0.316307,0.0,0.0,0.0,4.13673,3.49506,4.12,4.34448,3.95218,3.87686,3.9967,4.05086,2.20239,1.79039,2.10697,2.24434,4.54745,3.04744,3.84339,4.60187,-9999,-9999
201107,22.828,1.0,473.748,289.52,0.0,367.024,0.0,8.5,1.0,101.026,0.340054,0.664,1.0,1.434,1.0,0.287017193518,0.993951612903,-9999,-9999,-9999,-9999,-9999,-9999,-9999,-9999,368.614,0.340726,26.753,1.0,22.056,15.175,1.0,1.0,8.64889,1.0,19.4997,0.332661,20.0878,-9999,142.953,0.332661,147.265,-9999,0.167743,0.0833333,-9999,-0.373935,0.178353,0.337176,0.100806,0.0833333,0.063172,4.54664,3.70953,4.54029,4.79328,4.35504,4.08004,4.37671,4.44005,2.31065,1.84829,2.25741,2.48703,3.30326,1.51283,2.58471,3.43699,-9999,-9999
201108,23.868,1.0,426.034,266.987,0.0,371.384,0.0,10.059,1.0,101.16,1.0,0.0,0.755376,1.092,1.0,0.211918422715,1.0,-9999,-9999,-9999,-9999,-9999,-9999,-9999,-9999,385.905,1.0,26.854,1.0,21.113,14.2,1.0,1.0,7.47893,1.0,23.9107,1.0,24.6811,-9999,149.067,1.0,153.87,-9999,1.16878,0.570565,-9999,0.536492,1.19924,1.33176,0.713038,0.547715,0.413978,2.58064,2.08146,2.76387,2.98399,1.55912,1.49628,1.56463,1.67378,2.33251,1.52141,2.29946,2.6242,2.93989,0.891473,2.40138,3.08723,-9999,-9999
201109,22.63,1.0,352.498,196.73,0.0638889,371.889,0.0625,8.004,1.0,101.273,1.0,0.823,0.0520833,1.22,1.0,0.249744799438,0.988194444444,-9999,-9999,-9999,-9999,-9999,-9999,-9999,-9999,385.172,0.99375,23.313,1.0,20.293,13.901,1.0,1.0,1.42029,1.0,24.9949,0.982639,22.8552,0.473261,103.769,0.95625,94.8858,1.0956,1.86465,0.625,0.0273251,1.40182,1.8801,2.12638,0.747917,0.6125,0.468056,3.41554,3.00791,3.46283,3.6782,1.58345,1.48768,1.55322,1.59797,2.20492,0.927164,2.17758,2.49414,2.58205,0.574232,2.18922,2.7552,-9999,-9999
201110,17.98,1.0,266.872,149.972,0.976478,346.649,0.975806,6.323,1.0,101.435,1.0,0.323,0.959677,1.095,1.0,0.196243772222,0.997983870968,66.8922951367,0.959005376344,-9999,-9999,14.2056403194,0.959677419355,416.522173611,0.959677419355,384.969,0.999328,17.536,1.0,19.607,13.733,1.0,1.0,-3.48881,1.0,11.1856,0.998656,10.228,0.357559,64.3076,1.0,58.8025,0.851405,1.00588,0.926075,0.0183447,0.782572,1.00919,1.06866,0.941532,0.936156,0.938172,1.71744,1.69245,1.72054,1.73916,0.719606,0.671899,0.719606,0.891923,1.86334,1.74987,2.10198,2.68497,2.21127,1.61371,2.02093,2.32198,-9999,-9999
201111,14.76,1.0,192.735,83.85,0.465278,347.528,0.463889,3.228,1.0,101.425,0.99375,3.95,0.452083,1.154,0.99375,0.224676599172,0.959027777778,-9999,-9999,-9999,-9999,-9999,-9999,-9999,-9999,399.396,0.781944,13.443,1.0,34.058,26.126,1.0,1.0,-7.39927,1.0,27.479,0.920139,25.1266,0.395934,6.93871,0.902778,6.34471,0.61495,0.560198,0.588889,0.024613,0.284001,0.488891,0.51143,0.597222,0.580556,0.588889,2.10953,1.92472,2.08126,2.13645,1.53988,1.42482,1.51681,1.62816,1.80299,1.42336,1.63547,1.80711,1.76047,1.49295,1.51821,1.72585,-9999,-9999
201112,13.9,1.0,156.885,67.04,1.0,335.189,1.0,4.172,1.0,101.655,1.0,2.768,1.0,1.952,1.0,0.411685890517,0.965053763441,2.64222253989,0.999327956989,-9999,-9999,6.29236511425,1.0,391.81063172,1.0,404.838,0.977151,11.667,1.0,37.601,28.406,1.0,1.0,-5.99822,1.0,28.4462,0.999328,30.3095,0.583457,-18.1867,0.999328,-19.378,0.768502,-0.0665733,0.948253,0.0309023,-0.0665733,-0.0532559,-0.00781082,0.948253,0.948253,0.942204,2.00865,2.0232,2.06424,2.12922,2.08809,2.09118,2.12851,2.14637,2.67627,1.91965,2.46829,2.65412,2.53081,2.24681,2.45962,2.52644,-9999,-9999
201201,10.848,1.0,174.032,76.857,1.0,340.77,1.0,2.952,1.0,101.724,0.954301,0.916,1.0,1.586,0.954301,0.312685127123,0.84811827957,32.6488003562,1.0,-9999,-9999,7.20312280914,1.0,376.551310484,1.0,417.752,0.91129,9.593,1.0,32.612,24.849,1.0,1.0,-6.24478,1.0,18.1502,0.999328,17.8255,0.5441,4.36819,0.999328,4.29005,0.749255,-0.385098,0.860215,0.0210929,-0.4073,-0.387226,-0.370879,0.859543,0.788978,0.801075,1.28501,1.24397,1.27091,1.29313,1.66852,1.62267,1.66533,1.69582,1.05521,1.05352,1.34927,1.49739,1.64718,1.58973,1.80192,1.97355,-9999,-9999
201202,7.207,1.0,236.805,100.243,1.0,309.368,1.0,2.23,1.0,101.372,0.920259,2.276,1.0,1.58,0.920259,0.290363442199,0.857040229885,39.153822036,0.996408045977,-9999,-9999,9.5657072342,1.0,358.884715944,0.992097701149,442.381,0.994253,7.101,1.0,40.294,30.088,1.0,1.0,-6.55189,0.999282,30.3773,0.997845,29.8339,0.689591,17.2412,0.997126,16.9327,0.931546,-0.747969,0.933908,0.0266228,-0.799286,-0.75851,-0.742976,0.959052,0.93319,0.934626,1.0674,0.955493,1.02061,1.06231,1.81589,1.71441,1.80811,1.82045,1.51688,0.798091,0.92363,1.19095,2.215,1.78378,1.92404,2.01872,-9999,-9999
201203,11.41,1.0,322.624,190.416,1.0,310.25,1.0,3.688,1.0,101.921,0.952957,0.323,1.0,1.269,0.951613,0.219090500274,0.942204301075,99.152489207,1.0,-9999,-9999,18.4871067742,1.0,381.779939516,1.0,452.568,1.0,11.263,1.0,29.224,23.53,1.0,1.0,0.590594,1.0,30.7892,1.0,30.6836,0.560233,68.4136,1.0,68.1789,0.845027,-1.22727,0.973118,0.0305739,-1.20634,-1.15594,-1.08449,0.973118,0.969758,0.963038,1.3473,1.3473,1.36566,1.4339,2.55774,2.52355,2.5433,2.56424,1.71758,1.51241,1.67036,1.98331,2.90271,2.76965,2.89914,3.04933,-9999,-9999
201204,14.695,1.0,404.946,202.744,1.0,341.287,1.0,4.003,1.0,100.525,1.0,1.273,1.0,1.617,1.0,0.317420185358,0.979861111111,120.781036573,0.996527777778,-9999,-9999,19.9644954375,1.0,400.906715278,1.0,455.116,0.995833,15.964,1.0,23.496,18.1,1.0,1.0,3.30429,0.998611,41.9646,0.998611,45.523,0.793892,69.1733,0.998611,75.0389,1.03031,-0.96671,0.984722,0.0312756,-1.09905,-0.978804,-0.960592,0.977778,0.981944,0.983333,2.13289,2.11917,2.18293,2.20628,3.1415,3.15898,3.17291,3.19543,2.00642,1.89413,2.01217,2.14023,3.17194,3.04425,3.12376,3.23413,-9999,-9999
201205,16.845,1.0,462.63,274.616,1.0,345.712,1.0,4.271,1.0,101.227,1.0,3.497,1.0,1.374,1.0,0.269858101526,0.944220430108,176.494868501,0.997311827957,-9999,-9999,27.1452086156,1.0,414.530759409,1.0,476.399,0.999328,19.833,1.0,29.954,23.304,1.0,1.0,7.03644,1.0,50.8733,0.998656,53.9692,0.82321,110.481,0.999328,117.204,0.93874,-0.568525,0.964382,0.0267834,-0.640529,-0.553045,-0.533403,0.976478,0.941532,0.923387,2.59201,2.23837,2.71323,2.73732,3.30046,2.9584,3.25886,3.27728,2.40548,2.16727,2.33734,2.425,3.31686,3.02474,3.21092,3.29452,-9999,-9999
201206,22.349,1.0,486.336,322.261,1.0,367.834,1.0,7.963,1.0,101.148,1.0,0.027,1.0,1.294,1.0,0.229732496528,1.0,208.177966531,0.999305555556,-9999,-9999,32.45757375,1.0,448.694604167,1.0,462.036,1.0,26.958,1.0,25.829,19.142,1.0,1.0,14.2943,1.0,54.9587,0.999306,59.3055,0.610042,125.035,1.0,134.924,0.88059,-0.780519,0.909028,0.0292562,-1.62009,-0.572317,-0.495457,0.965972,0.931944,0.938889,3.09114,2.6458,3.40052,3.66528,4.12997,3.98048,4.12997,4.21944,2.97559,2.98089,3.12043,3.25253,3.91742,3.86639,3.91742,4.03461,-9999,-9999
201207,23.314,1.0,472.732,315.318,1.0,369.762,1.0,8.774,1.0,101.107,1.0,0.142,0.999328,1.253,1.0,0.236384489919,1.0,196.39654579,0.998655913978,-9999,-9999,32.6493333609,0.999327956989,454.285840197,0.999327956989,429.594,1.0,28.024,1.0,23.302,16.389,0.997984,1.0,9.82162,1.0,37.6283,0.999328,39.0959,0.505977,142.506,1.0,148.064,0.919541,-0.457406,0.949597,0.0290572,-0.834125,-0.415978,0.0695076,0.983871,0.958333,0.972446,2.25488,1.92309,2.40579,2.93435,2.88611,2.66297,2.8215,2.88611,2.34,2.07501,2.20905,2.34996,2.53801,2.37582,2.44292,2.69238,-9999,-9999
201208,24.918,1.0,423.983,282.406,1.0,381.542,1.0,9.959,1.0,101.16,1.0,0.0,1.0,1.189,1.0,0.225089530914,1.0,170.783308582,1.0,-9999,-9999,29.1829943145,1.0,462.848891129,1.0,424.057,1.0,27.74,1.0,21.544,15.232,1.0,1.0,7.2143,1.0,24.2758,1.0,25.0523,0.554638,134.224,1.0,138.517,0.850624,0.729053,0.903226,0.0303445,0.170404,0.790665,1.47799,0.995296,0.899866,0.928763,1.54624,1.17775,2.15069,2.54794,1.35681,0.864536,1.02032,1.1214,3.34584,2.08261,2.82757,3.37161,1.88743,0.924892,1.38111,1.96837,-9999,-9999
201209,20.984,1.0,349.778,193.801,1.0,383.282,1.0,5.641,1.0,101.028,1.0,1.553,1.0,1.334,1.0,0.250763576654,0.991666666667,104.512160182,0.798611111111,-9999,-9999,19.3510831667,1.0,435.606097222,1.0,418.782,0.995833,21.654,1.0,25.357,17.714,1.0,1.0,-0.541418,1.0,28.4448,0.996528,30.3864,0.645688,73.1262,0.997222,78.1178,0.706408,0.389324,0.913194,0.0326912,-0.0207859,0.389324,0.686806,0.959028,0.913194,0.970139,3.14269,2.93361,3.30099,3.3642,2.92878,2.67864,2.81158,2.98079,3.17812,2.9296,2.96741,3.203,2.58097,2.55106,2.62136,2.70805,-9999,-9999
201210,19.077,1.0,264.109,110.179,0.998656,408.826,0.998656,4.63,1.0,100.921,0.83871,3.174,0.997312,1.367,0.83871,0.239169299242,0.805779569892,-9999,-9999,-9999,-9999,-9999,-9999,420.764210097,0.627016129032,421.753,0.832661,18.199,1.0,26.382,19.32,1.0,1.0,-4.51039,1.0,28.3105,0.980511,30.243,0.6047,39.7776,0.981183,42.4927,0.798299,0.252474,0.794355,0.0288167,-0.117352,0.314975,0.79795,0.836694,0.793011,0.765457,2.69168,2.15526,2.78439,2.8918,2.66946,2.04277,2.1763,2.34937,2.71348,2.4525,2.53192,2.71348,1.97682,1.78267,1.94733,1.98379,-9999,-9999
201211,15.066,1.0,190.824,80.559,1.0,351.422,1.0,3.037,1.0,101.059,0.133333,2.853,1.0,1.45,0.133333,-9999,-9999,26.8870395199,0.998611111111,-9999,-9999,6.90590179861,1.0,396.4138125,1.0,437.884,0.294444,13.971,1.0,34.555,26.525,1.0,1.0,-6.20807,1.0,29.6986,0.348611,32.4416,0.62796,-7.44787,0.345833,-8.13576,0.796322,0.125451,0.333333,0.0305602,-0.107272,0.0171101,0.116363,0.331944,0.333333,0.323611,1.90358,1.60568,1.91275,1.99577,1.93951,1.78929,1.88333,1.90444,2.24371,1.93937,2.23306,2.31321,2.09982,1.78694,2.09168,2.11108,-9999,-9999
201212,12.079,1.0,156.567,66.826,1.0,320.083,1.0,3.172,1.0,101.351,0.967742,0.877,0.999328,1.884,0.967742,0.391296405575,0.870967741935,1.583501405,0.999327956989,-9999,-9999,5.77623686213,0.999327956989,377.947349005,0.999327956989,468.867,0.987903,10.376,1.0,35.435,27.895,1.0,1.0,-6.55467,1.0,20.2123,0.997312,19.1477,0.417018,-8.84417,0.997312,-8.37833,0.747569,-0.697039,0.981855,0.0293624,-0.75229,-0.711081,-0.67919,0.974462,0.983199,0.975806,1.05164,1.01347,1.02542,1.07567,1.73533,1.73716,1.75327,1.76631,1.62121,1.52616,1.60713,1.64873,2.20138,2.14696,2.19887,2.23894,-9999,-9999
201301,10.998,1.0,174.032,67.484,1.0,331.585,1.0,2.402,1.0,100.99,0.90793,5.516,1.0,1.864,0.90793,0.394705038373,0.782930107527,15.7093055981,1.0,-9999,-9999,6.19077530914,1.0,376.036794355,1.0,482.189,1.0,9.759,1.0,41.561,32.857,1.0,1.0,-6.63468,0.999328,28.4889,0.994624,26.9883,0.388333,-4.04091,0.998656,-3.82807,0.733893,-0.8939,0.976478,0.0275276,-0.91026,-0.903738,-0.8939,0.982527,0.975134,0.976478,0.875206,0.849699,0.874465,0.893619,1.79247,1.76999,1.78013,1.79247,1.56075,1.52124,1.60817,1.78563,2.22484,2.16134,2.22484,2.30179,-9999,-9999
201302,9.621,1.0,235.424,102.896,1.0,317.146,1.0,2.637,1.0,100.787,0.704613,2.786,1.0,1.843,0.704613,0.384986628766,0.654017857143,41.6446022768,1.0,-9999,-9999,9.45247227679,1.0,367.688377976,1.0,470.522,0.924107,8.77,1.0,41.198,31.291,1.0,1.0,-6.12242,0.995536,36.1519,0.916667,38.9539,0.562118,9.55673,0.922619,10.2974,0.950694,-1.27644,0.881696,0.0288848,-1.35275,-1.2909,-1.24324,0.84747,0.879464,0.897321,0.993697,0.802419,0.966133,1.00749,2.24165,2.2103,2.23103,2.24472,1.13864,0.998952,1.12093,1.14788,2.36579,2.19451,2.23286,2.33013,-9999,-9999
201303,12.497,1.0,319.705,132.39,1.0,339.651,1.0,2.329,1.0,100.301,0.322581,2.568,1.0,1.925,0.322581,-9999,-9999,72.3218209101,0.999327956989,-9999,-9999,12.1612048589,1.0,386.191169355,1.0,460.348,0.523522,12.013,1.0,40.277,31.27,1.0,1.0,1.19732,1.0,32.1056,0.516129,35.2604,0.505683,32.9028,0.523522,36.136,0.986041,-1.0358,0.518817,0.036355,-1.02992,-1.00206,-0.964866,0.511425,0.515457,0.50672,1.75772,1.5169,1.70268,1.74822,2.7372,2.45809,2.71174,2.75871,1.24826,1.20635,1.30913,1.4295,2.27985,2.20245,2.30974,2.42847,-9999,-9999
201304,14.632,1.0,402.56,200.166,1.0,342.759,1.0,3.674,1.0,101.026,0.996528,1.44,1.0,1.528,0.996528,0.276645333295,0.969444444444,125.013638118,1.0,-9999,-9999,19.1250688403,1.0,397.7529375,1.0,426.898,1.0,15.278,1.0,34.187,27.337,1.0,1.0,3.26202,1.0,46.5373,0.990972,52.0763,0.593936,65.2328,1.0,72.997,1.02472,-1.51355,0.989583,0.040099,-1.83218,-1.51879,-1.49417,0.989583,0.989583,0.990278,2.58902,2.44881,2.55198,2.59473,4.158,4.07619,4.15424,4.27175,2.355,2.355,2.43106,2.58816,4.14453,4.13691,4.16924,4.29244,-9999,-9999
201305,16.395,1.0,461.245,249.798,1.0,355.494,1.0,3.687,1.0,100.935,0.997984,1.839,1.0,1.74,0.997984,0.346090486769,0.963037634409,169.311783563,0.996639784946,-9999,-9999,23.9589861383,0.999327956989,409.075793011,1.0,402.471,1.0,19.156,1.0,23.969,19.567,1.0,1.0,6.25,1.0,59.3373,1.0,64.476,0.737777,92.6611,0.999328,100.686,1.15626,-2.09227,0.989919,0.0484737,-2.41912,-2.14654,-2.09227,0.997984,0.975806,0.989919,3.34137,2.96963,3.33518,3.35202,5.47674,5.38221,5.41434,5.4688,3.02899,2.78927,2.91293,2.99396,5.32261,5.14647,5.2332,5.31811,-9999,-9999
201306,19.933,1.0,486.15,300.858,1.0,362.608,1.0,6.133,1.0,101.288,0.79375,0.033,1.0,1.319,0.79375,0.253746065001,0.792361111111,202.564493472,1.0,-9999,-9999,29.7354421896,0.999305555556,430.092680556,1.0,391.85,0.984722,24.146,1.0,23.663,19.417,1.0,1.0,13.4898,0.999306,49.5382,0.972917,53.2606,0.512331,125.331,0.984028,134.748,0.930436,-2.36439,0.934028,0.0403751,-2.94223,-2.25807,-2.09966,0.965972,0.927083,0.925,2.66999,2.35474,3.39129,3.68096,5.5814,5.32176,5.60776,5.7864,2.8143,2.84658,2.89404,2.94902,5.22726,5.20251,5.27263,5.34666,-9999,-9999
201307,24.057,1.0,473.748,309.217,1.0,387.101,1.0,8.028,1.0,101.455,0.0,0.0,1.0,0.816,0.0,-9999,-9999,207.201884032,1.0,-9999,-9999,30.3472530712,1.0,457.659267473,1.0,368.276,0.0241935,28.247,1.0,21.056,16.158,1.0,1.0,15.2432,1.0,41.8874,0.020161,44.1848,0.607044,143.258,0.024194,151.115,1.24911,-1.00828,0.0255376,0.0456853,-1.50985,-0.913128,-0.62604,0.0215054,0.0221774,0.0228495,2.83038,2.20264,2.26873,2.58279,3.59107,2.81754,3.69961,3.79748,2.82068,2.68561,2.82707,3.42684,4.19359,4.2232,4.579,4.83268,-9999,-9999
201308,24.227,1.0,426.034,267.275,1.0,387.599,1.0,9.622,1.0,101.169,0.823925,0.0,1.0,1.102,0.823925,0.236220991454,0.823924731183,169.319519637,1.0,-9999,-9999,26.1589725134,1.0,458.129045699,1.0,350.617,0.978495,27.287,1.0,19.794,15.236,1.0,1.0,7.8416,1.0,25.3006,0.977823,26.1747,0.385221,130.505,0.978495,135.014,0.857827,-0.055136,0.928763,0.028915,-0.575616,-0.048846,0.558013,0.969086,0.943548,0.942876,2.08633,1.52292,2.25494,2.3548,2.36254,1.9187,2.05066,2.29793,1.99804,1.95394,2.06173,2.19212,2.04635,2.06139,2.09665,2.17051,-9999,-9999
201309,21.069,1.0,352.498,199.015,1.0,375.809,1.0,6.001,1.0,101.209,0.997222,0.48,1.0,1.413,0.997222,0.287458445913,0.980555555556,120.604265604,1.0,-9999,-9999,18.4599054514,1.0,434.55296875,1.0,382.044,0.978472,21.888,1.0,19.344,14.956,1.0,1.0,0.406116,1.0,22.3465,0.941667,22.9527,0.507147,95.182,0.993056,97.7642,0.856953,1.45475,0.951389,0.0316104,0.660111,1.45794,1.76705,0.936806,0.951389,0.947222,3.23991,2.88256,3.37807,3.51255,1.96297,1.71644,1.94099,2.17831,3.13689,3.06682,3.14901,3.334,2.03023,1.98207,2.03023,2.1062,-9999,-9999
201310,20.392,1.0,266.872,135.549,1.0,375.698,1.0,4.426,1.0,101.319,0.997984,1.89,1.0,1.133,0.997984,0.213660093542,0.98252688172,69.9047253955,0.999327956989,-9999,-9999,11.9966442445,0.999327956989,428.048137726,0.999327956989,390.86,1.0,19.224,1.0,24.564,20.511,1.0,1.0,-2.77632,1.0,28.9272,1.0,30.4011,0.572408,40.2953,1.0,42.3483,0.784572,0.201193,0.973118,0.0350765,-0.403412,0.201193,0.69017,0.995296,0.973118,0.957661,2.81811,2.31203,2.95658,3.04749,2.76715,2.35423,2.556,2.70898,3.21718,3.21675,3.37809,3.63854,2.72274,2.66419,2.74937,2.89543,-9999,-9999
201311,14.263,1.0,192.735,82.881,1.0,343.699,1.0,3.978,1.0,100.85,0.975694,3.007,1.0,1.703,0.975694,0.384086957887,0.888888888889,22.7152211819,0.999305555556,-9999,-9999,7.52974649084,0.998611111111,394.775020833,1.0,404.978,1.0,13.259,1.0,29.99,24.307,1.0,1.0,-11.6457,1.0,35.9639,0.986111,40.9112,0.629962,-6.04444,0.999306,-6.87595,0.928027,-0.337263,0.973611,0.0314136,-0.406356,-0.384607,-0.333007,0.984028,0.95,0.961111,1.97161,1.89952,1.91927,1.9601,2.31771,2.26133,2.28143,2.31532,2.35043,2.37097,2.43082,2.46697,2.52277,2.54203,2.57755,2.68469,-9999,-9999
201312,10.985,1.0,156.885,68.028,1.0,328.368,1.0,2.603,1.0,101.902,0.918011,0.671,1.0,1.278,0.918011,0.266468076178,0.895161290323,17.0723164628,0.998655913978,-9999,-9999,6.14003572352,0.999327956989,371.623494624,1.0,405.771,0.997984,9.74,1.0,30.468,25.374,1.0,1.0,-8.64574,1.0,18.2277,0.97379,23.086,0.3715,2.56825,0.997312,3.25277,0.712226,-0.608581,0.959677,0.0283825,-1.00084,-0.593118,-0.536869,0.955645,0.957661,0.94422,1.30688,1.2008,1.31429,1.38276,1.92198,1.91551,1.94184,2.19348,1.62159,1.51203,1.65636,1.8933,2.25302,2.16494,2.26598,2.32701,-9999,-9999
201401,11.434,1.0,174.032,64.969,1.0,339.76,1.0,2.099,1.0,100.916,0.396505,2.419,1.0,1.67,0.396505,-9999,-9999,20.3641070865,0.998655913978,-9999,-9999,6.28464481183,1.0,376.568373656,1.0,412.664,0.992608,10.263,1.0,32.601,26.744,1.0,1.0,-5.855,1.0,24.175,0.801747,27.9977,0.468514,5.76348,0.989919,6.67485,1.06948,-1.26728,0.686156,0.0409381,-1.26728,-1.22976,-0.919502,0.686156,0.711022,0.442876,0.00450416,0.192543,0.231504,0.681583,1.27209,1.12319,1.26939,2.04195,0.821767,0.595535,0.821767,1.19589,1.88602,1.82062,1.91109,2.06051,-9999,-9999
201402,12.125,1.0,235.424,103.686,1.0,325.704,1.0,2.648,1.0,101.071,0.55506,2.879,1.0,1.734,0.55506,0.319998408779,0.549851190476,38.7315475446,1.0,-9999,-9999,10.0788249182,1.0,379.354375,1.0,396.472,0.768601,10.847,1.0,36.114,30.098,1.0,1.0,-4.33881,1.0,32.9549,0.537946,34.5933,0.451821,14.4494,0.770089,15.1678,0.899277,-1.73081,0.552083,0.0440439,-1.79872,-1.6555,-1.54577,0.539435,0.546131,0.506696,0.417966,0.382017,0.432072,0.466537,2.15579,2.05737,2.14762,2.18444,0.954685,0.837299,0.954685,1.22898,2.71991,2.66364,2.74104,2.94525,-9999,-9999
201403,12.054,1.0,319.705,162.291,1.0,317.947,1.0,3.294,1.0,101.148,1.0,2.013,1.0,1.721,1.0,0.318548411559,0.979166666667,82.7926478562,1.0,-9999,-9999,16.3451679704,1.0,379.898649194,1.0,396.088,1.0,11.575,1.0,30.463,26.036,1.0,1.0,-2.75219,1.0,36.7942,1.0,42.7706,0.492858,36.7973,1.0,42.7742,0.799987,-1.80278,0.985215,0.0396502,-2.078,-1.80786,-1.77627,0.998656,0.985887,0.984543,1.7965,1.57236,1.80868,1.88699,3.59992,3.63285,3.65744,3.68214,1.74277,1.57673,1.67985,1.8012,3.68154,3.65442,3.66771,3.75291,-9999,-9999
201404,14.756,1.0,402.56,223.774,1.0,333.944,1.0,3.155,1.0,100.991,1.0,1.293,1.0,1.438,1.0,0.262762674521,0.984722222222,143.516842751,0.691666666667,-9999,-9999,22.6932991597,1.0,395.279467593,0.691666666667,390.601,0.999306,16.135,1.0,28.017,22.428,1.0,1.0,4.07208,1.0,45.3465,0.996528,47.124,0.57565,80.3006,1.0,83.4482,0.873024,-2.25384,0.939583,0.0383713,-2.58018,-2.29706,-2.25791,0.993056,0.95625,0.955556,2.66364,2.39919,2.77909,2.83473,5.08674,4.96561,5.06729,5.09862,2.83772,2.42538,2.51838,2.87037,4.89766,4.87759,5.03327,5.21747,-9999,-9999
201405,16.711,1.0,461.245,277.16,1.0,335.595,1.0,4.353,1.0,101.202,1.0,0.761,1.0,1.341,1.0,0.241894213972,0.997311827957,191.889960022,0.565188172043,-9999,-9999,28.3930404188,0.999327956989,399.344449588,0.566532258065,392.123,0.99664,20.498,1.0,24.01,18.682,1.0,1.0,9.57203,1.0,46.455,0.981183,52.4909,0.575184,113.318,0.997984,128.042,0.875438,-2.16087,0.97043,0.0369204,-3.29142,-2.20269,-2.15884,0.977151,0.966398,0.972446,2.72264,2.04914,3.14954,3.19387,5.3149,5.3149,5.36007,5.43844,3.58866,3.32499,3.58866,3.91162,5.86169,5.71515,5.84572,5.95776,-9999,-9999
201406,21.838,1.0,486.15,312.045,1.0,359.991,1.0,8.056,1.0,101.123,1.0,1.153,1.0,1.248,1.0,0.226915846348,0.993055555556,209.80703099,0.999305555556,-9999,-9999,31.9374850833,1.0,429.016201389,1.0,384.263,0.998611,25.847,1.0,23.85,18.855,0.990278,0.990278,13.5782,1.0,54.4732,0.997917,56.5076,0.620169,134.525,0.998611,139.549,0.989566,-1.20372,0.972222,0.038202,-1.80565,-1.16122,-0.495979,0.995139,0.954167,0.958333,2.98503,1.79393,3.35856,3.70821,4.48741,3.63772,4.20445,4.43617,3.6817,3.55443,3.80192,4.01865,4.35991,4.38557,4.41965,4.45999,-9999,-9999
201407,23.039,1.0,473.748,267.953,1.0,371.917,1.0,7.775,1.0,101.046,1.0,0.219,1.0,1.699,1.0,0.34961553325,0.998655913978,176.570799911,1.0,-9999,-9999,27.1094108602,1.0,435.205423387,1.0,378.077,1.0,26.793,1.0,21.312,16.404,1.0,1.0,10.6055,1.0,32.8675,0.961022,35.0555,0.481437,122.431,0.999328,130.581,0.911397,-0.456591,0.931452,0.030121,-0.593874,-0.452897,0.0301631,0.959677,0.932124,0.898522,1.99622,1.93906,2.00823,2.89378,2.47333,2.52628,2.57794,2.85074,3.08817,2.91735,3.46847,3.78486,3.21351,3.16199,3.48935,3.59273,-9999,-9999
201408,23.43,1.0,426.034,277.956,0.998656,363.157,1.0,7.386,1.0,101.099,1.0,0.084,1.0,1.258,1.0,0.248182673542,1.0,173.228759241,0.996639784946,-9999,-9999,27.0617473519,0.996639784946,437.714375,1.0,373.245,1.0,26.519,1.0,20.221,15.703,1.0,1.0,8.3379,1.0,19.5322,0.922043,20.7695,0.345223,139.31,1.0,148.135,0.838403,0.814048,0.946237,0.0260944,0.712623,0.801969,0.840664,0.915995,0.969758,0.968414,2.57782,2.4671,2.5044,2.53937,1.72871,1.67133,1.72775,1.75402,2.25778,2.37318,2.46097,3.02503,1.81136,1.84845,1.90852,2.25949,-9999,-9999
201409,22.286,1.0,352.498,197.106,1.0,367.49,0.999306,6.345,1.0,101.124,1.0,0.08,1.0,1.048,1.0,0.216092756322,0.998611111111,117.781513957,0.965972222222,-9999,-9999,18.8111611457,0.999305555556,427.72283046,0.966666666667,387.418,0.986111,23.579,1.0,19.534,15.31,1.0,1.0,2.62025,1.0,13.3184,0.875,13.4391,0.381814,100.835,0.988194,101.748,0.794154,0.867695,0.866667,0.0279379,0.632666,0.809817,1.09785,0.869444,0.865278,0.88125,2.03466,1.9049,2.0353,2.20198,1.14836,1.12739,1.20804,1.27696,2.2699,1.82183,1.99511,2.68748,1.21463,1.00816,1.09131,1.47258,-9999,-9999
201410,19.767,1.0,266.872,146.809,1.0,353.206,0.500672,5.581,1.0,101.406,0.238575,0.574,1.0,1.201,0.238575,-9999,-9999,-9999,-9999,-9999,-9999,13.1987741532,1.0,-9999,-9999,-9999,-9999,18.952,1.0,19.377,15.221,1.0,1.0,-3.95463,1.0,12.1897,0.418011,12.3001,0.432185,55.1262,0.419355,55.6256,0.911926,1.0907,0.38172,0.0250928,0.926835,1.05433,1.0942,0.387769,0.406586,0.397849,0.942027,0.958287,0.999661,1.01957,-0.0702544,-0.0971941,-0.0510575,0.0429791,2.29309,0.984564,1.56826,2.33487,0.803354,0.429844,0.576683,0.9697,-9999,-9999
201411,16.817,1.0,192.735,79.737,1.0,334.266,1.0,4.156,1.0,101.01,0.0,3.213,1.0,1.463,0.0,-9999,-9999,25.4357327969,1.0,-9999,-9999,7.72597793056,1.0,379.732659722,1.0,-9999,-9999,14.823,1.0,30.504,24.319,1.0,1.0,-5.57115,1.0,7.99207,0.0,9.20433,-9999,17.4533,0.0,20.1007,-9999,1.22658,0.0,-9999,0.852592,1.12261,1.22362,0.0,0.0,0.0,0.70845,0.744195,0.780746,0.794986,-0.417116,-0.43522,-0.328755,-0.181263,2.19326,0.601592,1.32456,1.97474,0.605105,0.298488,0.393355,0.753231,-9999,-9999
201412,12.661,1.0,156.885,61.822,1.0,301.09,1.0,3.351,1.0,101.394,0.0,2.645,1.0,1.607,0.0,-9999,-9999,9.03217091586,1.0,-9999,-9999,6.06104936156,1.0,346.75374328,1.0,-9999,-9999,11.593,1.0,33.59,27.907,1.0,1.0,-11.2482,1.0,7.29849,0.0,8.77316,-9999,26.9145,0.0,32.3526,-9999,1.19471,0.0,-9999,0.842457,1.14156,1.16866,0.0,0.0,0.0,0.601871,0.61508,0.66293,0.69184,-0.471363,-0.497406,-0.471203,-0.258765,2.0429,0.47996,1.17738,1.57236,0.557453,0.282724,0.367265,0.703505,-9999,-9999
