TIMESTAMP,TA_F,TA_F_QC,SW_IN_POT,SW_IN_F,SW_IN_F_QC,LW_IN_F,LW_IN_F_QC,VPD_F,VPD_F_QC,PA_F,PA_F_QC,P_F,P_F_QC,WS_F,WS_F_QC,USTAR,USTAR_QC,NETRAD,NETRAD_QC,PPFD_IN,PPFD_IN_QC,PPFD_OUT,PPFD_OUT_QC,SW_OUT,SW_OUT_QC,CO2_F_MDS,CO2_F_MDS_QC,TS_F_MDS_1,TS_F_MDS_1_QC,SWC_F_MDS_1,SWC_F_MDS_1_QC,G_F_MDS,G_F_MDS_QC,LE_F_MDS,LE_F_MDS_QC,LE_CORR,LE_RANDUNC,H_F_MDS,H_F_MDS_QC,H_CORR,H_RANDUNC,NEE_VUT_REF,NEE_VUT_REF_QC,NEE_VUT_REF_RANDUNC,NEE_VUT_25,NEE_VUT_50,NEE_VUT_75,NEE_VUT_25_QC,NEE_VUT_50_QC,NEE_VUT_75_QC,RECO_NT_VUT_REF,RECO_NT_VUT_25,RECO_NT_VUT_50,RECO_NT_VUT_75,GPP_NT_VUT_REF,GPP_NT_VUT_25,GPP_NT_VUT_50,GPP_NT_VUT_75,RECO_DT_VUT_REF,RECO_DT_VUT_25,RECO_DT_VUT_50,RECO_DT_VUT_75,GPP_DT_VUT_REF,GPP_DT_VUT_25,GPP_DT_VUT_50,GPP_DT_VUT_75,RECO_SR,RECO_SR_N
200101,-13.157,0.0,66.8741,22.749,0.0,212.864,0.0,0.919,0.0,98.15,0.0,0.42,0.0,2.09,0.0,-9999,-9999,-9999,-9999,-9999,-9999,-9999,-9999,-9999,-9999,-9999,-9999,-9999,-9999,-9999,-9999,-9999,1.0,47.1665,0.0,-9999,-9999,23.5501,0.0,-9999,-9999,0.49213,0.0,-9999,0.463309,0.49213,0.522043,0.0,0.0,0.0,-9999,-9999,-9999,-9999,-9999,-9999,-9999,-9999,-9999,-9999,-9999,-9999,-9999,-9999,-9999,-9999,-9999,-9999
200102,-19.58,0.0,128.94,59.101,0.0,179.03,0.0,0.898,0.0,98.641,0.0,0.204,0.0,1.909,0.0,-9999,-9999,-9999,-9999,-9999,-9999,-9999,-9999,-9999,-9999,-9999,-9999,-9999,-9999,-9999,-9999,-9999,1.0,47.0255,0.0,-9999,-9999,23.731,0.0,-9999,-9999,0.475737,0.0,-9999,0.447717,0.475737,0.50586,0.0,0.0,0.0,-9999,-9999,-9999,-9999,-9999,-9999,-9999,-9999,-9999,-9999,-9999,-9999,-9999,-9999,-9999,-9999,-9999,-9999
200103,-6.955,0.0,228.511,100.616,0.0,229.615,0.0,1.535,0.0,98.429,0.0,0.522,0.0,2.048,0.0,-9999,-9999,-9999,-9999,-9999,-9999,-9999,-9999,-9999,-9999,-9999,-9999,-9999,-9999,-9999,-9999,-9999,1.0,46.9001,0.0,-9999,-9999,23.9473,0.0,-9999,-9999,0.494404,0.0,-9999,0.466122,0.494404,0.526666,0.0,0.0,0.0,-9999,-9999,-9999,-9999,-9999,-9999,-9999,-9999,-9999,-9999,-9999,-9999,-9999,-9999,-9999,-9999,-9999,-9999
200104,2.633,0.0,342.179,183.654,0.0,248.697,0.0,3.992,0.0,98.305,0.0,0.32,0.0,2.124,0.0,-9999,-9999,-9999,-9999,-9999,-9999,-9999,-9999,-9999,-9999,-9999,-9999,-9999,-9999,-9999,-9999,-9999,1.0,47.0309,0.0,-9999,-9999,23.7432,0.0,-9999,-9999,0.487813,0.0,-9999,0.459709,0.487813,0.518601,0.0,0.0,0.0,-9999,-9999,-9999,-9999,-9999,-9999,-9999,-9999,-9999,-9999,-9999,-9999,-9999,-9999,-9999,-9999,-9999,-9999
200105,11.212,0.0,435.229,198.106,0.0,291.43,0.0,6.524,0.0,97.925,0.0,1.428,0.0,2.549,0.0,-9999,-9999,-9999,-9999,-9999,-9999,-9999,-9999,-9999,-9999,-9999,-9999,-9999,-9999,-9999,-9999,-9999,1.0,47.1665,0.0,-9999,-9999,23.5501,0.0,-9999,-9999,0.49213,0.0,-9999,0.463309,0.49213,0.522043,0.0,0.0,0.0,-9999,-9999,-9999,-9999,-9999,-9999,-9999,-9999,-9999,-9999,-9999,-9999,-9999,-9999,-9999,-9999,-9999,-9999
200106,15.748,0.0,479.821,227.465,0.0,308.317,0.0,8.871,0.0,98.217,0.0,1.034,0.0,2.145,0.0,-9999,-9999,-9999,-9999,-9999,-9999,-9999,-9999,-9999,-9999,-9999,-9999,-9999,-9999,-9999,-9999,-9999,1.0,47.0309,0.0,-9999,-9999,23.7432,0.0,-9999,-9999,0.487813,0.0,-9999,0.459709,0.487813,0.518601,0.0,0.0,0.0,-9999,-9999,-9999,-9999,-9999,-9999,-9999,-9999,-9999,-9999,-9999,-9999,-9999,-9999,-9999,-9999,-9999,-9999
200107,20.558,0.0,459.135,211.082,0.0,340.988,0.0,9.545,0.0,97.98,0.0,1.152,0.0,2.383,0.0,-9999,-9999,-9999,-9999,-9999,-9999,-9999,-9999,-9999,-9999,-9999,-9999,-9999,-9999,-9999,-9999,-9999,1.0,47.026,0.0,-9999,-9999,23.7322,0.0,-9999,-9999,0.476906,0.0,-9999,0.448878,0.476906,0.507093,0.0,0.0,0.0,-9999,-9999,-9999,-9999,-9999,-9999,-9999,-9999,-9999,-9999,-9999,-9999,-9999,-9999,-9999,-9999,-9999,-9999
200108,18.546,0.0,381.171,180.291,0.715054,333.011,0.0,7.963,0.0,97.911,0.0,1.249,0.0,2.475,0.678763,0.485544633171,0.657258064516,111.988670481,0.672715053763,415.799772223,0.672715053763,13.3937981186,0.672715053763,13.8086012366,0.672715053763,-9999,-9999,-9999,-9999,-9999,-9999,-9999,1.0,46.9001,0.0,-9999,-9999,35.5242,0.711694,-9999,-9999,0.494404,0.0,-9999,0.466122,0.494404,0.526666,0.0,0.0,0.0,-9999,-9999,-9999,-9999,-9999,-9999,-9999,-9999,-9999,-9999,-9999,-9999,-9999,-9999,-9999,-9999,-9999,-9999
200109,13.748,0.313889,274.288,119.51,0.982639,305.967,0.0,6.396,0.265972,98.3,0.0,0.632,0.0,2.546,0.752083,0.43444194951,0.721527777778,60.0922820279,0.954861111111,264.562791881,0.957638888889,9.52978360283,0.957638888889,9.42209510177,0.957638888889,-9999,-9999,-9999,-9999,-9999,-9999,-9999,1.0,47.0309,0.0,-9999,-9999,19.4973,0.975694,-9999,1.94888,0.487813,0.0,-9999,0.459709,0.487813,0.518601,0.0,0.0,0.0,-9999,-9999,-9999,-9999,-9999,-9999,-9999,-9999,-9999,-9999,-9999,-9999,-9999,-9999,-9999,-9999,-9999,-9999
200110,2.239,0.933468,166.229,55.451,0.936156,274.071,0.0,1.809,0.90121,97.721,0.0,0.532,0.0,2.345,0.53629,0.514317868563,0.510080645161,22.5275224628,0.890456989247,123.537526481,0.890456989247,6.35751455135,0.890456989247,5.26906643156,0.890456989247,-9999,-9999,-9999,-9999,-9999,-9999,-9999,1.0,47.1665,0.0,-9999,-9999,-2.53022,0.898522,-9999,0.603048,0.49213,0.0,-9999,0.463309,0.49213,0.522043,0.0,0.0,0.0,-9999,-9999,-9999,-9999,-9999,-9999,-9999,-9999,-9999,-9999,-9999,-9999,-9999,-9999,-9999,-9999,-9999,-9999
200111,-5.858,0.958333,85.6531,26.344,0.959722,247.589,0.0,0.508,0.958333,98.491,0.0,0.472,0.576389,2.105,0.66875,0.340050301713,0.629861111111,8.21778747294,0.925694444444,66.7695827791,0.925694444444,5.09727611911,0.925694444444,3.91298848089,0.925694444444,-9999,-9999,-9999,-9999,-9999,-9999,-9999,1.0,47.0309,0.0,-9999,-9999,-6.11489,0.956944,-9999,0.564564,0.487813,0.0,-9999,0.459709,0.487813,0.518601,0.0,0.0,0.0,-9999,-9999,-9999,-9999,-9999,-9999,-9999,-9999,-9999,-9999,-9999,-9999,-9999,-9999,-9999,-9999,-9999,-9999
200112,-13.577,0.467742,51.544,14.614,0.47043,220.689,0.0,0.58,0.467742,98.062,0.0,0.571,0.0221774,2.125,0.448925,-9999,-9999,-9999,-9999,-9999,-9999,-9999,-9999,-9999,-9999,-9999,-9999,-9999,-9999,-9999,-9999,-9999,1.0,47.026,0.0,-9999,-9999,-2.26965,0.324597,-9999,0.423625,0.476906,0.0,-9999,0.448878,0.476906,0.507093,0.0,0.0,0.0,-9999,-9999,-9999,-9999,-9999,-9999,-9999,-9999,-9999,-9999,-9999,-9999,-9999,-9999,-9999,-9999,-9999,-9999
200201,-19.758,0.0,66.8741,27.196,0.0,181.419,0.0,0.87,0.0,98.019,0.0,0.103,0.0,1.775,0.0,-9999,-9999,-9999,-9999,-9999,-9999,-9999,-9999,-9999,-9999,-9999,-9999,-9999,-9999,-9999,-9999,-9999,1.0,46.9001,0.0,-9999,-9999,-1.41759,0.0,-9999,-9999,0.494404,0.0,-9999,0.466122,0.494404,0.526666,0.0,0.0,0.0,0.743128,0.716039,0.727991,0.74582,0.216462,0.201325,0.23619,0.27888,0.209507,0.209507,0.2155,0.229879,1.43026,1.42219,1.42964,1.43064,-9999,-9999
200202,-14.628,0.0,128.94,56.665,0.0,201.5,0.0,1.028,0.0,98.414,0.0,0.312,0.0,1.952,0.0,-9999,-9999,-9999,-9999,-9999,-9999,-9999,-9999,-9999,-9999,-9999,-9999,-9999,-9999,-9999,-9999,-9999,1.0,47.181,0.0,-9999,-9999,53.5583,0.0,-9999,-9999,0.492592,0.0,-9999,0.463695,0.492592,0.522412,0.0,0.0,0.0,0.937093,0.908723,0.918789,0.945796,0.414681,0.393073,0.421091,0.48458,0.216366,0.216366,0.223575,0.241511,2.43498,2.43041,2.43412,2.435,-9999,-9999
200203,-13.521,0.0,228.511,114.395,0.0,189.256,0.0,1.284,0.0,98.623,0.0,0.646,0.077957,2.183,0.077957,-9999,-9999,-9999,-9999,-9999,-9999,-9999,-9999,-9999,-9999,-9999,-9999,-9999,-9999,-9999,-9999,-9999,1.0,47.026,0.0,-9999,-9999,57.7044,0.081989,-9999,-9999,0.476906,0.0,-9999,0.448878,0.476906,0.507093,0.0,0.0,0.0,1.04341,1.0062,1.0218,1.04795,0.536321,0.514705,0.538107,0.607572,0.298352,0.298352,0.306377,0.325451,3.8515,3.83966,3.84832,3.8515,-9999,-9999
200204,-2.518,0.0,342.179,169.822,0.0,234.911,0.0,2.616,0.0,98.38,0.0,1.218,0.816667,2.929,0.820833,0.558890898585,0.611111111111,-9999,-9999,-9999,-9999,-9999,-9999,-9999,-9999,-9999,-9999,-9999,-9999,-9999,-9999,-9999,1.0,47.0309,0.0,-9999,-9999,71.746,0.648611,-9999,-9999,0.487813,0.0,-9999,0.459709,0.487813,0.518601,0.0,0.0,0.0,2.0705,1.98717,2.03955,2.0649,1.5519,1.52095,1.53351,1.59683,0.875599,0.875599,0.892645,0.929259,4.96863,4.94776,4.96486,4.96863,-9999,-9999
200205,5.688,0.302419,435.229,236.391,0.302419,256.161,0.0,5.286,0.302419,98.37,0.0,1.01,0.721774,2.625,0.759409,-9999,-9999,-9999,-9999,-9999,-9999,-9999,-9999,-9999,-9999,-9999,-9999,-9999,-9999,-9999,-9999,-9999,1.0,47.5972,0.0,-9999,-9999,87.2269,0.309812,-9999,1.28924,-0.0556307,0.0,-9999,-0.0854975,-0.0562024,-0.0289849,0.0,0.0,0.0,2.94247,2.81083,2.87648,2.92224,2.97528,2.89191,2.94434,2.96555,1.72953,1.72953,1.74966,1.78346,6.09306,6.05913,6.08819,6.09306,-9999,-9999
200206,18.106,0.677778,479.821,265.332,0.680556,310.226,0.0,11.368,0.677778,98.007,0.0,1.524,0.880556,2.747,0.940278,0.506249966665,0.652777777778,204.052614283,0.652083333333,659.561978215,0.653472222222,20.6411184703,0.653472222222,20.8345500011,0.653472222222,-9999,-9999,-9999,-9999,-9999,-9999,-9999,1.0,61.2886,0.170833,-9999,0.881018,99.5219,0.618056,-9999,1.22109,-1.45996,0.167361,0.0632523,-1.47085,-1.45634,-1.44429,0.167361,0.165972,0.167361,4.19512,3.98058,4.05245,4.18408,5.66244,5.42879,5.53711,5.63371,3.53396,3.53203,3.53493,3.54221,6.27521,6.23438,6.26453,6.2756,-9999,-9999
200207,21.822,1.0,459.135,224.978,1.0,344.536,0.0,11.535,1.0,97.901,0.0,1.396,0.966398,2.731,1.0,0.497547043011,1.0,152.270550432,0.999327956989,539.084609981,0.971774193548,16.1324791667,1.0,16.3281807796,1.0,354.908,1.0,-9999,-9999,-9999,-9999,-9999,1.0,56.7883,1.0,-9999,0.721001,69.5005,0.998656,-9999,0.924511,-1.60814,0.985887,0.0540682,-1.63795,-1.61533,-1.60464,0.982527,0.99328,0.991935,3.54854,3.50546,3.54304,3.57345,5.17087,5.12998,5.16125,5.19451,3.78059,3.72797,3.74889,3.79779,5.63649,5.61415,5.63649,5.64815,-9999,-9999
200208,18.835,1.0,381.171,173.512,1.0,338.902,0.0,7.072,1.0,97.997,0.0,1.261,0.677419,2.526,0.989247,0.467584725627,0.989919354839,113.575224462,1.0,421.305631634,0.971774193548,12.8678676075,1.0,12.2664885753,1.0,348.364,1.0,-9999,-9999,-9999,-9999,-9999,1.0,42.475,0.999328,-9999,0.506985,46.439,0.999328,-9999,0.745504,-0.968364,0.991935,0.0466611,-1.0132,-0.989128,-0.960256,0.983871,0.997984,0.994624,4.33022,4.29436,4.33736,4.35751,5.3036,5.28076,5.3036,5.34031,5.02169,4.75669,4.87851,4.96038,5.75571,5.61049,5.72309,5.7564,-9999,-9999
200209,10.523,1.0,274.288,97.697,1.0,305.201,0.0,3.069,1.0,97.68,0.0,1.877,0.671528,2.557,0.997222,0.441352955083,0.997916666667,55.0262502512,0.999305555556,239.180965979,0.949305555556,7.70352250296,0.999305555556,7.41143237293,0.999305555556,353.017,1.0,-9999,-9999,-9999,-9999,-9999,1.0,26.4227,0.999306,-9999,0.39618,6.25333,1.0,-9999,0.667264,-1.06339,0.995139,0.0407322,-1.11433,-1.05811,-1.02516,0.995139,0.997917,0.997222,2.57184,2.47792,2.51853,2.55017,3.56602,3.56443,3.58491,3.59604,2.38141,2.34423,2.36894,2.42927,3.55856,3.5337,3.56254,3.61075,-9999,-9999
200210,-1.085,1.0,166.229,69.337,0.995968,250.015,0.0,1.453,1.0,98.404,0.0,0.146,0.850806,2.485,1.0,0.45181922043,1.0,25.5186626344,1.0,156.433442015,0.977150537634,7.63767271505,1.0,6.4161875,1.0,374.845,1.0,-1.999,0.974462,33.695,0.974462,-9999,1.0,7.66505,1.0,-9999,0.23683,13.9783,1.0,-9999,0.566964,0.526447,0.997984,0.0259372,0.515193,0.52688,0.548925,0.998656,0.997984,0.995296,1.11398,1.10911,1.12638,1.14784,0.59464,0.593812,0.59706,0.599939,1.10943,1.06254,1.11713,1.19712,0.606147,0.595052,0.611929,0.638312,-9999,-9999
200211,-9.605,1.0,85.6531,32.9,0.992361,233.52,0.0,0.408,1.0,97.971,0.0,0.067,0.998611,2.422,0.931944,0.432445427009,0.930555555556,2.27349236111,1.0,76.4898602325,0.963888888889,5.53735694444,1.0,4.73169930556,1.0,379.142,0.997917,-7.584,0.98125,30.608,0.98125,-9999,1.0,1.15153,0.989583,-9999,0.064296,-7.05385,0.990278,-9999,0.471713,0.45951,0.8,0.0133566,0.431382,0.465188,0.472276,0.811806,0.80625,0.8,0.425563,0.425041,0.430262,0.438501,-0.0220509,-0.0364081,-0.0333982,-0.0202921,0.687842,0.594963,0.635486,0.687842,0.0563442,0.0369457,0.0484084,0.0563442,-9999,-9999
200212,-12.758,1.0,51.544,15.419,0.984543,223.627,0.0,0.291,1.0,97.901,0.0,0.008,0.982527,2.459,0.949597,0.450820095197,0.944892473118,1.69216263441,1.0,43.0237273297,0.997983870968,4.45018077957,1.0,3.48471639785,1.0,380.434,0.165995,-8.862,0.979839,18.196,0.979839,-9999,1.0,0.0791471,0.998656,-9999,0.047322,-12.0306,1.0,-9999,0.448489,0.456308,0.0,0.0400602,0.407606,0.458087,0.46692,0.0,0.0,0.0,0.34523,0.34361,0.348437,0.367207,-0.0945383,-0.114792,-0.0981059,-0.0819308,0.685512,0.610238,0.613789,0.684575,0.0607234,0.0448206,0.0454067,0.0550892,-9999,-9999
200301,-19.118,1.0,66.8741,35.819,1.0,181.747,0.0,0.336,1.0,98.487,0.0,0.113,0.979839,2.727,0.921371,0.522767113095,0.903225806452,-8.3425625,1.0,73.5627236511,0.977822580645,6.35905040323,1.0,5.64270857641,0.999327956989,388.739,0.541667,-10.104,0.995968,16.283,0.995968,-9999,1.0,0.134993,1.0,-9999,0.0252041,-11.9009,1.0,-9999,0.571167,0.324729,0.539651,0.00792869,0.287675,0.306441,0.362623,0.541667,0.540323,0.535618,2.69883,1.24595,2.48752,2.71498,2.40342,0.860286,2.14422,2.40342,0.440539,0.266169,0.393963,0.442228,0.0609542,0.0300567,0.0535349,0.0716691,-9999,-9999
200302,-23.349,1.0,128.94,83.071,0.982143,158.271,0.0,0.324,1.0,98.518,0.0,0.0,0.892857,2.485,1.0,0.409891369048,1.0,21.7998110119,1.0,196.337224862,0.849702380952,11.6593511905,1.0,9.82086607143,1.0,397.789,1.0,-11.158,0.966518,15.255,0.966518,-9999,1.0,1.15725,0.999256,-9999,0.0304111,19.6186,1.0,-9999,0.620696,0.364067,0.985119,0.00875541,0.28982,0.329172,0.438462,0.995536,0.989583,0.933036,0.0930533,0.0905588,0.127037,0.215598,-0.205034,-0.245828,-0.202672,-0.178977,0.275856,0.248108,0.273257,0.286195,0.00421974,0.00265219,0.00360692,0.0062485,-9999,-9999
200303,-11.276,1.0,228.511,125.805,1.0,206.963,0.0,1.316,1.0,98.076,0.0,0.487,0.928763,2.534,0.989919,0.455801624685,0.990591397849,61.2383521505,1.0,295.109326749,0.952956989247,18.3684959677,1.0,12.975702957,1.0,406.432,1.0,-7.135,0.97043,15.06,0.97043,-9999,1.0,4.40423,0.999328,-9999,0.101613,49.5446,0.999328,-9999,0.68699,0.446226,0.993952,0.0163397,0.403877,0.42854,0.545516,0.997312,0.994624,0.985887,0.312705,0.298288,0.315854,0.434726,-0.0964126,-0.130282,-0.109131,-0.0909722,0.307594,0.311318,0.31896,0.36797,0.0366341,0.0237322,0.0270497,0.044634,-9999,-9999
200304,0.84,1.0,342.179,207.272,1.0,237.999,0.0,3.511,1.0,98.719,0.0,0.487,0.947222,2.617,0.988889,0.469865088384,0.989583333333,125.050376389,1.0,490.283973785,0.940277777778,21.0365240148,0.952777777778,17.2808208333,1.0,411.216,0.997222,-1.273,0.903472,24.848,0.903472,-9999,1.0,8.89487,1.0,-9999,0.15693,88.6646,1.0,-9999,0.8559,-0.000442459,0.952083,0.0227384,-0.0332398,-0.00803025,0.120021,0.968056,0.95625,0.958333,0.733774,0.728473,0.742266,0.812227,0.760764,0.750167,0.759413,0.768613,0.57768,0.596786,0.652001,0.795782,0.793576,0.798988,0.825888,0.872103,-9999,-9999
200305,13.938,1.0,435.229,261.524,1.0,278.976,0.0,10.196,1.0,98.228,0.0,0.376,0.880376,3.052,1.0,0.570539650538,1.0,172.06256922,1.0,614.062672785,0.94623655914,18.4173870968,1.0,19.406875,1.0,411.485,1.0,8.673,0.895161,37.739,0.895161,-9999,1.0,34.7187,1.0,-9999,0.3264,101.419,1.0,-9999,0.983351,-2.46946,0.983871,0.0273102,-2.46496,-2.45558,-2.44234,0.977151,0.987903,0.986559,1.88527,1.82694,1.85309,1.88527,4.33365,4.28001,4.31197,4.33892,1.54498,1.50812,1.54498,1.5835,4.14283,4.13848,4.16128,4.20317,-9999,-9999
200306,18.786,1.0,479.821,254.033,1.0,319.016,0.0,11.287,1.0,97.851,0.0,1.049,0.914583,2.593,0.998611,0.469215839243,0.998611111111,172.107806132,0.999305555556,598.306813516,0.974305555556,18.3665965278,1.0,18.3518784722,1.0,381.173,0.983333,14.465,0.909028,37.212,0.909028,-9999,1.0,48.2154,0.981944,-9999,0.507457,90.6589,0.983333,-9999,0.992451,-2.24944,0.954167,0.0362129,-2.24678,-2.22549,-2.21277,0.975,0.96875,0.966667,3.54237,3.37868,3.51634,3.6823,5.76547,5.61032,5.74881,5.88957,3.68258,3.63792,3.68258,4.02355,6.02281,5.9645,6.0092,6.19937,-9999,-9999
200307,21.906,1.0,459.135,239.865,1.0,334.133,0.0,12.516,1.0,97.987,0.0,1.254,0.951613,2.345,0.992608,0.411200797809,0.992607526882,165.183902554,1.0,568.544795309,0.977150537634,17.0671317204,1.0,16.2691270161,1.0,371.408,0.991263,16.176,0.897177,37.245,0.897177,-9999,1.0,58.9218,0.989919,-9999,0.695563,69.7277,0.990591,-9999,0.883362,-1.34325,0.946909,0.0425453,-1.49205,-1.40167,-0.989157,0.975806,0.961694,0.890457,3.92847,3.91096,3.99704,5.12339,5.40729,5.36436,5.4507,6.11254,3.99165,3.99165,4.05976,4.40116,5.79012,5.64828,5.75749,5.98877,-9999,-9999
200308,21.613,1.0,381.171,193.23,1.0,338.111,0.0,11.027,1.0,98.252,0.0,0.681,0.932796,2.485,1.0,0.447690188172,1.0,125.305789651,1.0,451.984595656,0.985887096774,13.9008897849,1.0,13.4714677419,1.0,376.426,1.0,16.088,0.941532,29.929,0.941532,-9999,1.0,43.4032,0.998656,-9999,0.681796,47.5206,1.0,-9999,0.832191,0.289802,0.971102,0.0512958,0.060522,0.194118,0.582541,0.980511,0.980511,0.971102,4.30971,4.20042,4.44835,5.11772,4.17818,4.06586,4.18638,4.39876,5.12326,4.63159,4.95409,5.27831,4.62058,4.5221,4.68618,4.83771,-9999,-9999
200309,11.548,1.0,274.288,112.689,1.0,310.283,0.0,4.595,1.0,98.046,0.0,1.977,0.986111,2.401,0.984722,0.40402894208,0.984722222222,65.0407138889,1.0,263.800592757,0.970138888889,8.53013888889,1.0,8.10581736111,1.0,382.164,1.0,7.85,0.968056,25.715,0.968056,-9999,1.0,20.7736,0.999306,-9999,0.403551,19.5637,0.999306,-9999,0.671299,-0.489429,0.970139,0.0374246,-0.59368,-0.523553,-0.409848,0.986806,0.975694,0.958333,2.78135,2.7675,2.83172,3.02955,3.35917,3.32585,3.36105,3.40156,2.27504,2.00434,2.15966,2.27504,3.05407,2.90945,3.05407,3.12203,-9999,-9999
200310,3.529,0.998656,166.229,63.986,1.0,278.449,0.0,1.736,0.998656,98.014,0.0,0.366,0.933468,2.291,0.991263,0.382436155914,0.991935483871,28.8151065494,0.997311827957,151.839962132,0.96438172043,7.42745411779,0.997311827957,5.40718811095,0.997311827957,382.308,1.0,1.27,0.743952,28.403,0.743952,-9999,1.0,6.72127,1.0,-9999,0.188311,6.66751,0.999328,-9999,0.459403,0.132071,0.99328,0.0302844,0.0592349,0.102325,0.197614,0.999328,0.99328,0.985215,1.19334,1.19038,1.26476,1.37023,1.13061,1.125,1.13402,1.1604,1.23805,1.20717,1.248,1.34834,1.18316,1.13384,1.16126,1.18587,-9999,-9999
200311,-8.783,1.0,85.6531,37.686,0.998611,224.873,0.0,0.582,1.0,97.717,0.0,0.037,0.919444,2.575,0.997917,0.440751509662,0.998611111111,-9999,-9999,86.7956368954,0.984722222222,6.77714930556,1.0,5.394425,1.0,384.588,1.0,-8.359,0.989583,26.152,0.989583,-9999,1.0,0.630964,1.0,-9999,0.0645909,-10.5473,1.0,-9999,0.515619,0.99256,0.983333,0.0289393,0.840598,0.931034,1.06978,0.996528,0.990278,0.979861,0.595565,0.590796,0.625069,0.810061,-0.269884,-0.333219,-0.269884,-0.239604,0.924735,0.823033,0.891991,1.01817,0.061793,0.0388707,0.049294,0.0611322,-9999,-9999
200312,-13.463,1.0,51.544,23.349,0.995968,216.489,0.0,0.346,1.0,98.038,0.0,0.003,0.950941,2.08,1.0,0.328495295699,1.0,-9999,-9999,51.5874348718,0.942876344086,4.72211827957,1.0,4.45807392473,1.0,387.472,1.0,-11.485,0.989919,16.408,0.989919,-9999,1.0,0.14271,0.998656,-9999,0.0303032,-9.8725,0.999328,-9999,0.432238,0.530189,0.984543,0.0233713,0.455001,0.512609,0.565063,0.99328,0.987231,0.939516,0.351505,0.346748,0.365579,0.495858,-0.117161,-0.154055,-0.107898,-0.082526,0.567748,0.491497,0.567748,0.64235,0.0257401,0.0176785,0.0202931,0.0245079,-9999,-9999
200401,-25.921,1.0,66.8741,27.376,0.954973,167.475,0.0,0.198,1.0,98.941,0.0,0.0,1.0,2.104,1.0,0.316522177419,1.0,-9999,-9999,33.3020978516,0.625,9.40494825269,1.0,7.39228629032,1.0,386.262,1.0,-17.351,0.96371,13.863,0.96371,-9999,1.0,-0.132061,1.0,-9999,0.0121386,-2.46257,1.0,-9999,0.424313,0.407503,0.919355,0.00833304,0.29554,0.381692,0.448824,0.983199,0.933468,0.898522,0.273415,0.237019,0.326017,0.484176,-0.0440897,-0.0626209,-0.0377558,0.0185564,0.238469,0.242626,0.26602,0.391329,0.00988536,0.00536859,0.00894757,0.0121365,-9999,-9999
200402,-13.785,1.0,130.481,58.719,1.0,217.849,0.0,0.389,1.0,98.463,0.0,0.0,0.990661,2.26,0.849856,0.396656770833,0.82183908046,-9999,-9999,137.303418799,0.932471264368,13.3565610632,1.0,7.86356393678,1.0,386.876,1.0,-8.578,0.974138,14.036,0.974138,-9999,1.0,1.22658,1.0,-9999,0.0433626,10.2708,0.999282,-9999,0.470062,0.665834,0.964799,0.0163859,0.544455,0.625629,0.704197,0.985632,0.978448,0.942529,0.509012,0.498769,0.556539,0.582734,-0.0530681,-0.140906,-0.0682126,-0.0493584,0.641859,0.562555,0.61677,0.711909,0.0369341,0.0505349,0.0564725,0.0640344,-9999,-9999
200403,-9.467,1.0,232.234,137.25,0.998656,214.277,0.0,1.474,1.0,98.364,0.0,0.69,0.965054,2.84,0.965726,0.49873415404,0.957661290323,-9999,-9999,307.58482202,0.979838709677,18.4793125,1.0,13.4375490591,1.0,387.287,1.0,-5.202,0.942876,14.499,0.942876,-9999,1.0,3.2413,1.0,-9999,0.0941335,52.943,1.0,-9999,0.769997,0.91905,0.995968,0.0182759,0.791628,0.863308,0.990457,0.99664,0.99664,0.990591,0.677387,0.60882,0.735226,0.882775,-0.131808,-0.156005,-0.125209,-0.111725,1.16716,1.00656,1.12128,1.17612,0.0299646,0.0140058,0.0373329,0.17836,-9999,-9999
200404,-1.104,1.0,345.726,203.415,1.0,239.266,0.0,2.846,1.0,98.404,0.0,0.454,0.9125,2.638,0.997222,0.507689975845,0.997222222222,123.666026072,0.611805555556,453.205079119,0.989583333333,24.3463625,1.0,17.9644055556,1.0,389.321,1.0,-1.097,0.940278,16.633,0.940278,-9999,1.0,7.46451,0.999306,-9999,0.18248,94.8568,1.0,-9999,0.923047,1.04966,0.990972,0.0200585,0.958826,1.03657,1.08704,0.99375,0.990972,0.982639,1.03211,0.96866,1.06681,1.10255,0.0330066,-0.0128128,0.0152814,0.0305627,1.15937,1.06622,1.15653,1.25612,0.000816911,0.00265534,0.0045238,0.00873665,-9999,-9999
200405,5.665,1.0,437.595,240.398,0.998656,253.757,0.0,5.306,1.0,98.231,0.0,0.67,0.901882,2.614,0.966398,0.50234893331,0.999327956989,159.188768935,0.823924731183,537.071794113,0.993951612903,22.6828698477,0.997983870968,18.5913508513,0.997983870968,384.983,1.0,2.13,0.917339,28.18,0.917339,-9999,1.0,19.4574,1.0,-9999,0.262117,101.471,1.0,-9999,0.923416,-0.502741,0.960349,0.0297985,-0.544917,-0.513185,-0.480389,0.985887,0.974462,0.944892,1.095,1.0927,1.26706,1.3001,1.63704,1.63797,1.772,1.80011,0.883573,0.805892,0.883573,1.15635,1.56813,1.46041,1.56813,1.65424,-9999,-9999
200406,14.493,1.0,480.203,231.339,1.0,306.331,0.0,8.236,1.0,98.221,0.0,1.032,0.0,2.675,0.996528,0.505324709631,0.997916666667,-9999,-9999,546.942352218,0.969444444444,16.4878298611,1.0,15.7663722222,1.0,377.566,1.0,10.726,0.9,40.916,0.9,-9999,1.0,38.0343,0.997917,-9999,0.434419,86.593,0.997917,-9999,0.984949,-2.38263,0.972222,0.0362978,-2.44807,-2.38263,-2.35734,0.988194,0.972222,0.954861,2.67461,2.60519,2.8156,3.10617,5.09302,5.05547,5.20272,5.4635,2.74191,2.5237,2.75813,2.97621,5.20463,5.08264,5.22494,5.33509,-9999,-9999
200407,20.335,1.0,457.399,203.66,1.0,336.968,0.0,10.646,1.0,98.014,0.0,0.857,0.0,2.274,0.995968,0.409730436376,0.995967741935,139.271365591,1.0,466.428341146,0.989247311828,14.2681942204,1.0,13.9653225806,1.0,375.773,1.0,15.91,0.920027,35.201,0.920027,-9999,1.0,43.7707,0.999328,-9999,0.515345,63.4822,0.999328,-9999,0.949464,-1.19466,0.897177,0.0406845,-1.16325,-1.13377,-1.09256,0.852151,0.978495,0.968414,4.01986,3.51463,3.93934,4.09566,5.1287,4.57267,4.98375,5.22944,5.08071,4.88644,5.10184,5.31532,5.92793,5.76927,5.96917,6.10025,-9999,-9999
200408,15.187,1.0,377.985,163.944,1.0,323.559,0.0,5.601,1.0,98.269,0.0,1.059,0.0,2.314,0.997312,0.407772440393,0.997311827957,108.932660618,1.0,393.528264559,0.951612903226,11.6188272849,1.0,11.2236337366,1.0,373.352,1.0,10.954,0.949597,34.369,0.949597,-9999,1.0,34.5229,0.997984,-9999,0.355689,43.7207,0.998656,-9999,0.724416,-1.74372,0.944892,0.0408917,-1.75975,-1.73299,-1.69782,0.981183,0.977151,0.988575,3.08155,3.11567,3.19985,3.27696,4.84491,4.85251,4.92033,4.96543,4.00523,3.66635,4.00523,4.15925,5.3755,5.24379,5.38197,5.46517,-9999,-9999
200409,11.983,1.0,270.601,113.61,1.0,311.97,0.0,4.195,1.0,97.99,0.0,1.043,0.0,2.801,0.970833,0.475046278024,0.972916666667,62.0346361111,1.0,266.489820549,0.947222222222,9.17919305556,1.0,8.37784513889,1.0,381.458,1.0,7.783,0.957639,34.589,0.957639,-9999,1.0,20.0396,0.997222,-9999,0.302863,11.9173,1.0,-9999,0.71276,-0.594279,0.986806,0.0331299,-0.76561,-0.669026,-0.503148,0.988889,0.988194,0.980556,2.43125,2.44693,2.52824,2.69865,3.19298,3.19726,3.21471,3.2408,2.13403,2.15422,2.18451,2.26464,3.0203,3.04148,3.07366,3.14022,-9999,-9999
200410,2.192,0.990591,163.006,67.258,0.990591,268.889,0.0,2.116,0.990591,97.889,0.0,0.614,0.0,2.443,0.971774,0.382386756651,0.729166666667,26.0513671196,0.959677419355,156.360446737,0.942876344086,8.92156654589,0.959677419355,6.33827647947,0.959677419355,384.215,0.990591,0.192,0.973118,33.995,0.973118,-9999,1.0,7.3171,0.984543,-9999,0.160912,2.44582,0.984543,-9999,0.514257,0.454887,0.936156,0.0224924,0.351279,0.413598,0.448978,0.952285,0.953629,0.933468,1.2913,1.28415,1.331,1.36308,0.924594,0.909349,0.91432,0.925373,0.813122,0.712539,0.759028,0.895542,0.558587,0.582016,0.59788,0.623253,-9999,-9999
200411,-8.669,1.0,83.7507,36.867,1.0,233.412,0.0,0.512,1.0,98.026,0.0,0.577,0.0,2.32,0.999306,0.388273300827,0.999305555556,4.81116805556,1.0,78.9187489953,0.999305555556,8.91581736111,1.0,6.67246319444,1.0,385.015,1.0,-4.242,0.978472,32.616,0.978472,-9999,1.0,1.42231,1.0,-9999,0.104669,-13.6864,1.0,-9999,0.520265,0.655389,0.989583,0.0189874,0.560563,0.627514,0.765546,0.996528,0.992361,0.954861,0.633819,0.579055,0.690284,0.89276,0.0635946,0.0248107,0.0679392,0.104,0.934004,0.793643,0.989803,1.25515,0.0777439,0.0824593,0.117353,0.302525,-9999,-9999
200412,-23.815,1.0,51.2506,31.867,0.978495,174.506,0.0,0.209,1.0,98.546,0.0,0.277,0.0,2.353,0.997312,0.362176869501,0.997311827957,5.96484744624,1.0,51.1378993416,0.942876344086,8.42539045699,1.0,6.40916061828,1.0,385.668,0.988575,-8.161,0.97379,19.932,0.97379,-9999,1.0,0.143828,0.988575,-9999,0.0146592,-12.9385,0.988575,-9999,0.392831,0.533387,0.952957,0.00817061,0.45639,0.506373,0.564027,0.97379,0.955645,0.932124,0.31468,0.286762,0.318741,0.344457,-0.154506,-0.256754,-0.184375,-0.166119,0.282249,0.351422,0.376522,0.420843,0.0,0.0,0.0,0.000521821,-9999,-9999
200501,-20.97,1.0,66.8741,29.379,0.981855,184.467,0.0,0.26,1.0,98.736,0.0,0.697,0.0,2.551,1.0,0.438609543011,1.0,5.07247110215,1.0,64.4391895802,0.929435483871,9.91197983871,1.0,5.74583198925,1.0,386.859,0.962366,-8.205,0.979839,15.119,0.979839,-9999,1.0,0.523387,0.961694,-9999,0.0205265,-7.46681,0.961694,-9999,0.404965,0.452274,0.964382,0.00835536,0.401613,0.431315,0.473775,0.950269,0.969086,0.929435,0.198258,0.18574,0.226499,0.301083,-0.206106,-0.219165,-0.203367,-0.182942,0.381058,0.358802,0.38093,0.408224,0.00506498,0.00230698,0.015999,0.0251463,-9999,-9999
200502,-15.71,1.0,128.94,75.475,0.99628,199.292,0.0,0.524,1.0,98.57,0.0,0.287,0.0,2.276,0.988839,0.36944142316,0.988839285714,26.3817745536,1.0,164.443595558,0.959077380952,10.579875744,1.0,7.726203125,1.0,386.063,0.960565,-6.734,0.96503,14.879,0.96503,-9999,1.0,1.31151,0.953869,-9999,0.0444442,19.8908,0.956845,-9999,0.527623,0.405185,0.863095,0.0164149,0.311368,0.365277,0.449849,0.921875,0.876488,0.811012,0.192428,0.179697,0.256471,0.321557,-0.138238,-0.137524,-0.120836,-0.103163,0.713598,0.497642,0.612422,0.668296,0.0187823,0.0112724,0.022616,0.0507617,-9999,-9999
200503,-9.777,1.0,228.511,140.868,1.0,207.849,0.0,1.173,1.0,98.309,0.0,0.394,0.0,2.588,0.992608,0.450298142506,0.992607526882,74.9136787634,1.0,309.215081689,0.999327956989,20.0896397849,1.0,14.2684623656,1.0,387.908,1.0,-4.381,0.956989,14.939,0.956989,-9999,1.0,4.02672,0.999328,-9999,0.098124,54.8394,1.0,-9999,0.754541,0.624411,0.993952,0.0213574,0.55647,0.607433,0.671651,0.997984,0.994624,0.989919,0.541369,0.451825,0.535394,0.552104,-0.0433827,-0.122494,-0.0985048,-0.0536627,0.526248,0.365533,0.403118,0.501066,0.128003,0.0979887,0.109998,0.12835,-9999,-9999
200504,4.745,1.0,342.179,177.6,1.0,271.17,0.0,4.03,1.0,98.222,0.0,0.747,0.0,3.304,0.999306,0.620482210402,0.999305555556,112.229934873,0.998611111111,400.95592151,0.977083333333,22.0193248188,0.998611111111,15.6233288345,0.998611111111,389.785,1.0,0.026,0.944444,35.092,0.944444,-9999,1.0,10.4567,1.0,-9999,0.165643,63.9219,0.999306,-9999,0.756358,0.135416,0.997222,0.0292629,0.0659986,0.117788,0.168382,0.998611,0.997222,0.992361,1.38349,1.32742,1.45512,1.55818,1.30447,1.26142,1.33734,1.401,0.79865,0.723024,0.760098,0.79865,1.06788,1.06161,1.1104,1.12042,-9999,-9999
200505,11.263,1.0,435.229,231.238,1.0,281.249,0.0,7.338,1.0,98.294,0.0,1.055,0.0,2.864,0.998656,0.528472650771,0.998655913978,155.407515457,1.0,531.700950454,0.971774193548,18.3932137097,1.0,16.7165174731,1.0,388.909,1.0,5.772,0.925403,50.324,0.925403,-9999,1.0,24.902,0.997312,-9999,0.321536,80.4342,0.999328,-9999,0.925547,-1.02464,0.965054,0.0277826,-1.09078,-1.06852,-1.02017,0.992608,0.97379,0.938172,1.81878,1.79724,1.81683,1.83921,2.90783,2.82387,2.86841,2.92194,1.66987,1.69688,1.73965,1.80044,2.91095,2.89125,2.95986,3.05229,-9999,-9999
200506,16.233,1.0,479.821,232.096,1.0,312.204,0.0,8.644,1.0,98.015,0.0,1.962,0.0,2.81,0.990278,0.501239283604,0.992361111111,162.251589964,0.652083333333,550.381967609,0.964583333333,16.0892027778,1.0,15.6229604167,1.0,384.289,1.0,12.915,0.925694,46.941,0.925694,-9999,1.0,38.7066,0.999306,-9999,0.495987,73.8057,1.0,-9999,0.974824,-2.044,0.945139,0.0315232,-2.09287,-2.07116,-2.05375,0.927083,0.931944,0.959722,2.99213,2.96577,3.00485,3.04188,5.07071,5.03972,5.07959,5.09428,3.18901,2.91319,3.16615,4.11655,5.09989,5.04136,5.12559,5.65961,-9999,-9999
200507,20.872,0.979839,459.135,222.096,0.981183,338.939,0.0,9.82,0.979839,97.698,0.0,3.438,0.0,2.671,0.960349,0.496308019296,0.953629032258,158.044901709,0.961693548387,516.776370904,0.934811827957,15.2089269231,0.961693548387,15.0154764957,0.961693548387,375.6,0.979839,16.113,0.936828,40.526,0.936828,-9999,1.0,51.2439,0.978495,-9999,0.558128,54.9391,0.978495,-9999,0.83689,-0.696797,0.94086,0.0448023,-0.853914,-0.739691,-0.664958,0.959677,0.948253,0.93414,4.94295,4.75902,4.86318,5.0979,5.75643,5.57589,5.71522,5.79816,4.74544,4.70564,4.80792,5.34868,5.53354,5.56888,5.66802,5.80091,-9999,-9999
200508,16.902,1.0,381.171,142.246,1.0,338.769,0.0,4.92,1.0,97.918,0.0,2.531,0.0,2.699,0.981855,0.48592565683,0.98185483871,97.4636939774,0.999327956989,333.494118559,0.95564516129,9.68928897849,1.0,9.38797311828,1.0,374.687,0.998656,12.661,0.975806,39.344,0.975806,-9999,1.0,37.0224,0.998656,-9999,0.516654,22.9828,0.99664,-9999,0.659205,-0.617255,0.977823,0.0386695,-0.666547,-0.61823,-0.603497,0.991263,0.948925,0.956989,4.28592,4.02272,4.04613,4.08142,4.91533,4.61684,4.67814,4.71892,3.97362,3.79455,3.98283,4.07069,4.66368,4.61865,4.66443,4.72815,-9999,-9999
200509,10.789,0.855556,274.288,108.974,0.856944,311.71,0.0,3.199,0.855556,97.892,0.0,1.47,0.0,2.303,0.829861,0.406748552943,0.815972222222,73.1685475,0.833333333333,242.939109336,0.794444444444,8.12272083333,0.833333333333,7.72968583333,0.833333333333,377.371,0.855556,7.455,0.8125,43.526,0.8125,-9999,1.0,23.2815,0.855556,-9999,0.392497,11.7468,0.855556,-9999,0.698308,-0.690737,0.811111,0.036214,-0.813633,-0.728188,-0.62639,0.845139,0.822917,0.793056,2.71002,2.61426,2.92715,3.09791,3.48733,3.42258,3.64129,3.70463,3.09577,2.83282,3.09577,3.39431,3.85066,3.80658,3.8605,4.05502,-9999,-9999
200510,3.962,0.0,166.229,58.765,0.0,271.167,0.0,1.975,0.0,98.397,0.0,0.848,0.0,1.993,0.0,-9999,-9999,-9999,-9999,-9999,-9999,-9999,-9999,-9999,-9999,-9999,-9999,-9999,-9999,-9999,-9999,-9999,1.0,19.0021,0.0,-9999,0.68716,-2.93502,0.0,-9999,1.02513,-1.36624,0.0,0.0691571,-1.40015,-1.35247,-1.28596,0.0,0.0,0.0,1.82062,1.54551,1.98079,2.2189,3.18485,3.0126,3.26675,3.48816,2.09545,1.86146,2.10192,2.69624,2.7334,2.58922,2.65554,2.89443,-9999,-9999
200511,-4.858,0.0,85.6531,25.202,0.0,236.499,0.0,1.453,0.0,98.018,0.0,0.298,0.0,2.206,0.0,-9999,-9999,-9999,-9999,-9999,-9999,-9999,-9999,-9999,-9999,-9999,-9999,-9999,-9999,-9999,-9999,-9999,1.0,18.9225,0.0,-9999,-9999,-2.71975,0.0,-9999,-9999,-1.36902,0.0,-9999,-1.40274,-1.35495,-1.28883,0.0,0.0,0.0,1.15132,0.974378,1.30005,1.64844,2.51751,2.44245,2.56904,2.83011,1.25252,1.10632,1.26438,1.72316,1.54716,1.44082,1.45291,1.644,-9999,-9999
200512,-12.865,0.0,51.544,11.17,0.0,229.466,0.0,0.903,0.0,98.258,0.0,0.551,0.0,2.01,0.0,-9999,-9999,-9999,-9999,-9999,-9999,-9999,-9999,-9999,-9999,-9999,-9999,-9999,-9999,-9999,-9999,-9999,1.0,18.9254,0.0,-9999,-9999,-2.66262,0.0,-9999,-9999,-1.36799,0.0,-9999,-1.40224,-1.35331,-1.28765,0.0,0.0,0.0,0.603033,0.502506,0.723945,1.03818,1.96732,1.95145,2.01386,2.22905,0.595893,0.47633,0.602214,0.950044,0.841529,0.75716,0.78845,0.89729,-9999,-9999
