TIMESTAMP,TA_F,TA_F_QC,SW_IN_POT,SW_IN_F,SW_IN_F_QC,LW_IN_F,LW_IN_F_QC,VPD_F,VPD_F_QC,PA_F,PA_F_QC,P_F,P_F_QC,WS_F,WS_F_QC,USTAR,USTAR_QC,NETRAD,NETRAD_QC,PPFD_IN,PPFD_IN_QC,PPFD_DIF,PPFD_DIF_QC,SW_DIF,SW_DIF_QC,SW_OUT,SW_OUT_QC,LW_OUT,LW_OUT_QC,CO2_F_MDS,CO2_F_MDS_QC,TS_F_MDS_1,TS_F_MDS_1_QC,SWC_F_MDS_1,SWC_F_MDS_1_QC,G_F_MDS,G_F_MDS_QC,LE_F_MDS,LE_F_MDS_QC,LE_CORR,LE_RANDUNC,H_F_MDS,H_F_MDS_QC,H_CORR,H_RANDUNC,NEE_VUT_REF,NEE_VUT_REF_QC,NEE_VUT_REF_RANDUNC,NEE_VUT_25,NEE_VUT_50,NEE_VUT_75,NEE_VUT_25_QC,NEE_VUT_50_QC,NEE_VUT_75_QC,RECO_NT_VUT_REF,RECO_NT_VUT_25,RECO_NT_VUT_50,RECO_NT_VUT_75,GPP_NT_VUT_REF,GPP_NT_VUT_25,GPP_NT_VUT_50,GPP_NT_VUT_75,RECO_DT_VUT_REF,RECO_DT_VUT_25,RECO_DT_VUT_50,RECO_DT_VUT_75,GPP_DT_VUT_REF,GPP_DT_VUT_25,GPP_DT_VUT_50,GPP_DT_VUT_75,RECO_SR,RECO_SR_N
200201,-0.991,1.0,146.422,67.205,1.0,271.374,0.0,1.213,1.0,87.233,0.0,1.385,1.0,4.48,0.969758,0.579048696988,0.943548387097,13.5486586022,1.0,-9999,-9999,-9999,-9999,-9999,-9999,-9999,-9999,-9999,-9999,368.024,1.0,0.199,1.0,40.093,1.0,-2.43514,1.0,18.4405,1.0,26.105,0.542333,-13.4504,1.0,-19.0407,0.82598,0.924279,0.974462,0.0203151,0.861078,0.924279,0.987589,0.982527,0.974462,0.885753,1.53122,1.38993,1.47517,1.51284,0.542935,0.521437,0.531526,0.547789,1.50821,1.2361,1.39635,1.50343,0.707902,0.583419,0.635541,0.667212,-9999,-9999
200202,0.982,1.0,209.338,131.051,1.0,254.926,0.0,2.322,1.0,87.488,0.0,0.517,1.0,3.767,1.0,0.463240225564,0.982142857143,42.7630260417,1.0,-9999,-9999,-9999,-9999,-9999,-9999,-9999,-9999,-9999,-9999,371.982,1.0,0.224,1.0,38.447,1.0,-2.08271,1.0,11.481,1.0,16.2529,0.423384,20.198,1.0,28.5929,0.743926,-0.405305,0.858631,0.0274183,-0.472877,-0.443643,-0.404778,0.80878,0.835565,0.915179,0.741078,0.730219,0.75308,0.875069,1.21599,1.18673,1.22629,1.27394,0.82452,0.82452,1.22783,1.50191,1.24376,1.24376,1.52896,1.66219,-9999,-9999
200203,0.257,1.0,298.589,172.651,1.0,263.738,0.0,2.391,1.0,87.121,0.0,0.705,1.0,4.782,1.0,0.652497691169,0.971102150538,86.3260120968,1.0,-9999,-9999,-9999,-9999,-9999,-9999,-9999,-9999,-9999,-9999,376.692,0.999328,0.151,1.0,39.041,1.0,-0.998503,1.0,27.2671,1.0,39.1347,0.534684,33.5763,1.0,48.1899,0.921287,-0.623687,0.975134,0.027483,-0.670813,-0.624637,-0.61626,0.960349,0.975134,0.976478,1.5651,1.55534,1.56515,1.57416,2.22305,2.17165,2.19187,2.24846,1.23477,1.20766,1.23477,1.29087,1.99801,1.94512,2.05613,2.17331,-9999,-9999
200204,4.971,1.0,389.597,248.532,1.0,269.287,0.0,3.56,1.0,87.123,0.0,1.363,1.0,4.257,1.0,0.592764609314,0.995138888889,156.308819444,1.0,-9999,-9999,-9999,-9999,-9999,-9999,-9999,-9999,-9999,-9999,378.438,1.0,6.82,1.0,35.599,1.0,3.33181,1.0,46.4961,1.0,57.9081,0.682605,76.3851,0.999306,95.133,1.12462,-2.81407,0.974306,0.0415092,-2.89165,-2.81407,-2.7062,0.95625,0.974306,0.99375,2.35609,2.33272,2.35083,2.36298,5.21906,5.04122,5.16247,5.27137,2.35568,2.10726,2.20242,2.42259,5.17045,5.07454,5.15132,5.18615,-9999,-9999
200205,7.678,1.0,456.611,287.149,1.0,278.456,0.0,4.966,1.0,87.153,0.0,0.123,1.0,3.993,1.0,0.563114633379,0.999327956989,192.446641129,1.0,-9999,-9999,-9999,-9999,-9999,-9999,-9999,-9999,-9999,-9999,371.545,1.0,10.679,1.0,28.066,1.0,4.18734,1.0,50.8908,1.0,64.1493,0.615018,98.4588,1.0,124.11,1.13245,-3.46837,0.932796,0.0617082,-3.47124,-3.44453,-3.38492,0.933468,0.914651,0.971102,2.95366,2.82476,2.89122,3.22665,6.39975,6.20378,6.33525,6.74293,3.12223,2.63574,3.46277,3.80532,6.96494,6.33323,7.10277,7.25574,-9999,-9999
200206,13.688,1.0,486.056,320.586,1.0,291.33,0.0,8.761,1.0,87.219,0.0,0.152,1.0,4.224,1.0,0.591809722222,1.0,220.096853354,0.999305555556,-9999,-9999,-9999,-9999,-9999,-9999,-9999,-9999,-9999,-9999,363.097,1.0,16.787,1.0,15.619,1.0,5.9823,1.0,69.1794,1.0,92.2193,0.767868,91.7819,1.0,122.349,1.15313,-3.09337,0.929167,0.0608182,-3.29156,-3.11069,-3.03135,0.9,0.926389,0.936806,5.04985,5.00308,5.04689,5.07798,8.30421,8.03848,8.16759,8.43954,5.23167,5.21855,5.23958,5.35643,7.92529,8.01329,8.05521,8.44356,-9999,-9999
200207,18.941,1.0,471.756,331.407,1.0,298.774,0.0,13.729,1.0,87.324,0.0,0.164,1.0,3.495,1.0,0.486126344086,1.0,223.391333162,0.999327956989,-9999,-9999,-9999,-9999,-9999,-9999,-9999,-9999,-9999,-9999,364.722,1.0,22.018,1.0,10.784,1.0,7.01768,1.0,67.5597,1.0,92.7988,0.773536,90.3869,1.0,124.154,1.2073,-0.572051,0.858871,0.0395738,-0.653027,-0.589435,-0.565585,0.846102,0.865591,0.87836,7.26558,7.1401,7.2121,7.26634,7.89102,7.713,7.79846,7.9273,6.08844,5.88263,5.95081,6.08844,6.70578,6.56277,6.63669,6.71169,-9999,-9999
200208,16.733,1.0,416.881,282.672,1.0,289.231,0.0,12.408,1.0,87.346,0.0,0.09,1.0,3.137,1.0,0.440824596774,1.0,180.485424731,1.0,-9999,-9999,-9999,-9999,-9999,-9999,-9999,-9999,-9999,-9999,362.219,1.0,19.32,1.0,10.24,1.0,3.84211,1.0,36.0074,1.0,48.9713,0.517733,93.874,1.0,127.672,1.18949,-0.851157,0.910618,0.030371,-0.898056,-0.888151,-0.868282,0.935484,0.929435,0.891801,4.89108,4.86315,4.88932,4.94046,5.78965,5.73744,5.77972,5.81888,3.23115,3.15833,3.2422,3.50735,4.8734,4.79372,4.86606,5.08196,-9999,-9999
200209,14.157,1.0,334.899,213.187,1.0,282.757,0.0,10.494,1.0,87.129,0.0,0.161,1.0,3.194,1.0,0.421181944444,1.0,122.460701389,1.0,-9999,-9999,-9999,-9999,-9999,-9999,-9999,-9999,-9999,-9999,366.346,0.999306,13.506,1.0,10.109,1.0,1.37089,1.0,21.0036,0.999306,26.939,0.430667,73.2857,1.0,93.9955,0.929176,-1.18646,0.854861,0.0326353,-1.60754,-1.1871,-0.936534,0.810417,0.854861,0.871528,3.17561,3.17383,3.22896,3.38646,4.53589,4.31172,4.41567,4.64948,2.47978,2.25128,2.47452,2.70535,3.36717,3.26226,3.36717,3.57819,-9999,-9999
200210,7.244,1.0,242.79,156.08,1.0,261.401,0.0,5.58,1.0,87.383,0.0,0.213,0.995968,2.843,0.995968,0.33884301562,0.983198924731,63.182724056,0.996639784946,-9999,-9999,-9999,-9999,-9999,-9999,-9999,-9999,-9999,-9999,362.058,1.0,3.86,1.0,10.818,1.0,-3.41742,1.0,13.9259,1.0,17.2352,0.314849,40.3747,1.0,49.9694,0.735482,-1.26458,0.822581,0.0345423,-1.68567,-1.26458,-1.01774,0.710349,0.822581,0.876344,1.78552,1.77524,1.82283,1.86713,3.18488,2.89281,3.10507,3.26757,2.63892,1.68788,1.87564,2.12893,3.68115,2.85719,3.68115,3.80724,-9999,-9999
200211,4.503,1.0,165.655,86.115,1.0,270.235,0.0,3.659,1.0,87.349,0.0,0.72,1.0,3.047,1.0,0.343700736623,0.883333333333,21.8236875,1.0,-9999,-9999,-9999,-9999,-9999,-9999,-9999,-9999,-9999,-9999,363.429,0.999306,1.212,1.0,12.565,1.0,-2.91256,1.0,15.3887,0.999306,17.353,0.424902,6.52156,0.999306,7.354,0.655845,0.0752791,0.823611,0.0274455,0.0139892,0.0756485,0.147886,0.832639,0.824306,0.809722,1.91673,1.94636,1.95789,1.96273,1.77556,1.78851,1.88006,1.93804,1.55236,1.4007,1.47336,1.75139,1.92631,1.71066,1.87965,1.91051,-9999,-9999
200212,-1.781,1.0,129.258,46.188,1.0,275.172,0.0,0.839,0.999328,86.666,0.0,2.551,0.65457,3.401,0.65457,-9999,-9999,12.2415020115,0.632392473118,-9999,-9999,-9999,-9999,-9999,-9999,-9999,-9999,-9999,-9999,358.844,0.971774,-0.112,1.0,19.555,1.0,-2.26262,1.0,16.0991,0.974462,18.1541,0.216109,-19.051,0.977823,-21.4828,0.36954,1.371,0.52957,0.097513,1.29646,1.33851,1.42648,0.52957,0.52957,0.493952,1.41913,1.41869,1.44341,1.45023,0.0724079,0.0237498,0.110398,0.144889,1.90848,0.504816,1.89826,2.13565,1.38224,0.558551,1.26662,1.44928,-9999,-9999
200301,1.714,1.0,146.422,48.589,1.0,277.879,0.0,1.263,1.0,87.424,0.0,2.407,0.790995,3.066,0.790995,-9999,-9999,20.30615,0.790994623656,-9999,-9999,-9999,-9999,-9999,-9999,-9999,-9999,-9999,-9999,376.055,0.987231,0.964,1.0,35.885,1.0,-1.08316,1.0,14.9251,0.986559,21.1171,0.442158,-13.4782,0.989247,-19.0699,0.704647,0.141688,0.0833333,-9999,0.00699458,0.0513854,0.0752234,0.0497312,0.0833333,0.0833333,3.43119e-07,3.43119e-07,6.01852e-07,0.117846,-0.0464454,-0.0615419,-0.00400047,0.0698833,1.83408,0.142759,0.226386,1.69452,2.28093,0.784362,1.89809,1.99448,-9999,-9999
200302,-0.201,1.0,209.338,123.361,1.0,255.053,0.0,1.708,1.0,87.14,0.0,0.472,1.0,3.673,1.0,0.41684046907,0.75818452381,52.3422700893,1.0,-9999,-9999,-9999,-9999,-9999,-9999,-9999,-9999,-9999,-9999,379.012,0.99628,-0.052,1.0,32.839,1.0,-2.64098,1.0,17.296,0.99256,24.4717,0.341421,21.328,0.997024,30.1765,0.789569,-1.64534,0.784226,0.0880867,-1.76215,-1.64833,-1.40384,0.776786,0.784226,0.915923,0.0126764,0.0122157,0.0132074,0.0246878,1.76499,1.40931,1.66005,1.77536,1.75779,0.141696,0.288842,1.61289,3.17381,1.48416,3.32241,3.83534,-9999,-9999
200303,3.148,1.0,298.589,152.583,1.0,284.053,0.0,2.323,1.0,86.907,0.0,1.721,1.0,5.211,1.0,-9999,-9999,89.4653299731,1.0,-9999,-9999,-9999,-9999,-9999,-9999,-9999,-9999,-9999,-9999,374.717,0.672043,2.939,1.0,31.711,1.0,1.19651,1.0,34.0251,0.672043,50.2813,0.538629,24.9563,0.672043,36.8797,0.796184,-1.6666,0.22379,0.07391,-1.64714,-1.60458,-1.51206,0.198925,0.112903,0.493952,0.423367,0.196452,0.423367,0.683684,2.07051,1.74267,2.05194,2.26465,1.89159,0.381279,0.804605,1.756,3.65289,1.97964,3.86106,4.4915,-9999,-9999
200304,2.719,1.0,389.597,192.875,1.0,274.821,0.0,2.15,1.0,86.624,0.0,0.796,1.0,3.696,1.0,0.419536182632,0.566666666667,126.02264375,1.0,-9999,-9999,-9999,-9999,-9999,-9999,-9999,-9999,-9999,-9999,373.103,0.735417,5.186,1.0,30.807,1.0,0.409753,1.0,34.8137,0.736806,50.1732,0.433854,52.3093,0.7375,75.3875,0.887815,-1.80313,0.222222,0.064115,-1.85052,-1.74203,-1.52686,0.176389,0.197917,0.453472,0.915593,0.916909,1.41109,1.45094,2.70555,2.7338,2.95236,3.00421,1.87531,0.430306,1.73202,1.93159,4.16844,3.41755,4.52551,5.32382,-9999,-9999
200305,8.16,1.0,456.611,245.216,1.0,282.855,0.0,4.877,1.0,87.127,0.0,1.049,1.0,3.618,1.0,-9999,-9999,167.724334677,1.0,-9999,-9999,-9999,-9999,-9999,-9999,-9999,-9999,-9999,-9999,370.581,0.442204,9.968,1.0,28.313,1.0,3.8878,1.0,50.3564,0.440188,69.7909,0.796549,59.8544,0.44086,82.9545,1.39123,-4.2834,0.33871,0.0842333,-4.2849,-4.25179,-3.82663,0.302419,0.329973,0.347446,2.10875,2.10875,2.32183,2.73459,6.36055,6.36434,6.45442,6.61499,2.07109,0.498072,1.91215,2.10517,4.69427,4.69427,5.2774,6.26579,-9999,-9999
200306,14.551,1.0,486.056,334.695,1.0,286.08,0.0,10.245,1.0,87.124,0.0,0.0,1.0,3.818,1.0,0.574776043456,0.917361111111,223.869732639,1.0,-9999,-9999,-9999,-9999,-9999,-9999,-9999,-9999,-9999,-9999,367.986,0.994444,16.866,1.0,17.1,1.0,6.07495,1.0,73.1345,0.992361,97.319,0.822883,90.8563,0.995139,120.901,1.32216,-4.84407,0.895833,0.0517501,-4.84465,-4.79452,-4.43132,0.888889,0.892361,0.913889,4.9778,4.84537,4.92177,5.01998,9.77104,9.39208,9.56864,9.68512,3.58853,3.39116,3.86566,3.99244,7.68771,7.99557,8.08349,8.17013,-9999,-9999
200307,20.203,1.0,471.756,342.874,1.0,297.775,0.0,16.515,1.0,87.343,0.0,0.0,1.0,3.45,1.0,0.523417096252,0.989919354839,232.108071237,1.0,-9999,-9999,-9999,-9999,-9999,-9999,-9999,-9999,-9999,-9999,368.883,0.999328,23.325,1.0,10.108,1.0,7.87542,1.0,66.2444,0.998656,86.5498,0.782983,105.51,0.999328,137.851,1.30655,-1.15583,0.915995,0.0468995,-1.23864,-1.15583,-1.07076,0.910618,0.915995,0.925403,6.13738,6.0749,6.16137,6.31674,7.30861,7.28456,7.31254,7.33942,4.88575,4.91328,5.01072,5.09743,6.29338,6.17066,6.33233,6.44521,-9999,-9999
200308,18.121,1.0,416.881,250.313,1.0,298.682,0.0,12.349,1.0,87.269,0.0,0.229,1.0,3.104,1.0,0.460009126025,0.989247311828,155.040596774,1.0,-9999,-9999,-9999,-9999,-9999,-9999,-9999,-9999,-9999,-9999,360.866,0.999328,20.12,1.0,9.546,1.0,3.62362,1.0,31.5658,0.999328,41.9504,0.542221,82.4258,0.999328,109.542,1.25387,-0.614818,0.875672,0.0472789,-0.821954,-0.614818,-0.427544,0.834005,0.875672,0.909274,4.1142,3.96629,4.03674,4.08523,4.81097,4.44676,4.54746,4.73941,3.47516,2.58496,2.83085,3.06582,3.88754,3.57835,3.80451,4.02922,-9999,-9999
200309,15.621,1.0,334.899,215.34,1.0,294.569,0.0,11.809,1.0,87.264,0.0,0.804,1.0,3.418,1.0,0.384444780382,0.966666666667,119.11973125,1.0,-9999,-9999,-9999,-9999,-9999,-9999,-9999,-9999,-9999,-9999,370.294,0.995833,13.914,1.0,10.559,1.0,1.2847,1.0,19.3158,0.999306,27.2363,0.396908,58.3322,0.998611,82.2518,0.966733,-0.796881,0.709722,0.0308874,-0.845862,-0.747011,-0.527461,0.544444,0.710417,0.760417,2.08665,1.88144,1.93821,2.08192,2.89783,2.34775,2.68578,2.89659,2.87729,2.52281,2.7114,6.54658,2.47045,2.25794,2.44368,3.81097,-9999,-9999
200310,9.806,1.0,242.79,130.561,1.0,285.415,0.0,6.325,1.0,87.292,0.0,0.737,1.0,3.804,1.0,0.521719022747,0.97311827957,57.6385846774,1.0,-9999,-9999,-9999,-9999,-9999,-9999,-9999,-9999,-9999,-9999,371.163,1.0,7.828,1.0,11.015,1.0,-2.04547,1.0,23.769,1.0,35.4427,0.518114,16.257,1.0,24.2413,1.16701,-2.18496,0.811156,0.0783972,-2.33246,-2.23047,-2.10696,0.81586,0.823253,0.826613,1.15046,1.11724,1.15046,1.20494,3.42458,3.2441,3.33509,3.47775,2.30831,2.2371,2.48116,3.3754,3.14724,2.95379,3.41448,3.89202,-9999,-9999
200311,1.778,1.0,165.655,70.088,1.0,275.604,0.0,1.452,1.0,87.044,0.0,0.888,0.828472,3.716,0.828472,0.619866590409,0.578472222222,29.6403645523,0.7875,-9999,-9999,-9999,-9999,-9999,-9999,-9999,-9999,-9999,-9999,374.147,0.113194,0.526,1.0,15.764,1.0,-3.70918,1.0,19.9011,0.943056,29.6753,0.468031,-18.3797,0.943056,-27.4065,1.02333,-1.70666,0.113194,-9999,-1.99897,-1.73931,-1.53193,0.109028,0.113194,0.113194,0.963986,0.955044,0.971562,1.02397,2.75971,2.53122,2.72051,2.86894,2.68759,1.39402,1.68834,2.80896,3.53395,2.68525,3.46182,3.52256,-9999,-9999
200312,-0.695,1.0,129.258,47.421,1.0,277.699,0.0,0.791,1.0,86.825,0.0,0.982,0.961022,3.267,0.961022,-9999,-9999,12.1121186508,0.954301075269,-9999,-9999,-9999,-9999,-9999,-9999,-9999,-9999,-9999,-9999,379.318,0.0,0.244,1.0,30.562,1.0,-3.00739,1.0,12.6854,0.912634,13.5376,0.337759,-7.51618,0.911962,-8.0211,0.623403,-0.838977,0.0,-9999,-1.19745,-0.838977,-0.553967,0.0,0.0,0.0,0.778245,0.768616,0.803549,0.853249,1.86722,1.38428,1.62654,1.95006,2.20953,1.0104,1.4716,2.30931,2.91325,2.27106,2.86278,2.88773,-9999,-9999
200401,-0.723,1.0,146.422,55.98,1.0,279.281,0.0,1.001,0.870296,87.055,0.0,2.425,0.436156,4.038,0.436156,-9999,-9999,-9999,-9999,-9999,-9999,-9999,-9999,-9999,-9999,-9999,-9999,-9999,-9999,383.515,0.0,0.247,1.0,34.233,1.0,-2.28527,1.0,20.155,0.649866,20.585,0.618156,-22.2229,0.650538,-22.6971,0.910268,-0.796335,0.0,-9999,-1.03595,-0.796335,-0.666882,0.0,0.0,0.0,0.294557,4.64465e-07,0.0222991,0.294415,1.16029,0.675253,0.773368,1.16975,0.996427,0.166288,0.958483,1.01492,1.17374,1.00475,1.03921,1.15819,-9999,-9999
200402,-0.226,1.0,210.781,102.98,1.0,269.139,0.0,1.299,1.0,86.951,0.0,1.48,1.0,2.885,1.0,0.436049252481,0.885057471264,45.7199030172,1.0,-9999,-9999,-9999,-9999,-9999,-9999,-9999,-9999,-9999,-9999,380.671,0.869971,0.243,1.0,37.442,1.0,-1.94511,1.0,16.3648,1.0,18.5568,0.666216,9.10975,1.0,10.3299,1.05319,-1.12976,0.652299,0.0396892,-1.23973,-1.12976,-1.06562,0.636494,0.652299,0.666667,0.29428,0.115964,0.128395,0.280896,1.46756,1.18262,1.24399,1.49732,0.990379,0.200879,0.860399,0.945217,1.62638,1.49204,1.51574,1.61984,-9999,-9999
200403,5.007,1.0,301.737,176.291,1.0,266.577,0.0,3.856,1.0,87.359,0.0,0.016,1.0,4.193,1.0,0.605113464615,0.965725806452,97.5469193548,1.0,-9999,-9999,-9999,-9999,-9999,-9999,-9999,-9999,-9999,-9999,378.536,0.999328,1.431,1.0,38.552,1.0,0.440075,1.0,31.7,0.997984,44.6264,0.62208,17.06,1.0,24.0166,1.17508,-2.18991,0.943548,0.0402491,-2.27823,-2.18991,-2.17313,0.938844,0.943548,0.948253,1.45229,1.40351,1.49546,1.52766,3.68124,3.67153,3.68376,3.69287,1.68748,1.4673,1.61562,1.66354,3.73669,3.65501,3.68138,3.73835,-9999,-9999
200404,6.753,1.0,392.274,240.054,1.0,269.739,0.0,4.817,1.0,87.2,0.0,0.042,1.0,3.339,1.0,0.487168635603,0.933333333333,148.806809028,1.0,-9999,-9999,-9999,-9999,-9999,-9999,-9999,-9999,-9999,-9999,376.367,1.0,7.115,1.0,33.019,1.0,3.48928,1.0,45.7877,1.0,64.4588,0.686314,57.4372,1.0,80.8587,1.19366,-2.83067,0.966667,0.0537246,-2.96025,-2.87331,-2.83067,0.943056,0.961111,0.966667,2.59339,2.57413,2.58969,2.60943,5.53313,5.42657,5.46283,5.50429,3.25058,2.85127,3.06541,3.2796,5.98058,5.77523,5.98058,6.1495,-9999,-9999
200405,8.145,1.0,458.226,265.7,1.0,282.995,0.0,3.975,1.0,87.067,0.0,0.057,1.0,4.322,1.0,0.663946216831,0.983870967742,179.189317204,1.0,-9999,-9999,-9999,-9999,-9999,-9999,-9999,-9999,-9999,-9999,373.555,1.0,11.25,1.0,27.743,1.0,3.34699,1.0,63.5312,1.0,81.7056,0.817185,73.1972,1.0,94.1367,1.27409,-3.65822,0.977151,0.0679817,-3.74339,-3.66613,-3.65334,0.974462,0.986559,0.983871,3.60203,3.57051,3.59383,3.60236,7.28404,7.24562,7.26483,7.34979,3.7466,3.74684,3.79002,4.0019,7.43344,7.42206,7.45542,7.62353,-9999,-9999
200406,13.57,1.0,486.286,321.914,1.0,289.596,0.0,9.046,1.0,87.203,0.0,0.051,1.0,3.753,1.0,0.577788250918,0.992361111111,207.123545833,1.0,-9999,-9999,-9999,-9999,-9999,-9999,-9999,-9999,-9999,-9999,372.634,1.0,16.003,1.0,19.339,1.0,5.61894,1.0,75.5073,1.0,94.1099,0.852805,86.1662,1.0,107.395,1.39268,-2.44366,0.943056,0.0683555,-2.47834,-2.44322,-2.40227,0.938889,0.921528,0.944444,5.27067,4.97175,5.00496,5.22893,7.75966,7.35225,7.40353,7.73734,3.24923,2.89701,3.11735,3.19841,6.13661,6.01269,6.06491,6.15199,-9999,-9999
200407,18.746,1.0,470.574,334.946,1.0,299.659,0.0,13.446,1.0,87.184,0.0,0.09,1.0,2.991,1.0,0.508475397465,0.989919354839,186.937237231,1.0,-9999,-9999,-9999,-9999,-9999,-9999,-9999,-9999,-9999,-9999,368.739,1.0,21.489,1.0,11.269,1.0,6.7246,1.0,81.823,1.0,87.3074,0.985001,87.0692,1.0,92.9053,1.2679,-1.8053,0.926747,0.0519915,-1.87233,-1.76038,-1.74558,0.903226,0.947581,0.93414,6.42265,6.23156,6.4502,6.49179,8.18277,8.16803,8.2042,8.24774,2.95607,2.61268,2.80503,2.93532,5.90484,5.60516,5.67379,5.8101,-9999,-9999
200408,18.27,1.0,414.553,250.802,1.0,312.529,0.0,12.554,1.0,87.177,0.0,1.622,1.0,2.896,1.0,0.472683631326,0.976478494624,135.599940188,1.0,-9999,-9999,-9999,-9999,-9999,-9999,-9999,-9999,-9999,-9999,367.575,1.0,19.15,1.0,12.085,1.0,2.56604,1.0,61.4597,1.0,70.0098,0.939519,55.3272,1.0,63.0241,1.21252,-1.10574,0.821909,0.0629636,-1.34903,-1.11175,-0.833248,0.817204,0.820565,0.83871,6.08259,5.8123,6.05846,6.12093,7.29141,6.90346,7.24055,7.45091,4.35902,4.14133,4.28628,4.50372,5.28549,4.96562,5.36237,5.66186,-9999,-9999
200409,12.073,1.0,331.921,200.263,1.0,291.913,0.0,6.27,1.0,87.172,0.0,0.246,1.0,3.293,1.0,0.52593256782,0.983333333333,94.3018895833,1.0,-9999,-9999,-9999,-9999,-9999,-9999,-9999,-9999,-9999,-9999,369.313,1.0,11.693,1.0,11.176,1.0,0.0836653,1.0,41.3797,1.0,44.6642,0.686031,45.9099,1.0,49.554,1.04308,-1.21524,0.85625,0.0426237,-1.21536,-1.19257,-1.15712,0.84375,0.831944,0.83125,4.5318,4.49833,4.52021,4.53798,5.73749,5.65449,5.69835,5.72949,6.37288,5.38806,6.18574,6.31863,6.32374,5.79624,6.22741,6.28172,-9999,-9999
200410,8.015,1.0,239.872,132.235,1.0,286.66,0.0,4.953,1.0,86.91,0.0,0.795,1.0,3.608,1.0,0.540002399113,0.924059139785,45.1221176075,1.0,-9999,-9999,-9999,-9999,-9999,-9999,-9999,-9999,-9999,-9999,373.35,1.0,6.578,1.0,11.743,1.0,-1.62424,1.0,24.9946,0.999328,27.8195,0.518503,16.9973,1.0,18.9183,0.909075,-1.47573,0.964382,0.0396813,-1.53986,-1.47153,-1.44891,0.961022,0.964382,0.975134,2.1052,2.10047,2.1837,2.21289,3.61182,3.62366,3.64752,3.67351,2.66666,2.60326,2.76756,2.92815,3.75059,3.7178,3.7932,3.94167,-9999,-9999
200411,3.361,1.0,163.701,80.111,1.0,269.777,0.0,2.863,1.0,87.58,0.0,0.406,1.0,3.095,1.0,0.438903550067,0.852083333333,9.24799027778,1.0,-9999,-9999,-9999,-9999,-9999,-9999,-9999,-9999,-9999,-9999,381.114,1.0,1.677,1.0,14.527,1.0,-3.16416,1.0,12.5142,1.0,13.9286,0.474602,-4.73017,1.0,-5.26477,0.852546,-1.20194,0.943056,0.0359369,-1.30775,-1.20194,-1.15743,0.929167,0.943056,0.965972,1.17348,1.1052,1.2076,1.24832,2.41349,2.39407,2.40919,2.43444,2.04871,1.91334,2.05903,2.11534,2.58535,2.58194,2.64465,2.68002,-9999,-9999
200412,1.433,1.0,128.936,52.697,1.0,273.451,0.0,1.879,1.0,87.106,0.0,2.032,1.0,3.153,1.0,0.445219987983,0.832661290323,-2.94387836022,1.0,-9999,-9999,-9999,-9999,-9999,-9999,-9999,-9999,-9999,-9999,370.754,0.991935,-0.28,1.0,24.083,1.0,-2.2437,1.0,13.4694,0.995296,12.9875,0.460319,-19.7161,0.997312,-19.0108,0.977312,-0.80684,0.932124,0.0285939,-0.91004,-0.80684,-0.745254,0.929435,0.932124,0.932796,0.558217,0.545655,0.670097,0.756693,1.40877,1.42593,1.4741,1.49096,0.828706,0.785663,0.816139,0.851322,1.50962,1.49117,1.50524,1.5309,-9999,-9999
200501,0.485,1.0,146.422,54.903,1.0,262.329,0.0,2.046,1.0,87.018,0.0,0.377,1.0,2.595,1.0,0.408757483149,0.737903225806,3.86257258065,1.0,-9999,-9999,-9999,-9999,-9999,-9999,-9999,-9999,-9999,-9999,375.097,0.971774,0.079,1.0,27.465,1.0,-1.49423,1.0,12.6075,0.972446,12.8766,0.381265,-15.1435,0.971102,-15.4667,0.951051,-0.481476,0.928763,0.0266781,-0.494263,-0.481594,-0.461967,0.913306,0.936156,0.928091,0.776046,0.776042,0.807462,0.810842,1.25156,1.26713,1.26956,1.28067,3.05617,1.35391,2.99126,3.06573,1.87909,1.53167,1.85384,1.89526,-9999,-9999
200502,1.08,1.0,209.338,116.203,1.0,245.856,0.0,2.58,1.0,87.148,0.0,0.463,1.0,2.362,1.0,0.332705714843,0.831101190476,31.6177879464,1.0,-9999,-9999,-9999,-9999,-9999,-9999,-9999,-9999,-9999,-9999,385.972,0.999256,-0.074,1.0,28.76,1.0,-1.95394,1.0,13.0272,0.999256,13.3051,0.377743,19.7811,1.0,20.2031,0.79041,-1.71952,0.844494,0.0330456,-1.84925,-1.71952,-1.6695,0.78125,0.844494,0.856399,0.738133,0.639948,0.735995,0.746173,2.47564,2.41194,2.45924,2.48442,1.08939,1.12462,1.20264,1.48251,2.60368,2.60446,2.64777,2.75896,-9999,-9999
200503,4.422,1.0,298.589,161.25,1.0,269.456,0.0,3.631,1.0,87.006,0.0,0.377,1.0,3.751,1.0,0.555577241138,0.986559139785,67.3725893817,1.0,-9999,-9999,-9999,-9999,-9999,-9999,-9999,-9999,-9999,-9999,384.804,0.998656,2.351,1.0,29.087,1.0,-0.422075,1.0,37.6826,0.999328,46.9732,0.62171,16.6365,0.999328,20.7382,1.02563,-2.81152,0.919355,0.0450062,-3.05021,-2.81152,-2.77862,0.847446,0.919355,0.932796,1.20975,1.10594,1.20975,1.24383,4.07657,4.00634,4.02286,4.07657,1.45394,1.21796,1.47033,1.72033,4.0747,3.91223,4.00765,4.07728,-9999,-9999
200504,4.372,1.0,389.597,192.626,1.0,288.014,0.36875,2.738,1.0,86.998,0.0,1.524,1.0,3.568,1.0,0.571469823329,0.969444444444,107.387576389,1.0,-9999,-9999,-9999,-9999,-9999,-9999,-9999,-9999,-9999,-9999,387.476,0.999306,6.153,1.0,32.061,1.0,1.64038,1.0,42.227,1.0,49.4861,0.69622,48.0082,1.0,56.2611,1.08197,-2.72407,0.947222,0.0428266,-2.74375,-2.71793,-2.71201,0.984722,0.943056,0.940278,2.32041,2.26126,2.28476,2.313,5.06401,4.97826,4.99928,5.01504,2.41405,2.2219,2.28325,2.41024,5.16948,5.0554,5.08526,5.16948,-9999,-9999
200505,8.739,1.0,456.611,236.923,1.0,306.033,1.0,4.02,1.0,86.937,0.0,3.966,1.0,3.485,1.0,0.577840282643,0.929435483871,151.874600134,1.0,-9999,-9999,-9999,-9999,-9999,-9999,28.9927916717,0.887096774194,363.403361012,0.887768817204,383.079,0.999328,11.258,1.0,32.312,1.0,2.36121,1.0,67.7172,0.999328,81.788,0.908051,55.9801,1.0,67.612,1.08963,-3.15381,0.942204,0.0578258,-3.22529,-3.13947,-3.07208,0.94422,0.953629,0.96707,4.09529,4.01547,4.10747,4.29877,7.33473,7.16318,7.23314,7.35072,4.11062,3.76413,4.14903,4.33037,7.00753,6.8974,7.07482,7.16472,-9999,-9999
200506,10.41,1.0,486.056,302.295,1.0,292.09,1.0,5.51,1.0,86.936,0.0,0.652,1.0,3.617,1.0,0.602475427202,0.992361111111,186.211604167,1.0,-9999,-9999,-9999,-9999,-9999,-9999,37.3900574468,0.999305555556,371.105356383,0.999305555556,373.712,1.0,13.444,1.0,22.474,1.0,1.76207,1.0,73.3206,1.0,81.5401,0.89083,92.5358,1.0,102.909,1.18852,-2.81309,0.967361,0.0450264,-2.81694,-2.80611,-2.79621,0.971528,0.969444,0.969444,5.93844,5.89159,5.92682,5.94133,8.74456,8.68777,8.72343,8.74684,6.76989,6.26348,6.44561,6.60736,9.30836,8.98873,9.13894,9.25958,-9999,-9999
200507,18.553,1.0,471.756,337.247,1.0,309.926,0.99664,13.587,1.0,87.218,0.0,0.033,1.0,3.527,1.0,0.54704057627,0.989919354839,194.220028898,1.0,-9999,-9999,-9999,-9999,-9999,-9999,40.8776242979,0.922043010753,411.531397299,0.922043010753,368.369,1.0,20.848,1.0,11.529,1.0,4.44551,1.0,70.7486,0.999328,78.2449,0.896519,100.871,1.0,111.559,1.22878,0.100221,0.917339,0.042818,0.0447445,0.0663694,0.0777868,0.910618,0.919355,0.918683,8.13406,8.13406,8.20316,8.31992,8.10368,8.07616,8.14142,8.26826,7.56689,7.41386,7.52949,7.56518,7.42985,7.21184,7.31881,7.40358,-9999,-9999
200508,18.793,1.0,416.881,296.345,1.0,303.564,0.876344,14.984,1.0,87.222,0.0,0.0,1.0,3.288,1.0,0.501433276511,0.991935483871,153.415793683,1.0,-9999,-9999,-9999,-9999,-9999,-9999,35.7891666667,0.677419354839,405.888363095,0.677419354839,363.943,1.0,21.378,1.0,9.68,1.0,3.38671,1.0,26.1481,0.998656,27.2556,0.579022,117.723,1.0,122.709,1.28331,0.586599,0.912634,0.0276158,0.55153,0.587195,0.595927,0.936156,0.893145,0.908602,5.00476,4.94085,4.97117,5.00265,4.40811,4.3636,4.38652,4.41741,5.089,5.09472,5.17891,5.35083,4.4704,4.50307,4.60791,4.64923,-9999,-9999
200509,12.839,1.0,334.899,216.374,1.0,287.015,1.0,8.35,1.0,87.23,0.0,0.017,1.0,3.366,1.0,0.507800198419,0.991666666667,96.7627145833,1.0,-9999,-9999,-9999,-9999,-9999,-9999,29.0363609486,0.997916666667,377.544118351,0.997916666667,370.774,0.998611,12.993,1.0,9.601,1.0,0.838619,1.0,13.0916,0.997222,13.4569,0.414521,80.3797,1.0,82.6226,1.20855,-0.719796,0.871528,0.0279136,-0.824457,-0.720092,-0.695065,0.850694,0.876389,0.884028,2.57006,2.57006,2.65066,2.67364,3.35009,3.36488,3.37641,3.39414,3.28485,3.28021,3.30726,3.44531,3.50906,3.58078,3.64894,3.77699,-9999,-9999
200510,8.1,1.0,242.79,127.861,1.0,288.137,1.0,3.89,1.0,87.128,0.0,0.574,1.0,3.317,1.0,0.477299078489,0.976478494624,46.2105584677,1.0,-9999,-9999,-9999,-9999,-9999,-9999,18.2651611902,0.998655913978,351.491039236,0.998655913978,378.981,1.0,6.913,1.0,13.15,1.0,-2.37844,1.0,28.075,1.0,30.0847,0.573271,17.2683,1.0,18.5043,0.947408,-0.543942,0.923387,0.0341046,-0.543683,-0.538986,-0.517792,0.918011,0.916667,0.880376,3.33219,3.29402,3.33219,3.35541,3.8603,3.83313,3.85638,3.87486,5.06388,4.01897,4.64221,4.74912,4.92912,4.60047,4.74647,4.80109,-9999,-9999
200511,0.9,1.0,165.655,77.594,1.0,266.962,1.0,1.458,1.0,87.241,0.277778,3.539,1.0,3.59,1.0,0.547345447569,0.870138888889,13.9265298611,1.0,-9999,-9999,-9999,-9999,-9999,-9999,14.0478790485,0.998611111111,316.563999261,0.998611111111,385.501,0.995833,0.889,1.0,23.519,1.0,-3.76868,1.0,22.881,0.998611,24.5188,0.638603,-15.3853,0.997917,-16.4866,1.11848,-0.24184,0.91875,0.0324127,-0.264594,-0.256445,-0.251078,0.926389,0.91875,0.91875,1.64848,1.65364,1.65967,1.68718,1.88773,1.89894,1.9143,1.97084,2.13109,2.13109,2.17736,2.2148,2.11846,2.11845,2.14022,2.22079,-9999,-9999
200512,-1.581,1.0,129.258,49.0,1.0,268.67,1.0,1.367,1.0,86.967,1.0,6.678,1.0,2.756,1.0,0.446060866034,0.779569892473,1.40000403226,1.0,-9999,-9999,-9999,-9999,-9999,-9999,12.8124174245,0.997983870968,303.48902049,0.997983870968,386.824,0.981183,0.413,1.0,29.748,1.0,-2.2741,1.0,18.4374,0.982527,17.7779,0.673556,-23.943,0.983199,-23.0865,1.04861,0.859306,0.850806,0.0376006,0.808881,0.846304,0.860354,0.750672,0.843414,0.850134,0.633505,0.633505,0.638844,0.652837,-0.214095,-0.213585,-0.1986,-0.151476,2.7466,2.49473,2.73703,2.75003,0.791458,0.692116,0.787405,0.791717,-9999,-9999
200601,0.846,1.0,146.422,51.973,1.0,278.17,1.0,1.422,1.0,86.927,0.0,5.026,0.99664,4.199,0.997984,-9999,-9999,-0.14784811828,1.0,-9999,-9999,-9999,-9999,-9999,-9999,12.5319079301,1.0,316.411512097,1.0,384.281,0.160618,0.359,1.0,37.659,1.0,-1.8317,1.0,37.9621,0.163306,36.6041,1.23115,-63.245,0.176075,-60.9826,1.84833,0.338319,0.0739247,0.414041,0.255931,0.287636,0.343545,0.0759409,0.0759409,0.0712366,9.37997e-07,4.31688e-07,4.6586e-07,5.85812e-07,-0.322515,-0.344718,-0.290899,-0.268598,2.80831,2.80873,2.96919,3.39628,2.60552,2.48941,2.56918,2.59433,-9999,-9999
200602,-1.276,1.0,209.338,111.342,0.0669643,248.631,0.0654762,1.881,1.0,87.33,0.18006,1.306,1.0,3.61,1.0,-9999,-9999,30.7636949405,1.0,-9999,-9999,-9999,-9999,-9999,-9999,-9999,-9999,-9999,-9999,385.065,0.137649,0.101,1.0,36.83,1.0,-1.75934,1.0,15.6084,0.137649,20.158,-9999,0.106015,0.151042,0.136916,-9999,-1.60711,0.0238095,-9999,-1.63732,-1.61192,-1.581,0.0238095,0.0297619,0.0200893,0.245428,0.234338,0.237887,0.250994,1.88217,1.82742,1.84733,1.87468,2.45772,2.4581,2.61116,3.03178,4.43766,4.25002,4.37661,4.41893,-9999,-9999
200603,-0.013,1.0,298.589,145.307,0.0,266.684,0.0,1.978,0.987903,86.446,0.0,0.737,1.0,3.595,1.0,-9999,-9999,62.3467163978,1.0,-9999,-9999,-9999,-9999,-9999,-9999,-9999,-9999,-9999,-9999,383.043,0.0,0.162,1.0,37.067,1.0,-1.18176,1.0,23.9345,0.0,28.8312,-9999,49.1629,0.0,59.221,-9999,-3.12747,0.0,-9999,-3.08622,-3.04038,-2.97216,0.0,0.0,0.0,1.03853,1.00586,1.0117,1.05649,4.07891,4.00503,4.0516,4.09792,2.62126,2.62166,2.7853,3.22627,5.42659,5.19994,5.35218,5.40379,-9999,-9999
200604,4.728,1.0,389.597,223.649,0.807639,272.747,0.806944,3.403,0.980556,86.869,0.0201389,2.049,1.0,3.496,1.0,-9999,-9999,121.585215278,1.0,-9999,-9999,-9999,-9999,-9999,-9999,30.3737534722,0.8,342.410763889,0.8,378.843,0.223611,4.944,1.0,35.101,1.0,2.39614,1.0,36.7339,0.222222,43.5772,0.983976,77.1975,0.222917,91.5789,1.9988,-2.5181,0.182639,0.110757,-2.52138,-2.5189,-2.26078,0.181944,0.181944,0.191667,2.27423,2.24684,2.35048,2.50991,4.79348,4.76805,4.81779,4.86947,3.81029,3.81087,3.92797,4.22433,7.01846,6.71662,6.92454,6.98719,-9999,-9999
200605,9.894,1.0,456.611,270.476,0.262769,279.32,0.260753,6.473,0.766129,87.142,0.0826613,1.245,1.0,3.302,0.83871,-9999,-9999,169.037592882,0.774193548387,-9999,-9999,-9999,-9999,-9999,-9999,-9999,-9999,-9999,-9999,376.747,0.171371,11.548,1.0,27.686,1.0,2.80639,1.0,54.8512,0.169355,63.0648,0.843519,99.9071,0.170699,114.868,1.53405,-2.5886,0.118952,0.0625434,-2.59089,-2.57021,-2.39103,0.118952,0.11828,0.122312,3.74394,3.67117,3.94373,4.15489,6.31414,6.26329,6.52068,6.5523,5.31305,5.31152,5.31939,5.35742,7.64984,7.185,7.55273,7.60453,-9999,-9999
200606,13.986,1.0,486.056,294.216,1.0,295.925,0.933333,8.373,1.0,87.274,0.865972,2.167,1.0,3.081,0.933333,0.513269740546,0.854166666667,178.188963889,1.0,-9999,-9999,-9999,-9999,-9999,-9999,35.1411728723,0.999305555556,376.211256109,0.721527777778,374.057,0.986806,15.223,1.0,24.212,1.0,3.66132,1.0,80.473,0.986806,92.5234,0.848252,71.0326,0.986806,81.6693,1.08778,-1.75906,0.959028,0.0423659,-1.78344,-1.76317,-1.72804,0.960417,0.955556,0.963889,5.59849,5.48765,5.85812,5.89353,7.36963,7.36963,7.62009,7.63955,6.78206,5.23074,5.57822,5.86319,7.76488,6.77566,7.00726,7.31104,-9999,-9999
200607,19.342,1.0,471.756,323.896,1.0,302.38,0.0,14.401,0.156586,87.26,1.0,0.385,0.998656,2.724,0.438844,0.529723833219,0.995967741935,185.713309812,1.0,-9999,-9999,-9999,-9999,-9999,-9999,37.9582143817,1.0,-9999,-9999,343.887,1.0,20.57,1.0,12.711,1.0,4.06829,1.0,105.784,1.0,110.782,1.57088,67.6658,1.0,70.8628,1.39136,-1.10026,1.0,0.0894911,-1.24138,-1.10135,-1.02679,1.0,1.0,1.0,6.07448,6.07448,6.26451,6.37305,7.20913,7.20384,7.29792,7.48499,5.66699,5.32095,5.52879,5.75786,6.25956,6.03299,6.14416,6.28978,-9999,-9999
200608,17.528,1.0,416.881,284.997,0.997312,295.017,0.727151,13.171,0.729839,87.171,0.995296,0.066,0.994624,2.788,0.992608,0.454403823081,0.975134408602,152.639518817,0.995967741935,-9999,-9999,-9999,-9999,-9999,-9999,34.7781408039,0.565188172043,401.093402441,0.506048387097,364.469,0.995968,19.625,1.0,10.549,1.0,3.16926,1.0,45.8738,0.995968,51.7826,0.570503,87.1311,0.995968,98.3541,1.26474,-1.50938,0.956317,0.0433415,-1.73365,-1.50938,-1.34173,0.956989,0.956317,0.962366,4.63301,4.53565,4.77937,4.79943,6.26947,6.18045,6.26482,6.38185,4.88834,4.70135,4.80698,5.1072,5.80836,5.67965,5.84816,6.10461,-9999,-9999
200609,14.975,1.0,334.899,220.405,1.0,289.691,1.0,12.024,1.0,87.176,1.0,0.059,1.0,3.014,0.997917,0.464899833106,0.990277777778,92.9487541667,1.0,-9999,-9999,-9999,-9999,-9999,-9999,29.0067798611,1.0,385.6834375,1.0,366.93,1.0,13.453,1.0,10.235,1.0,1.21877,1.0,19.9526,1.0,20.7955,0.464349,68.0591,1.0,70.9344,1.12986,-2.28558,0.925,0.0494167,-2.39998,-2.28558,-2.00153,0.902778,0.925,0.956944,1.99969,1.92031,2.13909,2.28908,4.34386,4.29524,4.32662,4.42877,3.47027,2.93396,3.07988,3.44073,4.62893,4.26113,4.35946,4.73525,-9999,-9999
200610,7.917,1.0,242.79,143.085,1.0,266.355,1.0,5.157,1.0,87.192,1.0,0.909,1.0,2.893,0.999328,0.422289118734,0.983870967742,39.033671371,1.0,-9999,-9999,-9999,-9999,-9999,-9999,20.6185530914,1.0,347.364583333,1.0,373.56,0.995296,5.735,1.0,11.164,1.0,-2.11834,1.0,18.3966,0.995296,16.7421,0.483617,26.1349,0.995968,23.7846,1.01148,-2.1043,0.844758,0.0479689,-2.16866,-2.1043,-1.82922,0.851478,0.844758,0.854839,1.41923,1.37851,1.42594,1.48678,3.53163,3.30531,3.48601,3.54692,3.18187,2.74681,2.91544,3.04884,4.2856,4.09241,4.23299,4.29267,-9999,-9999
200611,1.82,1.0,165.655,63.699,1.0,285.136,1.0,1.397,1.0,86.778,1.0,4.614,1.0,4.675,0.998611,0.669765474157,0.860416666667,13.3544479167,1.0,-9999,-9999,-9999,-9999,-9999,-9999,11.3720284427,0.999305555556,322.933554965,0.999305555556,376.444,0.994444,2.538,1.0,22.664,1.0,-2.52205,1.0,36.9664,0.995833,34.643,0.677195,-44.2955,0.999306,-41.5115,1.16994,-1.35898,0.949306,0.0427668,-1.42946,-1.35898,-1.29003,0.942361,0.949306,0.957639,0.708788,0.7122,0.745883,0.785904,2.09303,2.0751,2.09785,2.12973,1.01337,0.968967,1.15321,1.28407,2.42558,2.29607,2.43494,2.57357,-9999,-9999
200612,0.003,1.0,129.258,56.274,1.0,258.814,1.0,1.829,1.0,87.239,1.0,5.334,1.0,3.039,0.999328,0.440127456948,0.88373655914,-7.66047983871,1.0,-9999,-9999,-9999,-9999,-9999,-9999,11.4703891129,1.0,309.450221774,1.0,380.733,0.993952,0.118,1.0,31.312,1.0,-2.63327,1.0,11.3741,0.992608,10.9672,0.504055,-17.1485,0.994624,-16.5351,1.04397,-1.35533,0.75336,0.0585696,-1.81971,-1.35533,-1.02555,0.649194,0.75336,0.817204,0.598474,0.208817,0.60466,0.691019,2.06874,1.7171,1.98268,2.06874,0.50776,0.121159,0.27914,0.603861,2.01498,1.46534,1.48167,2.04268,-9999,-9999
200701,-1.758,1.0,146.422,69.555,1.0,250.076,1.0,2.27,1.0,87.502,0.862903,1.204,0.863575,3.345,0.844086,0.49450036418,0.807123655914,-3.81750848765,0.856182795699,-9999,-9999,-9999,-9999,-9999,-9999,14.2870436847,0.856182795699,304.253414767,0.856182795699,379.76,1.0,-0.225,1.0,31.217,1.0,-1.88133,1.0,15.1425,1.0,14.6008,0.455801,-16.4247,1.0,-15.8372,0.95034,-1.07754,0.883737,0.0315382,-1.29823,-1.07821,-0.970122,0.78629,0.883065,0.879704,0.169229,0.0594612,0.294132,0.347129,1.27598,1.30863,1.32625,1.37167,0.0848799,0.0784428,0.0848799,1.09128,0.921495,0.889994,0.921495,2.20009,-9999,-9999
200702,1.542,1.0,209.338,87.101,1.0,273.345,1.0,2.076,1.0,86.857,0.911458,0.927,0.911458,3.814,0.904018,0.553612779275,0.834077380952,23.23876,0.892857142857,-9999,-9999,-9999,-9999,-9999,-9999,16.162815,0.892857142857,319.9610925,0.892857142857,378.027,0.999256,-0.087,1.0,30.457,1.0,-0.552168,1.0,19.9068,1.0,25.7092,0.541242,-12.0115,1.0,-15.5126,1.03929,-1.41903,0.888393,0.0230932,-1.48513,-1.41903,-1.32615,0.90253,0.888393,0.892113,0.00488686,8.0609e-07,0.00488686,0.0429467,1.43245,1.35887,1.42386,1.4848,2.12111,1.12686,1.5453,2.12093,2.40368,1.81212,2.40368,2.487,-9999,-9999
200703,5.113,1.0,298.589,169.369,1.0,271.379,1.0,3.414,1.0,87.222,1.0,0.844,1.0,3.856,1.0,0.616703658015,0.979838709677,79.5782278226,1.0,-9999,-9999,-9999,-9999,-9999,-9999,23.5086969086,1.0,337.661639785,1.0,377.598,1.0,2.706,1.0,31.609,1.0,1.21575,1.0,36.6912,1.0,47.3859,0.577805,23.9853,1.0,30.9766,1.02198,-3.07917,0.932796,0.0355834,-3.16504,-3.07917,-2.96503,0.928763,0.932796,0.945565,0.541472,0.504857,0.553988,0.632142,3.64997,3.59539,3.62727,3.66325,1.64726,1.27093,1.35067,1.69674,4.36099,4.20021,4.36099,4.44535,-9999,-9999
200704,4.506,1.0,389.597,225.478,1.0,268.386,1.0,3.171,1.0,87.002,1.0,0.999,1.0,3.311,0.999306,0.569759069828,0.979861111111,126.631740278,1.0,-9999,-9999,-9999,-9999,-9999,-9999,28.50714375,1.0,338.726020833,1.0,377.277,1.0,6.032,1.0,29.011,1.0,1.03777,1.0,52.5526,1.0,58.7379,0.901516,59.816,1.0,66.8561,1.36365,-3.64943,0.963889,0.0429937,-3.75906,-3.64903,-3.5905,0.938889,0.963889,0.978472,1.03493,1.00141,1.02855,1.04783,4.72357,4.61099,4.69585,4.73636,2.30131,2.1068,2.26554,2.37677,5.61959,5.4162,5.64052,5.84996,-9999,-9999
200705,10.154,1.0,456.611,294.773,1.0,282.385,1.0,6.541,1.0,87.127,1.0,0.639,1.0,3.056,1.0,0.52911356606,0.983870967742,173.750538978,1.0,-9999,-9999,-9999,-9999,-9999,-9999,36.0936357527,1.0,367.313420699,1.0,373.511,0.997312,11.501,1.0,22.514,1.0,2.07988,1.0,62.6263,0.997984,72.0017,0.78657,86.4999,0.998656,99.4494,1.22001,-4.12868,0.906586,0.0521186,-4.37593,-4.12813,-3.94659,0.887769,0.902554,0.924059,3.09964,3.02039,3.13305,3.15127,7.28727,7.06882,7.22334,7.37572,3.0513,2.74466,2.93657,3.05902,7.04635,6.94563,7.03138,7.11834,-9999,-9999
200706,12.25,1.0,486.056,311.06,1.0,295.979,1.0,6.914,1.0,87.061,1.0,0.965,1.0,3.636,1.0,0.649168387681,0.998611111111,189.390765972,1.0,-9999,-9999,-9999,-9999,-9999,-9999,37.31710625,1.0,380.330555556,1.0,371.261,1.0,15.079,1.0,14.084,1.0,2.47225,1.0,74.7168,0.999306,86.4123,0.873185,86.9496,1.0,100.56,1.17659,-3.93584,0.959722,0.0521627,-4.06004,-3.93584,-3.8394,0.954167,0.959722,0.965972,4.90678,4.84425,4.90449,4.96174,8.87006,8.78638,8.8394,8.91106,5.5862,5.52815,5.56228,5.59692,9.13287,9.09468,9.14622,9.22266,-9999,-9999
200707,18.915,1.0,471.756,304.52,1.0,322.922,0.975806,15.235,0.975806,87.167,0.545699,0.427,0.547043,2.717,0.546371,0.484940174591,0.510080645161,196.748077206,0.532930107527,-9999,-9999,-9999,-9999,-9999,-9999,39.7125617157,0.532930107527,423.58730049,0.532930107527,370.739,0.97379,20.716,1.0,10.519,1.0,4.48876,1.0,61.597,0.975134,71.3022,0.788937,80.7185,0.97379,93.4365,1.13293,0.977633,0.827957,0.0423052,0.933797,0.95741,0.967286,0.804435,0.828629,0.826613,7.29611,7.21977,7.26814,7.28095,6.31773,6.28623,6.30546,6.31773,6.65602,5.61721,6.35363,6.68554,6.59174,5.48787,6.11242,6.5473,-9999,-9999
200708,16.668,1.0,416.881,286.321,0.796371,302.019,0.836694,10.596,0.836694,87.027,0.750672,0.418,0.835349,2.98,0.832661,0.542091991034,0.818548387097,155.049301033,0.825940860215,-9999,-9999,-9999,-9999,-9999,-9999,35.4401995469,0.825940860215,400.085194242,0.825940860215,365.315,0.826613,19.044,1.0,9.895,1.0,2.37848,1.0,35.5223,0.825269,37.9836,0.687342,105.013,0.830645,112.289,1.17266,-1.28665,0.778226,0.0363817,-1.28665,-1.26096,-1.23653,0.778226,0.771505,0.772177,4.7524,4.65944,4.73183,4.74949,6.01336,5.93784,5.95632,5.99719,4.36284,4.34245,4.47712,4.76558,5.26088,5.23207,5.33969,5.45698,-9999,-9999
200709,12.737,1.0,334.899,212.643,1.0,286.058,1.0,8.521,1.0,87.122,0.318056,0.804,1.0,3.07,0.998611,0.519381224689,0.988194444444,94.4758388889,1.0,-9999,-9999,-9999,-9999,-9999,-9999,28.5251458333,1.0,375.6895625,1.0,368.388,0.581944,11.856,1.0,9.955,1.0,0.269162,1.0,21.3993,0.580556,20.9151,0.549196,75.7712,0.583333,74.0565,1.10108,-1.16333,0.484722,0.0578413,-1.36416,-1.17504,-1.1002,0.467361,0.484722,0.486806,2.96247,2.77712,2.97998,3.05515,4.20666,4.12067,4.14598,4.16018,2.97866,2.83134,2.92892,3.00171,3.70529,3.62833,3.66901,3.7005,-9999,-9999
200710,6.419,1.0,242.79,127.908,1.0,282.878,1.0,3.482,1.0,87.093,1.0,3.695,1.0,3.33,0.999328,0.529954101183,0.967741935484,50.1249348118,1.0,-9999,-9999,-9999,-9999,-9999,-9999,18.207250672,1.0,342.453044355,1.0,374.979,1.0,5.337,1.0,15.504,1.0,-2.40289,1.0,30.2726,1.0,37.0911,0.625302,12.5989,1.0,15.4367,0.992916,-1.95296,0.847446,0.0478136,-2.05651,-1.95296,-1.85451,0.836022,0.847446,0.860887,2.0637,2.00415,2.06961,2.20321,4.08947,4.03254,4.0523,4.07447,2.23255,2.03509,2.21458,2.2573,3.90636,3.80198,3.88976,3.92083,-9999,-9999
200711,3.619,1.0,165.655,75.122,1.0,280.733,0.866667,3.236,0.866667,87.314,0.642361,3.793,0.642361,3.086,0.642361,0.470515350494,0.578472222222,10.2974791667,0.633333333333,-9999,-9999,-9999,-9999,-9999,-9999,13.2414364035,0.633333333333,340.145767544,0.633333333333,375.208,0.851389,3.828,0.638889,20.093,1.0,-2.58553,0.638889,34.6513,0.857639,42.4562,0.692998,-25.0229,0.859028,-30.659,1.02766,-0.541266,0.676389,0.0389154,-0.69078,-0.555547,-0.513175,0.663194,0.656944,0.668056,1.69733,1.46791,1.57229,1.67504,2.2105,2.14361,2.20966,2.26256,1.40444,1.30306,1.3717,1.50674,2.2539,2.20844,2.2539,2.33682,-9999,-9999
200712,-1.075,1.0,129.258,48.321,1.0,266.899,0.870968,1.245,0.870968,87.046,0.657258,2.002,0.657258,4.159,0.656586,0.638347600551,0.59811827957,-3.4715625,0.645161290323,-9999,-9999,-9999,-9999,-9999,-9999,12.1612052083,0.645161290323,303.831344792,0.645161290323,374.553,0.860887,1.183,0.195565,25.343,1.0,-5.02706,0.0,21.8474,0.859543,21.0659,0.634811,-32.3221,0.866935,-31.1659,0.934711,-0.360811,0.801747,0.0218987,-0.416827,-0.362744,-0.308572,0.795699,0.802419,0.810484,0.549758,0.511428,0.5202,0.551651,0.918271,0.820001,0.872627,0.971833,0.947872,0.545775,0.606817,0.919767,1.18553,0.967635,1.18138,1.55993,-9999,-9999
200801,-2.638,1.0,146.422,66.87,1.0,256.278,0.152554,1.205,1.0,86.72,0.864247,2.065,0.864247,3.426,0.864247,0.609280059344,0.780913978495,9.29215144231,0.838709677419,-9999,-9999,-9999,-9999,-9999,-9999,-9999,-9999,-9999,-9999,375.876,0.997312,0.728,1.0,33.483,1.0,-2.34751,0.0,24.3648,0.998656,23.9379,0.587057,-27.8929,1.0,-27.4042,0.993345,-0.853726,0.907258,0.0239661,-0.905309,-0.853726,-0.765478,0.906586,0.907258,0.93078,0.0695826,0.0694441,0.0825006,0.0877338,0.957225,0.817194,0.913428,0.970703,0.468224,0.474744,0.804727,0.930685,0.540794,0.404426,0.587235,0.622285,-9999,-9999
200802,1.654,1.0,210.781,117.443,1.0,265.692,0.0,2.813,0.910201,87.121,0.626437,0.41,0.626437,3.079,0.626437,0.650705008865,0.618534482759,24.3864641204,0.620689655172,-9999,-9999,-9999,-9999,-9999,-9999,-9999,-9999,-9999,-9999,375.471,0.907328,1.704,1.0,34.336,1.0,-1.57755,0.0625,19.9238,0.907328,27.4789,0.595727,6.02676,0.907328,8.31211,1.0855,-1.06962,0.756466,0.0325215,-1.12573,-1.06711,-1.04153,0.757184,0.756466,0.761494,0.454572,0.439467,0.443768,0.448197,1.54325,1.48512,1.50393,1.56838,0.733066,0.615501,0.672705,1.4681,1.46841,1.33843,1.38166,1.60491,-9999,-9999
200803,0.197,1.0,301.737,169.895,1.0,266.803,0.0,2.439,0.994624,87.326,0.852151,0.794,0.852151,3.434,0.851478,0.679595721949,0.829301075269,79.8378229167,0.838709677419,-9999,-9999,-9999,-9999,-9999,-9999,-9999,-9999,-9999,-9999,375.917,0.994624,0.489,1.0,36.158,1.0,-1.50472,0.994624,29.2484,0.994624,40.3393,0.605299,25.7591,0.993952,35.5269,1.13313,-2.46039,0.97043,0.0400434,-2.52433,-2.45852,-2.4314,0.961694,0.97043,0.971774,0.27473,0.259768,0.265025,0.272384,2.77913,2.67168,2.71703,2.78814,0.387699,0.312031,0.375555,0.637971,3.17335,2.61022,2.9045,3.17454,-9999,-9999
200804,1.99,1.0,392.274,228.142,1.0,264.977,0.0,2.92,1.0,87.181,0.149306,0.533,1.0,3.045,0.996528,0.651424176984,0.981944444444,124.914448611,1.0,-9999,-9999,-9999,-9999,-9999,-9999,-9999,-9999,-9999,-9999,376.6,0.999306,2.082,1.0,33.4,1.0,0.810277,1.0,39.0684,1.0,47.8046,0.63768,62.356,1.0,76.2996,1.04362,-2.86982,0.967361,0.0430921,-2.90958,-2.8629,-2.81721,0.963889,0.963889,0.971528,0.667327,0.627551,0.692516,0.706799,3.53022,3.51962,3.53825,3.55756,0.382569,0.295854,0.3449,0.431255,3.45839,3.37561,3.44692,3.47493,-9999,-9999
200805,8.876,1.0,458.226,244.566,1.0,285.14,0.0,4.806,1.0,87.193,1.0,1.95,1.0,2.983,0.999328,0.584335173103,0.931451612903,152.909951613,1.0,-9999,-9999,-9999,-9999,-9999,-9999,-9999,-9999,-9999,-9999,381.178,0.999328,10.392,1.0,28.856,1.0,3.59709,1.0,58.6625,0.997984,70.527,0.71244,65.6877,1.0,78.973,1.11152,-3.57215,0.959677,0.0469748,-3.60451,-3.57189,-3.41976,0.955645,0.959677,0.969086,3.46048,3.45697,3.48335,3.51334,7.06615,6.86799,7.038,7.12113,2.95183,2.76427,2.95183,3.01184,6.64284,6.44154,6.62147,6.68336,-9999,-9999
200806,12.189,1.0,486.286,327.798,1.0,283.864,0.0,8.407,1.0,87.356,1.0,0.373,1.0,3.536,0.999306,0.637003624473,0.994444444444,197.721669444,1.0,-9999,-9999,-9999,-9999,-9999,-9999,-9999,-9999,-9999,-9999,380.778,1.0,13.424,1.0,24.716,1.0,4.01635,1.0,83.5219,1.0,94.9414,1.01896,86.8847,1.0,98.764,1.23234,-3.7314,0.957639,0.0546524,-3.83041,-3.7314,-3.6799,0.957639,0.957639,0.961111,4.86731,4.84057,4.8669,4.88063,8.65329,8.53116,8.59632,8.66936,4.72525,4.69829,4.75112,4.77153,8.18733,8.19805,8.22897,8.30199,-9999,-9999
200807,18.007,1.0,470.574,329.558,1.0,293.406,0.0,12.942,1.0,87.33,1.0,0.0,1.0,2.955,1.0,0.509775125829,0.993951612903,190.170297043,1.0,-9999,-9999,-9999,-9999,-9999,-9999,-9999,-9999,-9999,-9999,376.947,1.0,19.283,1.0,12.698,1.0,4.56493,1.0,85.1377,1.0,94.3528,0.955676,82.3403,1.0,91.2526,1.19932,-1.66562,0.950941,0.0477155,-1.77774,-1.69186,-1.66104,0.978495,0.943548,0.952957,7.54297,7.39804,7.5139,7.551,9.20607,9.01208,9.18588,9.27556,7.00447,6.93606,7.02946,7.10968,8.53603,8.51921,8.55578,8.65182,-9999,-9999
200808,17.085,1.0,414.553,260.536,1.0,304.25,0.0,11.051,1.0,87.189,1.0,0.328,1.0,3.347,0.995296,0.564223996634,0.990591397849,141.731118952,1.0,-9999,-9999,-9999,-9999,-9999,-9999,-9999,-9999,-9999,-9999,375.275,0.928763,18.785,1.0,10.896,1.0,2.58901,1.0,54.3184,0.926747,60.2822,0.767819,69.7719,0.929435,77.4323,1.29221,-1.48637,0.803763,0.0629544,-1.67464,-1.48637,-1.17928,0.803091,0.803763,0.816532,5.93527,5.8366,5.93475,5.94994,7.5124,7.02145,7.41044,7.57893,5.62599,5.34768,5.41385,5.54061,6.9422,6.76702,6.78618,6.84689,-9999,-9999
200809,15.036,1.0,331.921,219.469,1.0,281.039,0.0,11.295,1.0,87.395,1.0,0.059,1.0,2.569,0.99375,0.383627784202,0.9875,98.0535451389,1.0,-9999,-9999,-9999,-9999,-9999,-9999,-9999,-9999,-9999,-9999,374.553,0.326389,13.261,1.0,10.414,1.0,1.35961,1.0,34.3923,0.324306,33.4677,0.847111,66.5455,0.330556,64.7565,1.58376,-0.900486,0.244444,1.55039,-0.977424,-0.900386,-0.851113,0.236806,0.244444,0.244444,5.04452,4.82362,5.04452,5.06868,5.98319,5.66516,5.94532,6.04758,4.45978,4.44678,4.46003,5.72854,4.46752,4.47051,4.88071,5.19194,-9999,-9999
200810,8.902,1.0,239.872,129.159,1.0,274.241,0.0,5.477,1.0,87.538,0.740591,1.151,0.961694,2.746,0.959677,0.418347154803,0.697580645161,41.4547492816,0.935483870968,-9999,-9999,-9999,-9999,-9999,-9999,-9999,-9999,-9999,-9999,375.717,0.744624,6.59,1.0,11.826,1.0,-1.95731,1.0,20.9717,0.744624,17.5415,0.445734,20.6196,0.757392,17.2471,0.805475,-0.971248,0.698253,0.0364988,-0.994433,-0.976014,-0.934024,0.686156,0.688172,0.705645,3.27115,3.29054,3.30843,3.3364,4.27433,4.24291,4.26426,4.31956,3.04081,2.93776,3.00854,3.13625,3.87527,3.81181,3.85022,3.97058,-9999,-9999
200811,5.337,1.0,163.701,69.983,1.0,283.222,0.0,2.929,1.0,87.379,1.0,1.99,1.0,3.166,0.999306,0.503243776629,0.946527777778,7.98084027778,1.0,-9999,-9999,-9999,-9999,-9999,-9999,-9999,-9999,-9999,-9999,379.316,1.0,3.599,1.0,15.5,1.0,-2.46397,1.0,28.3382,1.0,23.7032,0.703705,-23.685,1.0,-19.8111,1.07942,-0.621375,0.968056,0.041798,-0.63574,-0.587919,-0.560814,0.965278,0.968056,0.968056,1.97237,1.94016,1.94814,1.97237,2.58456,2.49857,2.55813,2.57783,2.48737,2.35854,2.51666,2.62643,2.89424,2.77991,2.85483,2.96914,-9999,-9999
200812,-2.365,1.0,128.936,54.386,1.0,267.774,0.167339,1.509,1.0,86.837,0.78629,2.876,1.0,3.508,0.99664,0.61387264539,0.760752688172,4.70235551075,1.0,-9999,-9999,-9999,-9999,-9999,-9999,-9999,-9999,-9999,-9999,381.87,0.991263,0.203,1.0,16.555,1.0,-2.89523,1.0,24.5951,0.992608,16.002,0.556828,-37.8661,0.993952,-24.6363,1.14405,-1.49532,0.910618,0.0289543,-1.51854,-1.49516,-1.45908,0.909274,0.910618,0.91129,0.245261,0.244822,0.245272,0.245889,1.74219,1.70495,1.73459,1.75364,0.631063,0.388123,0.617102,0.643305,1.17543,1.17543,1.18901,1.2822,-9999,-9999
200901,0.513,1.0,146.422,72.122,1.0,260.89,1.0,2.554,1.0,87.704,0.999328,2.81,0.999328,3.79,0.885753,0.573641244895,0.841397849462,5.18585323725,0.999327956989,-9999,-9999,-9999,-9999,-9999,-9999,15.6774696723,0.999327956989,311.949720988,0.999327956989,392.569,1.0,0.022,1.0,30.102,1.0,-2.28693,1.0,21.5646,0.99328,21.5803,0.635302,-9.37502,1.0,-9.38184,0.912354,-2.5672,0.883737,0.0476047,-2.66526,-2.54596,-2.43933,0.888441,0.888441,0.889113,4.35872e-07,4.23319e-07,4.44241e-07,4.67952e-07,2.61806,2.43457,2.53943,2.6421,0.536356,0.539012,0.805034,1.00946,1.76033,1.76213,1.88142,1.93666,-9999,-9999
200902,0.156,1.0,209.338,99.534,1.0,270.268,1.0,1.726,1.0,86.856,1.0,1.288,1.0,2.466,0.941964,0.393531942767,0.933779761905,37.4646287202,1.0,-9999,-9999,-9999,-9999,-9999,-9999,20.0096153274,1.0,312.328139137,1.0,393.157,1.0,-0.027,1.0,28.538,1.0,-1.83649,1.0,20.8649,0.999256,20.88,0.728,18.1092,1.0,18.1224,0.930627,-2.61117,0.949405,0.0576119,-2.85585,-2.61117,-2.41829,0.915923,0.949405,0.969494,3.5749e-07,3.55946e-07,4.0845e-07,0.0360851,2.70535,2.4761,2.70815,2.90759,1.30897,1.10457,1.59437,1.79872,2.07804,1.55071,1.95644,2.14763,-9999,-9999
200903,-0.317,1.0,298.589,153.594,1.0,260.24,1.0,1.334,1.0,86.958,1.0,1.368,1.0,4.321,0.981855,0.712963696039,0.979838709677,75.3973410764,0.998655913978,-9999,-9999,-9999,-9999,-9999,-9999,26.8240040323,1.0,311.274044881,0.998655913978,391.406,1.0,0.053,1.0,31.408,1.0,-1.40854,1.0,33.7576,1.0,37.2522,0.972849,36.0684,1.0,39.8021,1.06818,-2.85011,0.994624,0.0604785,-3.07656,-2.85663,-2.77543,0.992608,0.994624,0.994624,2.74774e-07,2.46878e-07,2.88024e-07,3.30565e-07,2.91919,2.77543,2.85011,3.05555,0.52162,0.525497,0.576657,1.33411,2.07349,2.12962,2.19522,2.8276,-9999,-9999
200904,4.373,1.0,389.597,227.022,1.0,259.451,1.0,4.139,1.0,87.16,1.0,0.931,1.0,3.407,0.975,0.59470292757,0.957638888889,127.017569444,1.0,-9999,-9999,-9999,-9999,-9999,-9999,26.180831261,0.994444444444,333.349743056,1.0,390.804,1.0,4.036,1.0,29.549,1.0,1.49522,1.0,46.2739,0.992361,48.9996,1.01335,72.6239,0.99375,76.9016,1.18905,-3.84883,0.964583,0.0811406,-4.0686,-3.84883,-3.63309,0.954167,0.964583,0.961806,0.857113,0.76988,0.828574,0.886434,4.79584,4.51281,4.68069,4.83887,1.06967,0.999066,1.08733,1.25729,4.33384,4.29253,4.33384,4.51676,-9999,-9999
200905,10.235,1.0,456.611,282.345,1.0,281.673,1.0,6.968,1.0,87.187,1.0,2.474,1.0,3.533,0.997984,0.57532048121,0.997983870968,170.772469086,1.0,-9999,-9999,-9999,-9999,-9999,-9999,29.5541963783,0.988575268817,364.083983871,1.0,389.903,1.0,10.58,1.0,27.786,1.0,4.22219,1.0,80.3623,0.998656,82.6059,1.19522,81.5157,1.0,83.7914,1.16422,-3.75485,0.946237,0.0820173,-4.09062,-3.75608,-3.60626,0.938844,0.950941,0.953629,2.80121,2.71449,2.80572,2.82453,6.70407,6.41812,6.56757,6.88536,3.05748,2.85542,3.12665,3.22098,6.49595,6.30937,6.55266,6.87614,-9999,-9999
200906,12.95,1.0,486.056,293.772,1.0,299.254,1.0,6.812,1.0,87.048,1.0,2.887,1.0,2.944,1.0,0.515593055556,1.0,183.95999375,1.0,-9999,-9999,-9999,-9999,-9999,-9999,30.0850822302,0.984027777778,379.097205556,1.0,386.929,1.0,14.285,1.0,25.12,1.0,2.96359,1.0,99.4482,1.0,100.253,1.13082,80.0954,1.0,80.7435,1.15199,-2.97809,0.940972,0.0597576,-3.25281,-2.95779,-2.87536,0.911806,0.940972,0.959722,5.64736,5.62652,5.68474,5.75698,8.66012,8.63234,8.66429,8.8235,4.57826,4.78585,4.94835,5.31634,7.83383,8.01197,8.1647,8.40359,-9999,-9999
200907,20.047,1.0,471.756,339.341,1.0,306.679,1.0,16.413,1.0,87.396,1.0,0.115,1.0,2.794,1.0,0.466626344086,1.0,197.396122312,1.0,-9999,-9999,-9999,-9999,-9999,-9999,35.0627571351,0.997983870968,413.694907258,1.0,384.407,0.999328,19.801,1.0,13.31,1.0,4.17335,1.0,117.271,1.0,107.484,1.20191,93.5469,1.0,85.7392,1.07564,-0.560127,0.952957,0.0635456,-0.595643,-0.566668,-0.551934,0.919355,0.954973,0.960349,8.66141,8.58249,8.64172,8.67615,9.17295,9.17295,9.20976,9.25329,6.60845,6.62715,6.71655,6.93241,7.80309,7.81243,7.86945,8.10733,-9999,-9999
200908,17.884,0.964382,416.881,268.547,0.965726,304.911,0.964382,13.035,0.964382,87.344,0.954301,0.123,0.954301,3.089,0.953629,0.538104938272,0.953629032258,144.346100397,0.954301075269,-9999,-9999,-9999,-9999,-9999,-9999,29.0097135116,0.948924731183,402.62190119,0.954301075269,381.105,1.0,19.908,1.0,10.106,1.0,2.92689,1.0,67.1486,0.96371,60.1585,1.00758,88.6617,0.96371,79.4321,1.1943,-1.6317,0.90793,0.0513809,-1.82147,-1.6349,-1.536,0.893145,0.905242,0.913306,5.59871,5.6099,5.64826,5.67017,7.33162,7.14947,7.29334,7.46094,6.40797,5.72769,5.93566,6.32852,7.30146,6.92667,6.98677,7.26037,-9999,-9999
200909,15.176,0.790972,334.899,218.001,0.792361,291.165,0.790972,10.996,0.790278,87.356,0.782639,0.237,0.783333,2.782,0.782639,0.43755615942,0.766666666667,97.6104936594,0.766666666667,-9999,-9999,-9999,-9999,-9999,-9999,24.8319681379,0.764583333333,386.28448913,0.766666666667,381.662,1.0,13.87,1.0,9.786,1.0,1.20051,1.0,30.7137,0.790278,28.2913,0.610696,84.9565,0.789583,78.256,1.06164,-2.13482,0.702778,0.0520091,-2.49792,-2.12084,-2.00946,0.688889,0.702778,0.715278,2.01955,1.95476,2.02396,2.07441,4.26423,4.02348,4.16203,4.40957,4.45407,2.95336,3.77616,4.39175,4.91103,4.11085,4.5742,4.91103,-9999,-9999
200910,5.728,1.0,242.79,121.71,1.0,279.72,1.0,3.071,1.0,87.137,1.0,2.491,1.0,3.045,0.844086,0.466410786963,0.845430107527,49.4320893817,1.0,-9999,-9999,-9999,-9999,-9999,-9999,14.2646536691,0.99126344086,337.777050403,1.0,386.093,1.0,5.03,1.0,15.242,1.0,-2.23121,1.0,35.4512,0.999328,33.7348,0.845125,18.8246,1.0,17.9132,0.821663,-1.88902,0.87164,0.0677713,-2.22293,-1.92564,-1.87608,0.836022,0.885081,0.872984,1.89188,1.81663,1.85607,1.88797,3.89402,3.72824,3.81414,4.03429,2.15769,1.6867,1.84335,2.06963,3.38684,3.2247,3.33581,3.73836,-9999,-9999
200911,2.773,1.0,165.655,81.856,1.0,260.325,1.0,2.671,1.0,87.122,1.0,1.295,1.0,3.369,0.776389,0.418786326058,0.776388888889,10.6765451389,1.0,-9999,-9999,-9999,-9999,-9999,-9999,11.2570803693,0.997916666667,320.253984722,1.0,388.754,1.0,1.459,1.0,19.78,1.0,-3.36778,1.0,24.966,0.995833,16.2433,0.686064,-4.51503,0.996528,-2.93755,0.794859,-1.33228,0.910417,0.0540456,-1.39443,-1.32903,-1.27237,0.900694,0.910417,0.913194,1.35994,1.25946,1.42917,1.46294,2.778,2.59038,2.7472,2.79226,1.88392,2.02484,2.23407,2.38852,2.88785,3.11705,3.16632,3.30275,-9999,-9999
200912,-3.008,1.0,129.258,57.392,1.0,257.44,1.0,1.093,1.0,87.022,1.0,1.671,1.0,2.849,0.758737,0.4099900224,0.752688172043,9.07016599462,1.0,-9999,-9999,-9999,-9999,-9999,-9999,9.16924940719,0.990591397849,296.642975806,1.0,393.332,1.0,-0.095,0.511425,25.194,0.511425,-2.87392,1.0,20.0064,0.946909,13.0165,0.561411,0.392961,0.950941,0.255667,0.821969,-1.70292,0.908602,0.0416584,-1.88835,-1.71626,-1.6764,0.864919,0.918011,0.906586,0.0319757,0.0310858,0.0396604,0.0434999,1.87808,1.71385,1.74177,1.89909,0.483835,0.351619,0.532335,0.683691,0.978836,0.913222,0.999973,1.28533,-9999,-9999
201001,1.522,1.0,146.422,47.622,1.0,291.901,1.0,1.242,1.0,86.622,0.99664,2.99,0.99664,3.06,0.880376,0.491512035322,0.862903225806,14.2437754518,0.996639784946,-9999,-9999,-9999,-9999,-9999,-9999,6.44462042973,0.978494623656,318.902077514,0.996639784946,392.735,0.965054,1.091,1.0,31.152,1.0,-1.27033,1.0,23.6797,0.977151,23.6969,0.724856,-13.7084,0.989919,-13.7184,1.09649,-1.79694,0.864247,0.067209,-2.07433,-1.8067,-1.75512,0.860887,0.864247,0.872984,0.141385,4.13556e-07,0.139792,0.141261,1.95668,1.88165,1.94645,2.10592,0.837956,0.527541,0.829796,0.84927,1.2244,1.18615,1.22598,1.27281,-9999,-9999
201002,1.738,1.0,209.338,95.13,1.0,272.74,1.0,1.52,1.0,86.831,0.99628,1.796,0.99628,2.523,0.947173,0.38291534117,0.93005952381,37.8445794231,0.996279761905,-9999,-9999,-9999,-9999,-9999,-9999,11.6019880799,0.983630952381,318.727222264,0.996279761905,393.91,0.630952,1.72,0.999256,32.346,1.0,-1.28208,0.560268,21.9423,1.0,23.8566,0.698049,12.4631,1.0,13.5504,1.08958,-1.93737,0.541667,0.112259,-2.30068,-1.99395,-1.93691,0.534226,0.557292,0.560268,0.177459,4.17715e-07,0.169322,0.183279,2.20292,2.08298,2.12334,2.28398,0.967915,0.532928,0.680982,0.949088,1.99162,1.83125,1.95502,1.99162,-9999,-9999
201003,2.246,1.0,298.589,172.499,1.0,253.698,1.0,2.627,1.0,86.973,0.995296,1.676,0.995296,3.385,0.989919,0.552217205731,0.988575268817,82.7111068405,0.995295698925,-9999,-9999,-9999,-9999,-9999,-9999,20.4073547564,0.987231182796,322.775699554,0.995295698925,393.35,0.903898,2.178,1.0,30.398,0.999328,-1.28646,0.0,34.8172,1.0,37.1558,0.773822,47.7651,1.0,50.9734,0.977703,-2.67416,0.865591,0.0471665,-2.99768,-2.67416,-2.51615,0.853495,0.865591,0.869624,0.218453,0.196404,0.267398,0.278583,2.99204,2.79127,2.92732,3.16801,1.23567,1.04108,1.08136,1.31585,3.39906,3.25797,3.42204,3.5103,-9999,-9999
201004,3.104,1.0,389.597,205.905,1.0,265.252,1.0,2.762,1.0,86.736,0.996528,1.834,0.996528,3.526,0.999306,0.622082136525,0.999305555556,117.608291415,0.996527777778,-9999,-9999,-9999,-9999,-9999,-9999,24.5966476883,0.990277777778,329.138396764,0.996527777778,393.09,1.0,3.202,1.0,31.297,1.0,-1.3095,0.0,54.6889,1.0,57.7994,0.96597,59.0346,1.0,62.3922,1.15157,-3.2815,0.985417,0.0631361,-3.48738,-3.2815,-3.20316,0.977778,0.985417,0.9875,0.87231,0.823438,0.917712,0.926654,4.23375,4.12087,4.20128,4.28474,1.81023,1.55814,1.68846,1.7662,4.98428,4.77446,4.87428,4.98428,-9999,-9999
201005,5.79,1.0,456.611,243.711,1.0,282.629,1.0,3.42,1.0,87.054,0.995968,1.214,0.995968,3.471,0.97379,0.645410360447,0.971102150538,156.371204189,0.995295698925,-9999,-9999,-9999,-9999,-9999,-9999,26.177150792,0.984543010753,344.33379976,0.995967741935,391.528,1.0,6.749,1.0,27.453,1.0,-1.38545,0.634409,69.2494,1.0,69.9085,0.956782,83.9196,0.999328,84.7184,1.15916,-4.25213,0.973118,0.0665486,-4.35415,-4.25213,-4.18461,0.969758,0.973118,0.975806,2.0045,1.98049,2.03329,2.14287,6.30751,6.2932,6.3112,6.33976,2.33269,1.74476,2.06718,2.35379,6.41794,6.35129,6.38587,6.41532,-9999,-9999
201006,11.032,1.0,486.056,300.235,1.0,290.461,1.0,5.619,1.0,87.251,0.996528,2.512,0.996528,3.487,1.0,0.633262898936,0.999305555556,188.280501315,0.995833333333,-9999,-9999,-9999,-9999,-9999,-9999,31.5111940785,0.988888888889,371.696033289,0.996527777778,390.471,1.0,12.111,1.0,26.008,1.0,-9999,1.0,92.8164,1.0,91.4193,1.16131,94.2112,1.0,92.7931,1.20299,-3.24922,0.985417,0.0631257,-3.30042,-3.24534,-3.23186,0.993056,0.985417,0.986111,5.85957,5.57357,5.58945,5.74992,9.0801,8.81442,8.84128,9.02909,6.39967,6.17906,6.30499,6.39967,9.32702,9.16378,9.25171,9.30415,-9999,-9999
201007,18.103,1.0,471.756,327.302,1.0,300.159,1.0,13.624,1.0,87.317,0.99664,0.066,0.99664,3.035,1.0,0.514663978495,1.0,187.90335052,0.996639784946,-9999,-9999,-9999,-9999,-9999,-9999,34.63615161,0.995967741935,405.514711236,0.996639784946,385.407,1.0,17.563,1.0,13.788,1.0,-9999,1.0,104.508,0.999328,99.5425,1.06181,83.9663,1.0,79.9768,1.14752,-0.566767,0.90121,0.051021,-0.683615,-0.584687,-0.561324,0.880376,0.900538,0.930108,8.40489,8.37144,8.39976,8.41946,8.98454,8.9623,9.00014,9.08516,7.14353,6.76259,6.99628,7.14353,8.01601,7.75408,7.84795,8.01435,-9999,-9999
201008,16.592,1.0,416.881,279.329,1.0,298.452,1.0,11.718,1.0,87.175,0.995296,0.231,0.995296,2.963,1.0,0.514004032258,1.0,150.921106283,0.995295698925,-9999,-9999,-9999,-9999,-9999,-9999,30.2946082376,0.992607526882,397.072766472,0.995295698925,382.89,0.99328,15.946,1.0,10.224,0.999328,-9999,1.0,64.942,1.0,60.4135,0.951805,89.5698,1.0,83.3239,1.16498,-1.41546,0.94422,0.0570107,-1.57953,-1.45195,-1.41673,0.930108,0.948253,0.946237,6.48418,6.3139,6.34575,6.4021,7.95777,7.76617,7.82484,7.94556,5.58317,5.44841,5.58327,5.65498,7.02628,6.96799,7.02868,7.15676,-9999,-9999
201009,13.381,1.0,334.899,205.344,1.0,299.068,1.0,6.54,1.0,87.19,0.995833,1.565,0.995833,2.901,0.998611,0.47190875,0.997916666667,104.502684574,0.995833333333,-9999,-9999,-9999,-9999,-9999,-9999,22.501804259,0.986805555556,377.46967039,0.995833333333,386.928,1.0,12.155,1.0,11.22,1.0,-9999,1.0,40.0496,0.999306,36.789,0.726829,65.4862,1.0,60.1546,1.02023,-0.518997,0.955556,0.0553291,-0.703477,-0.518997,-0.498059,0.922917,0.955556,0.961111,5.33212,5.22396,5.32351,5.34839,5.96544,5.72122,5.85819,6.02254,4.79396,4.6376,4.7559,4.85044,5.4234,5.39233,5.42294,5.45853,-9999,-9999
201010,8.569,0.998656,242.79,131.483,0.998656,286.464,0.998656,5.041,0.998656,87.276,0.992608,3.569,0.992608,3.042,0.992608,0.473185779484,0.986559139785,51.3370847723,0.992607526882,-9999,-9999,-9999,-9999,-9999,-9999,15.4997592004,0.981182795699,349.635461211,0.992607526882,391.933,0.993952,6.743,1.0,14.443,1.0,-9999,1.0,30.8696,0.999328,26.8612,0.692408,23.2983,1.0,20.273,0.959299,-1.22767,0.920699,0.0463592,-1.40968,-1.22767,-1.04268,0.899194,0.920699,0.930108,2.91138,2.81841,2.92106,2.97356,4.23691,4.01651,4.14866,4.24437,2.63626,2.46968,2.66974,2.91557,3.91916,3.82231,4.00897,4.11683,-9999,-9999
201011,1.668,1.0,165.655,71.014,1.0,274.069,1.0,1.526,1.0,87.097,0.996528,1.56,0.996528,3.663,0.997917,0.587536094317,0.992361111111,15.3614190898,0.996527777778,-9999,-9999,-9999,-9999,-9999,-9999,10.393075862,0.990972222222,319.346268085,0.996527777778,393.825,1.0,2.746,0.999306,23.693,1.0,-9999,1.0,28.5235,1.0,23.838,0.713265,-12.7587,1.0,-10.6629,0.899524,-0.849344,0.990972,0.0527839,-0.998856,-0.849344,-0.768218,0.989583,0.990972,0.991667,1.51798,1.44795,1.54364,1.60463,2.4096,2.37413,2.3913,2.43239,1.1591,1.27996,1.53601,1.77255,2.31025,2.33696,2.433,2.58891,-9999,-9999
201012,-0.975,1.0,129.258,48.057,1.0,276.76,1.0,0.892,1.0,86.613,0.995968,3.357,0.995968,3.646,0.794355,0.579475561395,0.778897849462,9.55985473862,0.995967741935,-9999,-9999,-9999,-9999,-9999,-9999,8.90106442225,0.993279569892,306.439899394,0.995967741935,395.608,0.619624,0.423,0.997984,29.94,0.962366,-1.58701,0.341398,34.2552,0.971102,22.287,0.67147,-26.9144,0.988575,-17.5109,0.845613,-0.321044,0.56922,0.0486918,-0.343391,-0.301395,-0.2288,0.570565,0.570565,0.575269,0.521254,0.463182,0.499751,0.58138,0.822649,0.751685,0.813312,0.828704,0.592343,0.427729,0.559428,0.767154,1.73604,1.69437,1.71809,1.79595,-9999,-9999
201101,1.56,1.0,146.422,68.411,1.0,262.958,1.0,2.295,1.0,87.448,1.0,1.999,1.0,3.536,0.972446,0.552290224945,0.957661290323,5.26301478495,1.0,-9999,-9999,-9999,-9999,-9999,-9999,10.1032415078,0.993951612903,316.03190457,1.0,395.167,1.0,1.446,0.998656,23.326,0.998656,-1.24868,0.0,13.5005,0.391129,10.8446,0.4246,-17.24,0.994624,-13.8485,0.94779,-0.372399,0.402554,0.0312021,-0.340316,-0.300171,-0.273932,0.388441,0.399866,0.412634,0.932428,0.503654,0.590862,0.671322,1.20921,0.825198,0.873428,1.03088,4.24366,0.802359,2.73493,4.22847,1.27743,0.958017,1.17691,1.95288,-9999,-9999
201102,-1.298,1.0,209.338,99.543,1.0,257.474,1.0,1.808,1.0,86.995,1.0,0.572,1.0,3.841,0.99628,0.625888355627,0.994791666667,34.5776130952,1.0,-9999,-9999,-9999,-9999,-9999,-9999,16.8900981861,0.997023809524,305.567785714,1.0,396.182,0.999256,1.026,0.999256,21.43,0.999256,-1.28064,0.0,33.4244,0.0,38.6881,3.98721,9.04782,1.0,10.4727,0.848125,-1.63913,0.0,0.287888,-1.67507,-1.49496,-1.4134,0.0,0.0,0.0,0.447797,0.205788,0.242507,0.31091,1.84912,1.70341,1.76163,2.01395,2.85544,1.348,2.41062,2.85544,2.03387,1.92594,2.18404,2.48492,-9999,-9999
201103,0.929,1.0,298.589,134.889,1.0,270.771,1.0,1.414,1.0,86.599,1.0,2.556,1.0,4.182,0.981183,0.703217920948,0.978494623656,67.1234247312,1.0,-9999,-9999,-9999,-9999,-9999,-9999,21.9096154341,0.997983870968,316.684973118,1.0,396.729,0.840054,1.286,1.0,23.707,1.0,-1.28271,0.850134,50.1512,0.874328,58.0491,1.07987,12.7279,1.0,14.7323,1.06643,-2.49418,0.569892,0.0487604,-2.72393,-2.46578,-2.36101,0.561828,0.5625,0.575941,0.0525768,0.0199049,0.0339052,0.0530611,2.66137,2.38818,2.49101,2.84777,2.52714,1.53485,1.71475,2.37966,3.68358,2.57053,3.34656,3.68358,-9999,-9999
201104,1.175,1.0,389.597,226.303,1.0,255.002,1.0,2.014,1.0,86.988,1.0,1.236,1.0,4.253,0.999306,0.749436450946,0.999305555556,132.850697917,1.0,-9999,-9999,-9999,-9999,-9999,-9999,26.3930587959,0.997222222222,322.095781944,1.0,396.565,0.54375,2.932,1.0,22.88,1.0,1.22701,1.0,51.453,1.0,52.2359,1.00523,78.1813,0.999306,79.3709,1.30576,-3.8383,0.5125,0.0718997,-4.22226,-3.8383,-3.72916,0.479861,0.5125,0.515278,4.17972e-07,3.76175e-07,3.9275e-07,4.68417e-07,3.96563,3.72504,3.81597,4.20813,2.10871,1.28901,1.62044,1.88553,5.54242,5.0224,5.19997,5.50158,-9999,-9999
201105,5.334,1.0,456.611,265.626,1.0,271.913,1.0,3.398,1.0,86.947,1.0,1.639,1.0,3.549,0.999328,0.641956025012,0.998655913978,166.435917339,1.0,-9999,-9999,-9999,-9999,-9999,-9999,28.1631809595,0.994623655914,342.999512097,1.0,395.309,1.0,6.445,1.0,20.62,1.0,2.26678,1.0,67.6654,1.0,66.1916,1.04227,100.159,1.0,97.9776,1.35854,-4.96128,0.979839,0.0647306,-5.11497,-4.97258,-4.89795,0.969758,0.979167,0.981183,0.932397,0.81075,0.932397,0.966535,5.95132,5.86361,5.89516,5.92782,1.67845,1.76287,1.86835,2.07776,6.25908,6.19616,6.37617,6.52518,-9999,-9999
201106,10.576,1.0,486.056,310.012,1.0,285.417,1.0,5.718,1.0,87.084,1.0,1.109,1.0,3.692,1.0,0.684790972222,1.0,193.031018056,1.0,-9999,-9999,-9999,-9999,-9999,-9999,33.0162027319,0.992361111111,369.989705556,1.0,391.27,1.0,11.558,0.999306,18.315,0.999306,4.0382,1.0,87.4024,1.0,84.6721,0.984973,107.684,1.0,104.321,1.30412,-4.68649,0.959722,0.0579479,-4.96869,-4.68649,-4.64313,0.961806,0.959722,0.977083,3.42327,3.16536,3.51466,3.57568,8.18991,8.15258,8.19286,8.24863,3.96655,3.30237,3.80601,3.96243,8.51964,8.37276,8.44724,8.55095,-9999,-9999
201107,15.329,1.0,471.756,318.703,1.0,296.607,1.0,9.405,1.0,87.21,1.0,1.016,1.0,2.862,1.0,0.502879704301,1.0,190.203872984,1.0,-9999,-9999,-9999,-9999,-9999,-9999,33.3585235563,0.997983870968,391.988426075,1.0,386.941,1.0,15.333,1.0,12.048,1.0,3.16177,1.0,96.0837,1.0,97.0597,1.09395,89.0777,1.0,89.9824,1.22592,-2.76651,0.958333,0.0666183,-3.06737,-2.76651,-2.49683,0.933468,0.958333,0.97043,7.33051,7.34626,7.43598,7.45324,10.231,9.89266,10.0286,10.2367,7.46819,6.97999,7.32667,7.44241,9.51676,9.1988,9.34359,9.48241,-9999,-9999
201108,18.113,1.0,416.881,293.171,1.0,301.368,1.0,12.107,1.0,87.261,0.992608,0.09,1.0,2.85,0.984543,0.505504516129,0.984543010753,158.725451613,1.0,-9999,-9999,-9999,-9999,-9999,-9999,31.4748967199,0.999327956989,404.799270438,0.990591397849,385.919,1.0,17.171,1.0,8.572,1.0,4.03012,1.0,86.2268,1.0,78.9377,1.06703,82.753,1.0,75.7576,1.13235,-1.52052,0.938172,0.0824738,-1.86813,-1.58751,-1.47082,0.924731,0.9375,0.94086,6.98888,6.78753,6.8771,6.93552,8.61735,8.31191,8.40667,8.76675,6.41579,5.89011,6.31487,6.54693,7.81275,7.93976,8.20076,8.39983,-9999,-9999
201109,17.678,1.0,334.899,217.624,1.0,303.419,0.997222,10.494,0.661111,87.415,0.985417,0.0,1.0,2.816,0.884028,0.451162932099,0.884027777778,102.759620032,0.99375,-9999,-9999,-9999,-9999,-9999,-9999,24.5549751816,0.991666666667,398.85782549,0.945138888889,387.77,1.0,14.871,1.0,7.917,1.0,2.4156,1.0,40.3596,1.0,37.2285,0.835433,67.4413,1.0,62.2092,1.2571,-2.4834,0.99375,0.187876,-3.07891,-2.4834,-2.25201,0.982639,0.99375,0.996528,4.03188,2.71967,4.08385,4.1279,6.68198,6.05388,6.3885,6.57134,4.31476,3.86625,4.39099,4.69428,5.43805,5.49656,5.62156,5.85061,-9999,-9999
201110,7.764,1.0,242.79,137.772,1.0,278.306,1.0,3.52,1.0,87.29,1.0,1.057,1.0,3.235,1.0,0.525133064516,1.0,51.1602392473,1.0,-9999,-9999,-9999,-9999,-9999,-9999,16.3503701775,0.995967741935,348.976991702,0.998655913978,392.981,0.942876,6.792,1.0,8.757,1.0,-1.82438,1.0,30.8859,1.0,27.9518,0.627787,27.6605,1.0,25.0328,0.949844,-2.52288,0.788978,0.0598372,-2.68552,-2.52288,-2.38776,0.782258,0.788978,0.801075,1.31294,1.28136,1.30734,1.34746,3.87889,3.66333,3.86416,4.34014,2.97458,3.08129,3.33249,3.62342,5.43753,5.42863,5.55665,5.82425,-9999,-9999
201111,1.994,0.363194,165.655,67.429,0.364583,270.666,0.363194,2.663,0.363194,87.009,0.351389,1.98,0.351389,3.794,0.351389,-9999,-9999,-9999,-9999,-9999,-9999,-9999,-9999,-9999,-9999,-9999,-9999,-9999,-9999,393.787,0.38125,0.989,0.999306,11.216,0.999306,-2.60908,0.485417,18.3491,0.3625,16.6059,0.462619,17.1309,0.3625,15.5035,0.885138,-1.8665,0.298611,0.0741706,-1.95096,-1.8665,-1.78698,0.298611,0.298611,0.298611,0.0135269,6.47137e-07,0.00891813,0.217597,1.89743,1.90288,1.98927,2.02077,0.814881,0.649909,0.947438,1.06867,1.21221,1.1456,1.17607,1.22347,-9999,-9999
201112,-0.492,0.213038,129.258,71.468,0.214382,238.176,0.213038,3.255,0.213038,87.864,0.205645,0.104,0.205645,2.977,0.0,-9999,-9999,-9999,-9999,-9999,-9999,-9999,-9999,-9999,-9999,-9999,-9999,-9999,-9999,395.702,0.370296,-0.634,0.983871,15.084,0.983199,-1.74409,0.0504032,12.17,0.050403,11.1731,0.396252,9.11563,0.050403,8.36895,0.919982,-1.77815,0.0,-9999,-1.86015,-1.77815,-1.70589,0.0,0.0,0.0,0.00398402,2.56642e-07,6.29748e-07,0.184972,1.81024,1.81649,1.89062,1.92794,0.543871,0.454371,0.680658,0.758102,1.25139,1.20082,1.23569,1.28978,-9999,-9999
201201,1.082,0.862231,146.422,70.866,0.864247,257.476,0.862231,2.561,0.862231,87.244,0.853495,3.978,0.853495,4.058,0.733871,0.586373970609,0.717741935484,6.00060096154,0.838709677419,-9999,-9999,-9999,-9999,36.0621722756,0.838709677419,10.04449611,0.835349462366,313.568669872,0.838709677419,395.587,0.0336022,-0.124,1.0,30.445,1.0,-1.85193,1.0,29.5427,0.861559,23.7309,0.805152,-8.61166,0.861559,-6.91753,0.827537,-2.03259,0.0,-9999,-2.19571,-2.03259,-1.83775,0.0,0.0,0.0,0.654443,0.218714,0.654308,0.857654,2.71644,2.58596,2.68044,2.69538,1.22488,1.23895,1.28354,1.54529,3.10105,3.10105,3.13058,3.21715,-9999,-9999
201202,-0.833,1.0,210.781,102.045,1.0,262.663,1.0,1.409,1.0,87.162,1.0,1.025,1.0,3.38,1.0,0.552520176082,0.999281609195,41.1824777299,1.0,-9999,-9999,-9999,-9999,55.0403520115,1.0,13.9050152942,0.997844827586,309.61871408,1.0,396.638,0.0,-0.106,1.0,32.016,1.0,-1.65549,1.0,36.1802,1.0,29.0627,1.05295,16.9013,0.998563,13.5764,0.758005,-2.28043,0.0,-9999,-2.57937,-2.28535,-2.10572,0.0,0.0,0.0,0.589533,0.200647,0.588442,0.742581,2.8817,2.78002,2.84804,2.87837,0.820232,0.829654,0.859516,1.0348,4.01102,4.0051,4.02701,4.15233,-9999,-9999
201203,0.963,1.0,301.737,151.734,1.0,267.433,1.0,2.15,1.0,86.518,1.0,3.253,1.0,4.025,0.995296,0.711042343127,0.984543010753,78.640374328,1.0,-9999,-9999,-9999,-9999,78.4214287634,1.0,23.2918965054,1.0,317.234939516,1.0,398.563,0.0,0.04,1.0,33.703,1.0,-0.971827,1.0,55.3647,1.0,53.8776,1.33645,26.4449,1.0,25.7346,1.0848,-3.33169,0.0,0.578489,-3.57447,-3.3301,-3.11268,0.0,0.0,0.0,0.649861,0.217521,0.649635,0.847971,3.98097,3.81301,3.93454,3.98625,1.19679,1.21054,1.25411,1.50986,5.12278,5.07248,5.13794,5.21028,-9999,-9999
201204,5.262,1.0,392.274,208.006,1.0,280.187,1.0,3.407,1.0,86.967,1.0,0.923,1.0,3.45,1.0,0.593897916667,1.0,125.195261806,1.0,-9999,-9999,-9999,-9999,101.972420833,1.0,22.4912814569,0.997916666667,340.540173611,1.0,397.414,0.897222,5.563,1.0,30.775,1.0,2.91589,1.0,74.8375,1.0,65.2829,1.44073,64.8812,0.998611,56.5977,1.05896,-4.39074,0.766667,0.066636,-4.58182,-4.3954,-4.23478,0.736806,0.763889,0.794444,1.0697,0.765087,1.11014,1.3604,5.46511,5.35505,5.52482,5.62714,1.91014,1.88564,1.93133,2.06773,6.14113,6.08068,6.13734,6.20121,-9999,-9999
201205,8.623,1.0,458.226,282.531,1.0,279.128,1.0,6.13,1.0,87.261,1.0,1.303,1.0,3.385,0.943548,0.610434930032,0.925403225806,173.08018078,1.0,-9999,-9999,-9999,-9999,107.884149194,1.0,29.6219782258,0.997983870968,358.977849462,1.0,395.544,1.0,10.242,1.0,25.907,1.0,3.01542,1.0,76.5455,1.0,75.675,0.999761,95.3394,0.999328,94.2553,1.18181,-5.09702,0.909274,0.0822366,-5.17431,-5.06659,-4.92499,0.903898,0.918683,0.936828,3.45609,3.35312,3.57944,3.78778,8.54357,8.4771,8.55827,8.71474,2.64738,2.37681,2.64738,3.09834,7.87732,7.55045,7.67958,7.76496,-9999,-9999
201206,10.296,1.0,486.286,285.872,1.0,295.71,1.0,5.199,1.0,87.111,1.0,2.438,1.0,3.482,1.0,0.636184722222,1.0,184.502134028,1.0,-9999,-9999,-9999,-9999,100.404827778,1.0,29.3911112048,0.994444444444,368.119916667,1.0,393.644,1.0,12.576,1.0,21.408,1.0,2.61846,1.0,88.3057,0.999306,86.1865,0.935155,97.9353,1.0,95.5851,1.34657,-3.00556,0.964583,0.0679168,-3.05814,-2.93694,-2.91346,0.949306,0.984722,0.979861,6.56603,6.09173,6.5348,6.58211,9.44281,9.26753,9.45009,9.49111,5.50789,4.9113,5.30212,5.53281,8.79353,8.52376,8.61072,8.79312,-9999,-9999
201207,17.438,1.0,470.574,326.053,1.0,303.48,1.0,11.19,1.0,87.307,1.0,0.533,1.0,2.979,1.0,0.533859543011,1.0,192.739617608,1.0,-9999,-9999,-9999,-9999,81.885438172,1.0,33.6339905037,0.998655913978,403.191041667,1.0,389.717,1.0,17.861,1.0,13.526,1.0,3.50702,1.0,101.64,1.0,99.5894,1.17245,91.4894,1.0,89.6432,1.27818,0.154471,0.922715,0.050496,0.0784687,0.157645,0.347143,0.895833,0.922043,0.94086,10.4267,10.4161,10.5867,10.7145,10.3068,10.2343,10.3289,10.3968,9.07934,9.49756,9.56552,9.65225,9.28657,9.51226,9.84402,9.94237,-9999,-9999
201208,19.331,1.0,414.553,294.577,1.0,303.241,1.0,15.452,1.0,87.326,1.0,0.508,1.0,2.566,0.946237,0.441559021445,0.945564516129,155.873572581,1.0,-9999,-9999,-9999,-9999,68.2428884409,1.0,31.4505692204,1.0,410.493373656,1.0,388.337,1.0,19.455,1.0,10.583,1.0,3.46368,1.0,66.4419,0.999328,64.6452,1.00413,90.1977,0.999328,87.7586,1.20536,0.461582,0.885753,0.0464045,0.347894,0.474914,0.659121,0.852823,0.885081,0.922043,8.70754,8.67799,8.80267,8.98468,8.25966,8.20761,8.26482,8.37829,7.69696,7.08197,7.43716,7.68559,7.3265,7.00925,7.11984,7.31607,-9999,-9999
201209,16.713,1.0,331.921,221.446,1.0,291.779,1.0,13.293,1.0,87.548,1.0,0.008,1.0,2.373,1.0,0.351044444444,1.0,95.8054069444,1.0,-9999,-9999,-9999,-9999,70.4133881944,1.0,25.39675625,1.0,392.0226875,1.0,389.953,0.997917,13.817,1.0,9.982,1.0,1.88953,1.0,26.3781,1.0,24.8719,0.593078,73.0986,0.999306,68.9246,0.999731,-0.667913,0.772222,0.0588107,-0.834462,-0.68036,-0.520927,0.753472,0.772222,0.858333,4.32496,3.88508,4.26065,4.32496,5.12809,4.41052,4.92012,5.17044,3.16415,3.29232,3.87733,4.09405,3.80323,3.85469,4.20708,4.43055,-9999,-9999
201210,8.462,1.0,239.872,138.461,1.0,277.464,1.0,5.654,1.0,87.186,1.0,2.122,1.0,3.538,0.997312,0.55585483871,0.993279569892,48.4517715054,1.0,-9999,-9999,-9999,-9999,49.3308219086,1.0,16.6760859357,0.998655913978,350.804590054,1.0,392.689,0.633737,6.949,1.0,12.581,1.0,-1.517,1.0,29.6796,1.0,26.1169,0.703299,27.1055,1.0,23.8518,0.900173,-1.58594,0.613575,0.0811596,-1.94998,-1.58594,-1.24157,0.616935,0.613575,0.618952,1.21398,1.20998,1.23779,1.42697,3.01479,2.63472,2.81087,3.14113,1.41385,1.10367,1.28636,1.69531,3.33931,3.26933,3.34403,3.45493,-9999,-9999
201211,3.545,1.0,163.701,65.992,1.0,289.529,1.0,1.987,1.0,87.023,1.0,3.429,1.0,2.868,0.989583,0.447322342118,0.98125,18.8403,1.0,-9999,-9999,-9999,-9999,41.8994166667,1.0,7.91146346219,0.99375,328.763875,1.0,395.392,0.0,3.651,1.0,22.06,1.0,-2.87493,1.0,29.6816,0.999306,27.2503,0.836935,-6.1351,1.0,-5.63256,1.10651,1.30049,0.0,-9999,1.16477,1.29188,1.30808,0.0,0.0,0.0,0.331808,0.286766,0.370894,0.673878,-0.988793,-1.01624,-0.922728,-0.629269,0.610454,0.292478,0.36161,0.485712,2.1488,2.09516,2.13355,2.23621,-9999,-9999
201212,-1.422,1.0,128.936,51.242,1.0,268.035,1.0,0.967,1.0,86.639,0.999328,3.474,0.999328,3.626,0.999328,0.59741998212,0.997983870968,4.39559921929,0.999327956989,-9999,-9999,-9999,-9999,32.8062506863,0.999327956989,8.58333358118,0.997311827957,306.335726378,0.999327956989,399.436,0.133065,0.99,0.998656,30.413,0.998656,-3.11506,0.849462,30.2725,0.999328,27.7928,0.737852,-18.706,1.0,-17.1737,0.892348,1.6678,0.00201613,0.0381806,1.54144,1.61942,1.71456,0.00604839,0.00201613,0.00268817,0.256433,0.226235,0.265657,0.459209,-1.41717,-1.52061,-1.35303,-1.08238,0.545492,0.164236,0.232517,0.322773,1.72546,1.68135,1.71361,1.80487,-9999,-9999
201301,-0.286,1.0,146.422,82.585,1.0,239.878,1.0,2.74,1.0,87.52,0.998656,0.787,1.0,3.548,1.0,0.499573185061,0.983198924731,3.62782930108,1.0,156.829094272,0.911290322581,-9999,-9999,-9999,-9999,12.5768151882,1.0,305.705928091,1.0,400.939,0.993952,0.144,1.0,29.687,1.0,-2.05218,0.230511,13.3525,0.995968,12.9182,0.408773,5.243,0.995296,5.07246,0.672278,1.23254,0.87164,0.0270966,1.1552,1.21083,1.31505,0.889785,0.887097,0.861559,2.26764,2.16212,2.18348,2.26764,1.03197,0.954247,0.983724,1.01925,1.50855,0.918666,1.37503,1.67345,0.458567,0.458567,0.565286,0.617589,-9999,-9999
201302,0.957,1.0,209.338,121.809,1.0,245.069,1.0,2.219,1.0,87.326,1.0,0.082,1.0,3.429,1.0,0.53597965811,0.993303571429,31.341483631,1.0,224.931773577,0.970982142857,-9999,-9999,-9999,-9999,17.6593497024,1.0,313.751138393,1.0,399.956,0.998512,0.214,1.0,29.992,1.0,-1.89264,0.94494,14.2332,1.0,13.7703,0.528243,20.6944,1.0,20.0213,0.935934,-0.0997172,0.943452,0.0275362,-0.114226,-0.102748,-0.0931407,0.950893,0.943452,0.945685,1.84579,1.73873,1.81478,1.91326,1.93955,1.86439,1.91875,1.99288,1.60939,1.29981,1.51213,2.03401,1.86589,1.76808,1.80874,2.14135,-9999,-9999
201303,4.355,0.722446,298.589,154.453,0.975806,272.197,0.722446,3.58,0.722446,87.282,0.174731,0.139,1.0,2.855,0.174731,-9999,-9999,-9999,-9999,289.532005659,0.944892473118,-9999,-9999,-9999,-9999,-9999,-9999,-9999,-9999,398.091,0.697581,1.366,1.0,31.711,1.0,0.450611,1.0,32.3016,0.703629,31.6112,0.769139,27.8952,0.706317,27.2989,1.44651,-0.922439,0.0752688,0.0445382,-0.897133,-0.872388,-0.816937,0.0732527,0.0954301,0.1875,3.49733,3.42301,3.46431,3.49948,4.39936,4.31189,4.3469,4.41367,3.78726,3.78726,3.82416,3.84551,4.60433,4.49446,4.59215,4.60297,-9999,-9999
201304,5.047,0.727083,389.597,219.917,0.697222,269.181,0.69375,4.012,0.727083,87.28,1.0,1.024,1.0,4.092,1.0,0.684253277572,0.989583333333,148.361751899,0.651388888889,499.673373692,0.650694444444,-9999,-9999,-9999,-9999,28.2655077349,0.651388888889,337.224608895,0.651388888889,399.696,0.903472,6.026,1.0,29.353,1.0,1.60941,1.0,46.3154,0.934722,45.842,0.65227,85.4349,0.96875,84.5616,1.2836,-2.95653,0.686111,0.0611492,-3.01178,-2.94379,-2.74906,0.710417,0.688194,0.672917,4.70391,4.42792,4.56386,4.79818,7.59571,7.46565,7.53048,7.59661,2.86757,2.65033,2.87456,3.18088,5.73817,5.51549,5.71118,5.79946,-9999,-9999
201305,9.638,1.0,456.611,288.579,1.0,279.653,1.0,6.053,1.0,87.221,0.924059,1.155,1.0,3.584,0.924059,0.622996248418,0.91935483871,176.150879704,1.0,566.979509923,0.999327956989,186.562067204,1.0,-9999,-9999,30.5557811142,0.997983870968,361.103615591,1.0,398.598,0.991935,11.262,1.0,21.562,1.0,3.14184,1.0,66.0619,0.991935,70.2966,0.812864,96.2518,0.99328,102.422,1.18974,-2.87503,0.943548,0.0493667,-2.94264,-2.87828,-2.84663,0.97379,0.948253,0.948253,6.70036,6.5259,6.66296,6.89051,9.57551,9.48514,9.53907,9.78634,3.889,3.92897,4.09608,4.58105,7.32705,7.46633,7.50776,7.88601,-9999,-9999
201306,13.535,1.0,486.056,301.485,1.0,297.157,1.0,8.031,1.0,87.181,0.822917,1.389,1.0,2.991,0.822917,0.548059486096,0.815277777778,187.158709028,1.0,601.462416214,0.998611111111,170.948384722,1.0,-9999,-9999,31.2061710859,0.997222222222,380.569819444,1.0,397.533,0.977778,14.317,1.0,15.535,1.0,3.55564,1.0,78.211,0.974306,84.2419,0.911727,89.9146,0.978472,96.8479,1.26112,-0.733475,0.853472,0.0524611,-0.956095,-0.856376,-0.761857,0.770833,0.852083,0.784028,9.89452,9.41239,9.75357,10.0829,10.6094,10.2847,10.5533,10.806,8.09717,7.30598,7.81795,8.78134,9.34138,8.79894,9.11662,9.525,-9999,-9999
201307,20.33,1.0,471.756,343.83,1.0,300.926,1.0,17.414,1.0,87.294,1.0,0.123,1.0,2.896,1.0,0.481636205649,0.993279569892,193.735518817,1.0,686.891711694,1.0,129.798683468,0.987903225806,-9999,-9999,35.7114620796,0.999327956989,415.322211022,1.0,393.042,1.0,20.457,1.0,10.911,1.0,5.4093,1.0,74.804,0.999328,81.7713,1.03364,97.4289,1.0,106.504,1.3639,2.21294,0.913306,0.0463933,2.18005,2.30876,2.37319,0.915995,0.930108,0.896505,10.7952,10.3614,10.6934,11.3588,8.45013,8.09131,8.42774,8.71925,7.0753,7.54815,7.99636,8.51162,6.21709,6.65429,6.79412,7.2755,-9999,-9999
201308,18.007,1.0,416.881,250.369,1.0,313.458,1.0,11.309,1.0,87.221,0.99664,1.246,1.0,2.813,0.99664,0.457524791167,0.989919354839,134.7396089,0.998655913978,507.024899194,1.0,-9999,-9999,-9999,-9999,26.6632992074,0.992607526882,400.93192029,0.998655913978,392.001,0.999328,18.191,1.0,10.459,1.0,2.6333,1.0,41.1328,1.0,43.0583,0.806026,85.258,1.0,89.2491,1.23231,1.76947,0.867608,0.0467901,1.51159,1.70815,1.85189,0.872312,0.870296,0.834677,7.89128,7.61521,7.8144,7.9432,6.1351,6.07837,6.09913,6.12692,6.29143,6.02971,6.32738,6.50562,5.46251,5.36019,5.49121,5.60261,-9999,-9999
201309,13.164,1.0,334.899,187.491,1.0,300.645,1.0,7.789,1.0,86.903,1.0,3.285,1.0,3.698,1.0,0.593419818969,0.993055555556,92.5569666667,1.0,383.498435417,1.0,-9999,-9999,-9999,-9999,20.2555692883,0.995833333333,375.351756944,1.0,393.924,0.996528,12.348,1.0,10.221,1.0,0.459267,1.0,23.3148,0.993056,23.9343,0.553932,66.1324,0.996528,67.8896,1.07784,-0.02176,0.875694,0.0504975,0.130027,0.222241,0.33625,0.85,0.830556,0.902083,5.94834,5.52684,5.82035,6.23399,5.86466,5.25437,5.75965,6.10396,5.68759,5.11538,5.70909,6.47319,4.84991,4.72426,4.91127,5.35738,-9999,-9999
201310,7.335,1.0,242.79,142.857,1.0,262.688,1.0,4.757,1.0,87.376,1.0,1.0,1.0,2.439,1.0,0.352201183849,0.969758064516,49.7813346774,1.0,286.564979167,1.0,91.093891129,1.0,-9999,-9999,16.2965980891,0.997311827957,339.476969086,1.0,395.855,1.0,5.061,1.0,16.008,1.0,-2.74871,1.0,26.9091,1.0,25.3531,0.503265,29.6558,1.0,27.9409,0.73824,-0.566062,0.68078,0.0653414,-0.553796,-0.497984,-0.358985,0.68078,0.733871,0.678091,4.24905,4.24671,4.34945,4.47129,4.75322,4.75541,4.86029,4.94255,5.50412,5.16032,5.55182,5.85457,4.45341,4.27095,4.49395,4.67366,-9999,-9999
201311,2.735,1.0,165.655,79.03,1.0,262.173,1.0,2.53,1.0,87.294,1.0,1.168,1.0,3.076,0.996528,0.473570731526,0.974305555556,12.1173652778,1.0,159.203472222,1.0,80.6322527778,1.0,-9999,-9999,9.16121529137,0.989583333333,319.903640278,1.0,398.973,1.0,2.046,1.0,18.201,1.0,-3.29543,1.0,19.8793,1.0,19.9128,0.576405,2.20149,1.0,2.2052,0.799782,-0.0369953,0.869444,0.0557634,-0.0429741,-0.00290443,0.0939387,0.869444,0.868056,0.863889,3.48154,3.17401,3.26177,3.55842,3.40935,3.17004,3.2992,3.47038,2.60562,2.17581,2.58384,3.24392,2.46633,2.48766,2.59527,2.83934,-9999,-9999
201312,0.265,1.0,129.258,64.752,1.0,242.459,1.0,3.19,1.0,87.486,1.0,5.506,1.0,3.764,0.999328,0.534869953771,0.988575268817,-9.31916801075,1.0,128.839157258,1.0,67.3448037634,1.0,-9999,-9999,9.11531451613,1.0,307.436092742,1.0,398.866,1.0,0.294,0.908602,22.377,0.912634,-0.656754,0.908602,9.99253,0.998656,9.32426,0.35644,-2.75607,1.0,-2.57175,0.735898,0.939743,0.945565,0.0465347,0.84255,0.926076,1.07419,0.951613,0.945565,0.924731,2.06673,1.91728,1.96151,2.12561,1.02996,1.00448,1.04752,1.08332,1.73284,1.72659,1.76554,1.98788,1.66073,1.48234,1.57814,1.61902,-9999,-9999
201401,2.571,1.0,146.422,80.425,1.0,251.696,1.0,3.646,1.0,87.541,1.0,1.794,1.0,3.362,0.980511,0.490136574312,0.975806451613,5.33331518817,1.0,160.526984543,1.0,67.1714966398,1.0,-9999,-9999,10.4728949275,0.998655913978,316.493723118,1.0,402.555,0.977151,-0.002,0.991935,24.988,0.990591,-2.36277,0.991935,17.5007,0.985887,15.1304,0.61343,0.0411177,0.995968,0.0355486,0.865996,0.69243,0.801075,0.0426683,0.548439,0.672646,0.824986,0.807124,0.795699,0.815188,2.61469,2.46538,2.57371,2.70632,1.86681,1.86706,1.88831,1.93266,3.22559,3.19114,3.38964,4.3793,2.15989,2.15341,2.16698,2.34483,-9999,-9999
201402,-2.132,0.820685,209.338,71.842,0.816964,276.172,0.820685,1.056,0.820685,86.771,0.808036,0.653,1.0,3.742,0.727679,0.631869791667,0.698660714286,32.6486846591,0.785714285714,135.155997159,0.785714285714,47.0546846591,0.622023809524,-9999,-9999,11.0992546341,0.784970238095,299.645736742,0.785714285714,402.877,0.734375,-0.047,0.259673,28.533,0.241815,-1.71569,0.259673,40.685,0.764137,35.1745,0.843677,-15.4417,0.778274,-13.3502,1.11847,0.501716,0.64881,0.0455609,0.47114,0.498066,0.572993,0.68006,0.69122,0.642113,1.97088,1.92694,1.9313,1.97492,1.41146,1.35383,1.42802,1.44956,2.33578,1.82074,2.33362,2.49543,1.82353,1.7293,1.82385,1.98714,-9999,-9999
201403,3.563,0.722446,298.589,152.145,0.725806,267.411,0.722446,3.1,0.722446,86.984,0.690188,1.041,1.0,4.1,0.665323,0.616652599206,0.651209677419,92.1643366895,0.676747311828,355.911321513,0.676747311828,151.820504074,0.676747311828,-9999,-9999,20.7637561001,0.676075268817,323.172026976,0.676747311828,401.843,0.690188,0.797,0.647177,32.709,0.642473,0.627644,0.647177,43.6738,0.705645,42.7403,0.800915,36.4057,0.709677,35.6275,1.0422,-1.43732,0.588038,0.0372352,-1.41324,-1.39929,-1.28191,0.594758,0.601478,0.577957,2.63384,2.51277,2.56528,2.69896,3.98031,3.91456,3.96849,3.99617,2.09267,1.72752,2.05837,2.70133,3.24646,2.99147,3.24363,3.31965,-9999,-9999
201404,5.608,0.779861,389.597,232.467,0.782639,269.121,0.779861,4.397,0.779861,87.099,0.765278,0.61,1.0,3.564,0.765278,0.615863601518,0.751388888889,143.18551937,0.751388888889,480.06987939,0.751388888889,185.544354714,0.697222222222,-9999,-9999,25.1111745757,0.75,338.536050028,0.751388888889,403.915,0.779861,5.806,0.571528,28.18,0.571528,2.94434,0.571528,59.6359,0.779861,61.6766,0.931535,83.5988,0.779167,86.4595,1.21733,-3.06784,0.698611,0.0686626,-3.05901,-3.01984,-2.95269,0.710417,0.704861,0.684028,4.18818,3.84855,3.91018,4.25692,7.14422,6.89616,6.94706,7.15964,3.1603,2.61368,2.80614,3.17527,6.17554,5.62619,5.79078,6.10367,-9999,-9999
201405,9.882,1.0,456.611,285.023,1.0,277.989,1.0,6.503,1.0,87.201,1.0,0.967,1.0,3.604,1.0,0.607198252688,1.0,171.989807124,1.0,575.29972023,0.997311827957,204.870655242,1.0,-9999,-9999,29.4016008065,1.0,362.007782258,1.0,399.761,0.997984,10.554,1.0,22.437,1.0,3.28299,1.0,74.5445,0.998656,77.0954,0.901149,88.5727,1.0,91.6037,1.31807,-3.62094,0.860887,0.0706002,-3.64817,-3.61393,-3.56721,0.892473,0.831989,0.892473,5.88376,5.76805,5.83729,5.93223,9.47972,9.34859,9.47972,9.57805,5.16644,5.07885,5.24276,5.89029,8.56541,8.32372,8.57867,8.93853,-9999,-9999
201406,12.399,0.973611,486.056,330.767,0.975,283.153,0.973611,7.741,0.973611,87.103,0.959028,0.305,1.0,3.453,0.958333,0.623146378887,0.950694444444,210.984335489,0.952777777778,690.893174868,0.950694444444,178.883283559,0.952777777778,-9999,-9999,34.9473132511,0.952083333333,376.376801108,0.952777777778,397.755,0.971528,13.682,1.0,13.779,1.0,2.9688,1.0,86.8871,0.971528,85.5654,1.09843,123.035,0.971528,121.163,1.42556,-2.73159,0.880556,0.0533438,-2.77502,-2.7407,-2.71789,0.902778,0.900694,0.881944,8.19078,8.00699,8.06845,8.21884,10.9058,10.7556,10.8301,10.9222,7.4945,7.4728,7.52129,7.85861,9.93741,9.89281,10.0764,10.3988,-9999,-9999
201407,20.504,0.90793,471.756,299.554,0.913306,317.937,0.90793,16.235,0.90793,87.36,0.868952,0.598,1.0,2.868,0.870296,0.48064351473,0.838037634409,170.538215875,0.872983870968,610.507250086,0.870967741935,169.758095201,0.872983870968,-9999,-9999,29.9920575834,0.869623655914,414.946010371,0.872983870968,397.813,0.905242,18.619,0.818548,11.093,0.818548,3.80516,0.818548,86.5024,0.90457,89.8577,1.05652,78.0545,0.90457,81.0821,1.11798,1.66385,0.688172,0.0572842,1.59958,1.68299,1.80767,0.683468,0.692204,0.709677,11.7693,11.6008,11.7739,11.9839,10.1455,9.91659,10.0785,10.1993,11.4208,10.5149,10.7039,11.2976,9.44149,8.78398,8.96463,9.24373,-9999,-9999
201408,18.49,1.0,416.881,260.338,1.0,312.796,1.0,12.599,1.0,87.268,1.0,0.565,1.0,2.827,1.0,0.454969086022,1.0,140.805450941,1.0,539.879826613,1.0,177.827464382,1.0,-9999,-9999,27.0181082704,0.998655913978,404.013864247,1.0,394.814,1.0,18.744,1.0,9.914,1.0,2.33905,1.0,50.6085,1.0,49.8273,0.820182,90.0288,1.0,88.6391,1.26569,1.57154,0.816532,0.0594412,1.54356,1.60529,1.66088,0.815188,0.852823,0.751344,9.49137,9.13163,9.41659,9.51094,7.83885,7.58275,7.78309,7.93633,6.20544,6.06434,6.58313,7.54282,5.33532,5.14922,5.58827,6.13628,-9999,-9999
201409,14.732,1.0,334.899,216.588,1.0,293.677,1.0,10.114,1.0,87.119,1.0,0.677,1.0,3.006,1.0,0.464570833333,1.0,103.611117361,1.0,449.841210417,1.0,123.514530556,1.0,-9999,-9999,23.62608125,1.0,383.029354167,1.0,393.912,1.0,13.377,1.0,10.15,1.0,1.26756,1.0,27.7462,1.0,26.7514,0.506503,78.4032,1.0,75.5922,1.07363,0.492715,0.811806,0.0460338,0.331169,0.437828,0.481216,0.779167,0.804861,0.644444,5.18605,4.76874,4.8179,5.18605,4.777,4.29411,4.36236,4.93778,6.58956,5.20478,5.46909,6.16201,5.37318,4.42801,4.62929,5.21132,-9999,-9999
201410,11.068,1.0,242.79,130.567,1.0,296.279,1.0,6.949,1.0,87.032,0.998656,2.696,1.0,3.074,0.99664,0.465082365202,0.996639784946,51.0075766129,1.0,274.348865591,1.0,94.1792459677,1.0,-9999,-9999,14.5955883195,0.994623655914,361.233004032,1.0,397.673,1.0,8.919,1.0,12.289,1.0,-0.431992,1.0,30.1357,1.0,26.1078,0.673258,29.1104,1.0,25.2196,0.895727,1.03936,0.895161,0.0398253,0.989303,1.01309,1.09661,0.903898,0.903226,0.859543,5.93792,5.57558,5.75938,6.05894,4.86656,4.56249,4.76737,4.95682,5.76786,3.46784,5.22446,5.73952,3.61964,3.44453,3.48614,3.66466,-9999,-9999
201411,1.528,0.6875,165.655,71.87,0.686111,270.141,0.6875,2.248,0.6875,87.253,0.679861,1.82,0.679861,3.549,0.680556,0.44615625,0.666666666667,26.6549916667,0.666666666667,158.842681685,0.649305555556,93.0413916667,0.666666666667,-9999,-9999,11.8418681516,0.665972222222,311.570548958,0.666666666667,402.693,0.682639,2.623,0.960417,22.74,0.958333,-2.45147,0.960417,16.2529,0.683333,14.3475,0.394928,5.06187,0.683333,4.46845,0.690235,2.10827,0.527778,0.0494058,1.99032,2.06453,2.10827,0.527083,0.529167,0.527778,4.05886,3.90961,4.01806,4.09795,2.04096,1.84871,1.9423,2.0278,4.5099,4.33219,4.48218,4.55938,2.33384,2.36083,2.40301,2.71609,-9999,-9999
201412,0.963,0.740591,129.258,51.187,0.739919,274.132,0.740591,1.523,0.740591,86.978,0.722446,2.977,0.0,3.34,0.721102,0.564111536561,0.708333333333,3.06938825758,0.709677419355,98.3655852273,0.709677419355,54.4725426136,0.709677419355,-9999,-9999,5.96492207744,0.700268817204,313.610966856,0.709677419355,402.611,0.735215,1.317,0.859543,32.118,0.857527,-1.60749,0.859543,22.9813,0.739247,20.2342,0.641247,-20.3965,0.739247,-17.9584,0.778438,1.02814,0.610215,0.0272988,1.01164,1.03635,1.15488,0.610887,0.610887,0.619624,2.48728,2.43657,2.471,2.53989,1.40466,1.36069,1.40368,1.44915,3.35445,3.15935,3.31855,4.33868,2.26518,2.26518,2.37614,2.97368,-9999,-9999
