TIMESTAMP,TA_F,TA_F_QC,SW_IN_POT,SW_IN_F,SW_IN_F_QC,LW_IN_F,LW_IN_F_QC,VPD_F,VPD_F_QC,PA_F,PA_F_QC,P_F,P_F_QC,WS_F,WS_F_QC,USTAR,USTAR_QC,NETRAD,NETRAD_QC,PPFD_IN,PPFD_IN_QC,PPFD_DIF,PPFD_DIF_QC,SW_OUT,SW_OUT_QC,LW_OUT,LW_OUT_QC,CO2_F_MDS,CO2_F_MDS_QC,TS_F_MDS_1,TS_F_MDS_2,TS_F_MDS_3,TS_F_MDS_1_QC,TS_F_MDS_2_QC,TS_F_MDS_3_QC,SWC_F_MDS_1,SWC_F_MDS_2,SWC_F_MDS_1_QC,SWC_F_MDS_2_QC,G_F_MDS,G_F_MDS_QC,LE_F_MDS,LE_F_MDS_QC,LE_CORR,LE_RANDUNC,H_F_MDS,H_F_MDS_QC,H_CORR,H_RANDUNC,NEE_VUT_REF,NEE_VUT_REF_QC,NEE_VUT_REF_RANDUNC,NEE_VUT_25,NEE_VUT_50,NEE_VUT_75,NEE_VUT_25_QC,NEE_VUT_50_QC,NEE_VUT_75_QC,RECO_NT_VUT_REF,RECO_NT_VUT_25,RECO_NT_VUT_50,RECO_NT_VUT_75,GPP_NT_VUT_REF,GPP_NT_VUT_25,GPP_NT_VUT_50,GPP_NT_VUT_75,RECO_DT_VUT_REF,RECO_DT_VUT_25,RECO_DT_VUT_50,RECO_DT_VUT_75,GPP_DT_VUT_REF,GPP_DT_VUT_25,GPP_DT_VUT_50,GPP_DT_VUT_75,RECO_SR,RECO_SR_N
200301,-2.927,0.94086,135.237,73.265,0.939516,245.858,0.94086,1.933,0.94086,83.866,0.0,0.815,0.965726,1.587,0.599462,-9999,-9999,-41.0345196035,0.878360215054,-9999,-9999,-9999,-9999,66.818781383,0.91061827957,300.688323711,0.91061827957,361.731,0.924731,-9999,-9999,-9999,-9999,-9999,-9999,-9999,-9999,-9999,-9999,-1.57199,3.0,3.61999,0.900538,4.57414,0.160079,-25.4525,0.907258,-32.1613,0.44862,0.713951,0.852151,0.0191715,0.644451,0.705075,0.712442,0.862903,0.855511,0.854839,0.594037,0.59815,0.615446,0.624909,-0.099746,-0.112382,-0.0895545,-0.0218673,0.830338,0.760356,0.788712,0.825262,0.0982314,0.066164,0.0916868,0.0993605,-9999,-9999
200302,-5.828,1.0,198.551,123.943,0.959821,216.561,1.0,1.818,1.0,84.292,0.0,0.032,1.0,1.418,0.828125,0.208019827237,0.614583333333,-39.1559745262,0.88318452381,-9999,-9999,-9999,-9999,109.987939082,1.0,282.481197173,1.0,360.351,0.997768,-9999,-9999,-9999,-9999,-9999,-9999,-9999,-9999,-9999,-9999,-1.719,3.0,2.66247,0.995536,3.37706,0.151456,-17.2496,0.995536,-21.8792,0.424255,0.28907,0.912946,0.0163087,0.28907,0.292917,0.307298,0.912946,0.901786,0.941964,0.508905,0.496063,0.509109,0.559604,0.217003,0.184239,0.21516,0.22158,0.364625,0.22351,0.250144,0.329086,0.0401659,0.0268805,0.0419789,0.0612284,-9999,-9999
200303,2.103,1.0,289.63,198.315,1.0,257.315,1.0,3.179,1.0,84.756,0.0,0.145,1.0,1.422,0.872984,0.216381862407,0.688172043011,15.638892696,1.0,-9999,-9999,-9999,-9999,106.630133924,1.0,333.419490591,1.0,360.163,0.999328,-9999,-9999,-9999,-9999,-9999,-9999,-9999,-9999,-9999,-9999,-1.64597,3.0,15.5759,0.997984,21.8096,0.283563,-5.4114,0.999328,-7.57711,0.604896,0.412556,0.969758,0.0181849,0.409182,0.414011,0.440561,0.969758,0.96707,0.985887,0.758755,0.734991,0.759036,0.783411,0.325203,0.325212,0.340436,0.350457,1.02402,0.738474,0.789469,0.8941,0.41085,0.369696,0.395262,0.463602,-9999,-9999
200304,2.788,1.0,383.873,203.714,1.0,291.797,1.0,2.309,1.0,84.234,0.0,1.22,1.0,1.769,0.986111,0.271972389084,0.86875,60.3514776647,0.996527777778,-9999,-9999,-9999,-9999,79.5961369153,1.0,354.102207639,1.0,351.664,0.999306,-9999,-9999,-9999,-9999,-9999,-9999,-9999,-9999,-9999,-9999,-1.64321,3.0,24.4561,0.997917,29.5592,0.35914,21.2893,0.998611,25.7317,0.603592,0.269008,0.991667,0.0372412,0.265738,0.279638,0.284354,0.991667,0.991667,0.992361,1.60117,1.56206,1.61513,1.62949,1.33004,1.29941,1.33217,1.34301,1.57623,1.58931,1.62445,1.67618,1.33911,1.32877,1.33954,1.38075,-9999,-9999
200305,10.079,0.998656,454.31,266.142,0.998656,314.092,0.998656,4.046,0.998656,84.669,0.0,2.826,0.997312,1.505,0.983199,0.249814920011,0.911290322581,130.851632884,0.994623655914,-9999,-9999,-9999,-9999,55.6978517315,0.997311827957,391.753759164,0.997311827957,343.398,0.997312,-9999,-9999,-9999,-9999,-9999,-9999,-9999,-9999,-9999,-9999,-1.57199,3.0,73.233,0.995968,91.5611,0.548144,33.718,0.99664,42.1566,0.424039,-3.26361,0.99664,0.0699664,-3.27297,-3.23995,-3.19299,0.995296,0.994624,0.99664,5.69354,5.49992,5.63338,5.81081,8.86044,8.71191,8.82522,8.99042,4.80836,4.6559,4.82067,4.99475,8.61325,8.5092,8.56105,8.63844,-9999,-9999
200306,15.613,0.966667,485.657,289.88,0.995833,347.839,0.995833,4.878,0.966667,84.738,0.0,4.224,0.970833,1.331,0.95,0.218541872661,0.860416666667,154.731675602,0.993055555556,-9999,-9999,-9999,-9999,63.0563582166,0.993055555556,418.467592295,0.993055555556,350.103,0.998611,-9999,-9999,-9999,-9999,-9999,-9999,-9999,-9999,-9999,-9999,-1.64321,3.0,92.7555,0.997917,114.975,0.638063,32.1032,0.998611,39.7936,0.353364,-1.60924,0.994444,0.0975076,-1.71954,-1.6641,-1.63086,0.995833,0.995833,0.993056,10.8562,10.3186,10.5918,10.8956,12.1833,12.0484,12.2105,12.5578,8.02611,7.81312,8.17709,8.3529,10.964,10.9451,11.0666,11.1924,-9999,-9999
200307,14.81,1.0,470.56,261.172,1.0,346.426,1.0,4.541,1.0,84.659,0.0,2.602,0.886425,1.384,0.992608,0.243505581103,0.91935483871,136.731324167,1.0,562.263462877,0.934811827957,232.027690991,0.935483870968,52.8103575604,1.0,418.253639785,1.0,339.789,1.0,18.318,17.724,15.234,0.999328,0.999328,0.999328,-9999,-9999,-9999,-9999,-1.71167,3.0,82.5214,1.0,100.541,0.615998,33.7099,1.0,41.0708,0.49062,0.985556,0.998656,0.0695221,0.905457,1.0024,1.11582,0.998656,0.998656,0.999328,8.07468,7.94607,8.02571,8.12048,7.00836,6.97221,7.0426,7.0867,7.68816,7.20775,7.33659,7.7084,6.62305,6.52008,6.57556,6.75459,-9999,-9999
200308,16.584,0.547715,412.716,248.766,0.550403,341.059,0.547715,5.864,0.547715,84.857,0.0,3.289,0.540323,1.457,0.971774,0.220771532541,0.88373655914,126.201387044,0.516129032258,576.558026081,0.516129032258,187.688771133,0.516129032258,51.9342843802,0.516129032258,426.7574375,0.516129032258,355.727,0.983871,18.992,18.407,16.067,0.547043,0.547043,0.547043,-9999,-9999,-9999,-9999,-1.64597,3.0,86.3388,0.957661,101.902,0.645776,23.0941,0.975806,27.2569,0.366447,1.00225,0.797715,0.0642096,0.925195,0.974584,1.0092,0.784274,0.84207,0.842742,6.47824,6.50279,6.64944,6.82963,5.60515,5.53308,5.62566,5.8431,5.1483,4.65061,5.11099,5.83514,6.28077,6.2705,6.35319,6.42173,-9999,-9999
200309,9.494,1.0,327.323,192.18,1.0,308.507,1.0,3.724,1.0,84.883,0.0,1.793,1.0,1.291,0.981944,0.210752361439,0.868055555556,77.5014947458,0.995833333333,423.440545472,0.997916666667,140.06659316,1.0,39.3724200047,1.0,381.974948611,1.0,351.705,1.0,12.686,12.845,13.236,1.0,1.0,1.0,-9999,-9999,-9999,-9999,-1.64321,3.0,50.9194,1.0,64.7181,0.48586,21.8191,1.0,27.7318,0.421963,-0.729226,0.99375,0.0421072,-0.746917,-0.719934,-0.664905,0.99375,0.99375,0.994444,4.08897,4.01742,4.08017,4.13027,4.78092,4.76769,4.79577,4.8182,2.37588,2.53021,3.16841,3.80927,4.31448,4.32696,4.50158,4.68126,-9999,-9999
200310,2.74,1.0,232.728,109.706,0.997984,302.694,1.0,1.272,1.0,84.05,0.0,2.677,1.0,1.252,0.688172,0.197526314472,0.586021505376,32.4512419543,0.980510752688,234.005124848,0.991935483871,101.590499684,1.0,39.0011952434,1.0,344.359647177,1.0,354.08,0.976478,7.072,7.654,9.61,1.0,1.0,1.0,-9999,-9999,-9999,-9999,-1.57199,3.0,17.2935,0.971774,22.8013,0.309364,5.39981,0.974462,7.11962,0.351389,0.861648,0.965726,0.0328263,0.767011,0.867901,0.905807,0.965726,0.975134,0.975134,2.74079,2.61114,2.74174,2.80146,1.90508,1.84196,1.87914,1.90508,1.80036,1.73026,1.8819,1.94818,1.54709,1.58149,1.62746,1.65727,-9999,-9999
200311,2.098,1.0,154.605,72.985,0.998611,295.894,1.0,1.375,1.0,84.505,0.0,3.34,1.0,1.078,0.345139,-9999,-9999,1.79448108147,0.999305555556,173.684902014,0.999305555556,68.8855239236,1.0,37.2431924098,1.0,330.730875,1.0,360.137,0.811806,3.161,3.624,5.632,1.0,1.0,1.0,-9999,-9999,-9999,-9999,-1.64321,3.0,10.4614,0.810417,15.703,0.312861,-2.66829,0.810417,-4.00522,0.463819,0.840546,0.747222,0.0226553,0.7361,0.837665,0.840937,0.728472,0.772222,0.745833,1.25344,1.16943,1.25835,1.28418,0.433681,0.431152,0.437763,0.453401,1.75296,1.57665,1.71473,1.76272,0.488193,0.488154,0.553071,0.583893,-9999,-9999
200312,-1.071,1.0,118.142,64.618,1.0,258.678,1.0,1.919,1.0,84.391,0.0,1.69,1.0,1.592,0.893817,0.245249796062,0.753360215054,-28.2762852186,1.0,158.368217824,0.999327956989,52.9867209812,1.0,46.580685018,1.0,305.104682124,1.0,360.068,1.0,1.381,1.792,3.703,1.0,1.0,1.0,-9999,-9999,-9999,-9999,-1.71167,3.0,6.32101,0.998656,8.64083,0.297246,-29.374,0.998656,-40.1543,0.673215,0.766948,0.985887,0.0213015,0.752904,0.763261,0.769397,0.985215,0.985215,0.983199,0.782743,0.74456,0.779393,0.800547,0.0271488,-0.0123829,0.0184935,0.0294483,0.770928,0.71748,0.781174,0.955543,0.0922048,0.0390475,0.0549897,0.0925696,-9999,-9999
200401,-4.403,1.0,135.237,80.059,0.994624,229.912,1.0,1.46,1.0,83.582,0.146505,0.577,1.0,1.605,0.866263,0.237766859062,0.575940860215,-27.8448573364,0.992607526882,187.465576639,0.997983870968,75.6254131788,1.0,63.6589579143,1.0,274.176552419,1.0,358.262,0.999328,1.047,1.331,2.709,1.0,1.0,1.0,-9999,-9999,-9999,-9999,-1.64597,3.0,0.378943,0.997984,0.579977,0.224445,-29.0356,0.999328,-44.4393,0.552799,1.12738,0.97379,0.0242024,1.08863,1.10477,1.12131,0.982527,0.954973,0.972446,0.992395,0.95757,0.972187,0.98016,-0.13735,-0.145462,-0.137092,-0.117232,1.52776,1.51797,1.55539,1.71104,0.257324,0.188376,0.200555,0.244574,-9999,-9999
200402,-1.718,1.0,200.016,103.631,0.997126,243.697,1.0,2.339,1.0,84.118,1.0,2.014,1.0,1.723,0.985632,0.232236656121,0.744252873563,-18.2259586152,1.0,236.731052909,1.0,103.141276753,1.0,78.4865318524,1.0,287.55658477,1.0,359.858,0.996408,0.889,1.157,2.372,1.0,1.0,1.0,-9999,-9999,-9999,-9999,-1.64026,3.0,8.14896,0.997126,13.8045,0.236108,-24.9753,0.997126,-42.3087,0.573499,0.867547,0.96408,0.023784,0.862246,0.876969,0.889593,0.96408,0.966236,0.978448,0.902897,0.90272,0.929177,0.941605,0.0539075,0.0397297,0.0493343,0.0539471,0.957213,0.834248,0.971832,1.85147,0.218865,0.0744017,0.131345,0.22142,-9999,-9999
200403,-0.894,1.0,292.865,166.143,0.993952,258.378,1.0,1.792,1.0,84.337,1.0,1.655,1.0,1.602,0.982527,0.209474189794,0.709005376344,0.214277362858,1.0,363.705870908,0.999327956989,164.961003965,1.0,127.019751601,1.0,298.059260081,1.0,360.28,0.99328,0.64,0.872,1.937,1.0,1.0,1.0,-9999,-9999,-9999,-9999,-1.16996,3.0,4.16549,0.992608,5.83256,0.257402,-17.5986,0.994624,-24.6417,0.424536,0.657419,0.929435,0.018923,0.653338,0.670054,0.693414,0.919355,0.935484,0.93078,0.701221,0.710634,0.741181,0.758697,0.0611652,0.0533799,0.0642551,0.0743921,0.848926,0.823737,0.881219,1.10357,0.126468,0.108784,0.125023,0.153957,-9999,-9999
200404,3.122,1.0,386.668,184.528,0.998611,282.801,1.0,1.735,1.0,83.961,1.0,2.037,1.0,1.526,0.998611,0.200602713922,0.777083333333,30.3469080306,1.0,403.752153461,0.999305555556,226.767606979,1.0,121.772634197,1.0,315.002136111,1.0,358.465,0.997222,0.518,0.721,1.774,1.0,1.0,1.0,-9999,-9999,-9999,-9999,-3.28509,3.0,3.01227,0.998611,3.64082,0.364804,-20.0395,1.0,-24.2211,0.433192,0.74182,0.967361,0.0176617,0.758903,0.766855,0.80073,0.95,0.979167,0.929861,0.974723,0.936594,1.00183,1.01217,0.250937,0.171745,0.226484,0.237027,0.934555,0.805212,0.890524,0.94613,0.141014,0.12486,0.14628,0.191468,-9999,-9999
200405,6.232,1.0,456.021,234.274,0.998656,286.861,1.0,2.529,1.0,84.142,0.99664,5.257,0.997312,1.601,0.985215,0.237165785132,0.840053763441,106.760155975,0.999327956989,495.181484243,0.999327956989,220.916564838,0.999327956989,57.3196381741,0.999327956989,356.971814287,0.997983870968,355.37,0.997984,7.489,6.908,4.932,1.0,1.0,1.0,-9999,-9999,-9999,-9999,1.721,3.0,43.2012,0.998656,54.0132,0.461531,27.22,1.0,34.0324,0.477998,-0.420289,0.988575,0.0406824,-0.466493,-0.424572,-0.417591,0.980511,0.989247,0.989247,2.60147,2.52638,2.60489,2.61972,3.02796,3.00856,3.02796,3.03612,2.35646,2.24507,2.29532,2.4051,2.72406,2.75603,2.79932,2.85286,-9999,-9999
200406,11.699,0.995139,485.906,262.318,0.995833,315.741,0.995139,3.383,0.995139,84.635,0.99375,3.274,0.99375,1.43,0.939583,0.241045671458,0.863888888889,141.068407633,0.991666666667,556.974861996,0.992361111111,242.737550139,0.99375,55.6028467209,0.993055555556,380.525663298,0.993055555556,351.244,0.986806,14.142,13.447,10.498,0.995139,0.995139,0.995139,-9999,54.298,-9999,0.995139,7.85278,3.0,83.1736,0.986806,103.99,0.642717,24.5888,0.986806,30.7426,0.423567,-4.73695,0.986111,0.0710285,-4.75358,-4.73569,-4.72314,0.985417,0.986111,0.981944,7.02279,6.82258,6.95698,7.04183,11.7009,11.5657,11.696,11.7736,6.05553,5.79484,5.8915,6.12472,11.0607,11.0259,11.102,11.134,-9999,-9999
200407,13.343,1.0,469.309,254.04,1.0,319.901,1.0,3.628,1.0,84.73,1.0,3.452,1.0,1.296,0.610887,0.246302528999,0.503360215054,131.985323871,1.0,545.775935013,1.0,243.636490524,1.0,54.2994987769,1.0,387.706726478,1.0,346.366,0.989247,16.105,15.557,13.028,1.0,1.0,1.0,53.036,55.695,1.0,1.0,5.47886,3.0,76.9662,0.988575,94.5788,0.672927,25.9814,0.989247,31.9269,0.41767,-1.93528,0.981855,0.0961487,-1.92414,-1.87846,-1.8326,0.986559,0.963038,0.986559,8.83174,8.83542,8.90852,8.99548,10.7792,10.7364,10.7755,10.886,6.33276,6.33276,6.78429,6.96533,9.50445,9.1601,9.36138,9.49624,-9999,-9999
200408,13.696,0.997312,410.275,215.51,0.991263,319.525,0.989919,3.182,0.997312,84.608,0.995968,1.497,0.995968,1.375,0.941532,0.229153589406,0.853494623656,102.886808444,0.979838709677,468.196923499,0.978494623656,207.838436268,0.985887096774,42.8829848227,0.981182795699,387.566683124,0.979838709677,346.407,1.0,16.293,15.941,14.092,0.997312,0.997312,0.997312,46.265,52.667,0.997312,0.997312,2.26313,3.0,65.763,1.0,77.3362,0.576293,20.7287,1.0,24.3766,0.386753,0.336221,0.995296,0.0753382,0.25585,0.28274,0.328999,0.995296,0.99664,0.995968,7.98502,7.7521,7.83919,7.91015,7.6424,7.47379,7.54268,7.5954,6.51398,6.31186,6.61253,6.70392,7.04272,6.8381,7.01262,7.03767,-9999,-9999
200409,10.18,0.99375,324.243,177.37,0.939583,307.341,0.941667,2.726,0.99375,84.858,0.982639,0.374,0.982639,1.335,0.880556,0.231395937557,0.783333333333,73.0385334923,0.915972222222,374.460305911,0.916666666667,143.740084959,0.957638888889,38.4433728488,0.916666666667,371.508207603,0.916666666667,348.329,0.993056,12.72,12.749,12.511,0.99375,0.99375,0.99375,43.148,50.809,0.99375,0.99375,-1.84526,3.0,49.6151,0.997917,56.3598,0.497841,16.3469,0.999306,18.5691,0.447007,-0.988024,0.964583,0.0532144,-1.08868,-0.99014,-0.969719,0.959028,0.975,0.969444,5.14706,5.07727,5.13839,5.14939,6.13949,6.04371,6.12478,6.21715,5.26436,4.57379,4.82208,5.3953,5.9784,5.93425,6.06644,6.37974,-9999,-9999
200410,7.019,0.989919,229.754,95.134,0.990591,318.575,0.989247,0.716,0.989919,84.391,0.752688,7.471,0.980511,1.345,0.999328,0.206942178748,0.890456989247,33.679018152,0.942876344086,178.244563839,0.963037634409,123.627113318,0.96438172043,20.0670733976,0.962365591398,354.081180933,0.962365591398,356.242,1.0,9.363,9.525,10.044,0.989919,0.989919,0.989919,53.82,56.969,0.989919,0.989919,-3.50011,3.0,21.3155,1.0,31.9956,0.462849,8.44414,1.0,12.675,0.354539,0.643854,0.991935,0.0394556,0.559359,0.630044,0.643854,0.991935,0.99664,0.991935,3.24207,3.2202,3.26051,3.28479,2.59151,2.59069,2.61451,2.65956,4.00919,3.77342,3.85915,3.95419,2.9129,2.91239,2.94238,2.98195,-9999,-9999
200411,1.631,1.0,152.64,76.95,1.0,248.196,1.0,2.337,1.0,84.335,1.0,1.76,1.0,1.799,0.813889,0.293951173678,0.643055555556,-30.0185420742,0.998611111111,175.901501929,0.996527777778,67.6099274306,1.0,47.0288563194,1.0,308.358652778,1.0,347.331,0.997917,3.422,4.084,6.561,1.0,1.0,1.0,57.482,60.112,1.0,1.0,-6.47531,3.0,14.1591,0.997222,21.2535,0.424547,-20.1986,0.997222,-30.319,0.581887,1.23446,0.984722,0.0338662,1.22018,1.22991,1.23848,0.982639,0.990278,0.986806,1.85866,1.81252,1.84341,1.85856,0.621952,0.588437,0.615409,0.621157,1.73432,1.62021,1.66085,1.71881,0.553669,0.552806,0.563485,0.578014,-9999,-9999
200412,-1.296,1.0,117.82,57.097,0.99664,237.814,1.0,1.978,1.0,84.313,1.0,1.061,1.0,1.584,0.981183,0.199328923657,0.800403225806,-40.6703286933,0.998655913978,129.012667722,1.0,44.254955578,1.0,52.3795413172,1.0,283.553126344,1.0,348.485,0.999328,1.304,1.741,3.544,1.0,1.0,1.0,55.215,60.52,1.0,1.0,-4.96161,3.0,4.49623,1.0,6.14635,0.266412,-22.8739,1.0,-31.2686,0.548239,1.28437,0.977823,0.0279294,1.27789,1.28413,1.29109,0.993952,0.986559,0.978495,1.42684,1.39797,1.42239,1.4353,0.131293,0.12385,0.134097,0.143447,1.79138,1.18187,1.5596,1.75283,0.125964,0.060022,0.201225,0.256259,-9999,-9999
200501,-3.172,1.0,135.237,84.467,1.0,194.268,1.0,2.652,1.0,84.308,1.0,0.31,1.0,1.827,0.993952,0.260358366608,0.880376344086,-62.4903147782,1.0,193.602240726,1.0,62.3930070565,1.0,74.0479599933,1.0,267.155518817,1.0,382.434,1.0,1.011,1.373,2.828,1.0,1.0,1.0,54.873,60.408,1.0,1.0,-4.14034,3.0,6.9722,1.0,10.671,0.26332,-34.0723,1.0,-52.1481,0.595656,1.19494,0.997312,0.02344,1.18722,1.19494,1.20096,0.997312,0.997312,0.997312,1.40803,1.37474,1.38683,1.39973,0.212131,0.176521,0.19307,0.201643,1.15239,1.18391,1.2069,1.25149,0.1576,0.154377,0.165973,0.192248,-9999,-9999
200502,-6.369,1.0,198.551,114.688,0.999256,212.077,1.0,1.38,1.0,83.674,1.0,0.582,1.0,1.595,0.988095,0.235379911985,0.842261904762,-38.9855428417,0.982142857143,242.499939894,0.997023809524,100.535184673,1.0,99.1344129911,1.0,267.898654762,1.0,393.648,1.0,0.548,0.868,2.22,1.0,1.0,1.0,52.242,59.381,1.0,1.0,-3.25539,3.0,4.70156,0.999256,7.96453,0.238966,-22.1738,0.999256,-37.563,0.574352,0.811506,0.994048,0.0233317,0.789978,0.799594,0.85222,0.99628,0.994048,0.991815,1.17013,1.11148,1.16276,1.22752,0.362412,0.323736,0.350298,0.375441,0.874828,0.876507,0.922542,0.965289,0.153026,0.171891,0.185659,0.200735,-9999,-9999
200503,-0.43,1.0,289.63,171.618,1.0,239.122,1.0,1.916,1.0,84.05,1.0,1.171,1.0,1.457,0.971774,0.18993633153,0.816532258065,-6.24696974462,0.997983870968,369.601129961,0.997983870968,139.097938508,1.0,123.468390175,1.0,292.835890457,1.0,391.499,1.0,0.548,0.803,1.944,1.0,1.0,1.0,57.106,60.703,1.0,1.0,-1.46431,3.0,2.86221,1.0,4.0077,0.241109,-19.6855,1.0,-27.5639,0.465551,1.06498,0.981855,0.0245544,1.05383,1.06335,1.10612,0.984543,0.981183,0.980511,1.3155,1.31293,1.33771,1.37317,0.24652,0.247885,0.258239,0.279073,1.35732,1.15742,1.22166,1.28745,0.195858,0.194919,0.228153,0.301773,-9999,-9999
200504,2.986,0.998611,383.873,182.771,0.995833,277.468,0.998611,1.737,0.998611,84.139,0.994444,2.11,1.0,1.621,0.946528,0.243693192432,0.810416666667,66.1892687226,0.989583333333,347.847353346,0.936805555556,185.729956007,0.939583333333,55.3876728361,0.99375,338.21495364,0.991666666667,386.743,1.0,4.296,4.027,3.405,0.998611,0.998611,0.998611,57.426,60.749,0.998611,0.998611,1.63853,3.0,27.065,0.999306,37.8968,0.564673,20.7154,0.998611,29.0059,0.563615,0.507039,0.978472,0.043912,0.502238,0.516097,0.545529,0.978472,0.979861,0.981944,1.95348,1.95964,2.05353,2.10058,1.48915,1.45892,1.52003,1.55121,2.01026,1.86985,1.96873,2.09512,1.66204,1.44496,1.56245,1.62324,-9999,-9999
200505,8.985,0.997312,454.31,251.826,0.997312,290.627,0.997312,3.335,0.997312,84.47,0.899866,1.987,1.0,1.57,0.969086,0.254346922703,0.911962365591,117.938310862,0.993279569892,531.503678456,0.993951612903,205.880931529,0.995295698925,50.4489472179,0.995295698925,370.904925516,0.994623655914,366.184,1.0,11.773,11.026,8.18,0.997312,0.997312,0.997312,51.534,57.021,0.997312,0.997312,11.5422,3.0,74.9251,1.0,76.2079,0.629977,33.1844,1.0,33.7525,0.469333,-3.25323,1.0,0.0568198,-3.28708,-3.24852,-3.22841,0.997312,1.0,1.0,4.35566,4.32353,4.33437,4.35093,7.57818,7.56096,7.58183,7.59826,4.65928,4.06834,4.59416,4.65928,7.73578,7.5205,7.71866,7.75421,-9999,-9999
200506,12.556,1.0,485.657,264.116,1.0,313.296,0.998611,3.232,1.0,84.747,1.0,2.097,1.0,1.399,0.993056,0.242680520247,0.938888888889,135.273198863,0.999305555556,567.884119792,1.0,242.228203889,1.0,57.4801002778,1.0,384.477641667,1.0,367.445,1.0,15.471,14.779,11.807,1.0,1.0,1.0,48.545,53.902,1.0,1.0,5.13805,3.0,84.5493,0.999306,97.6712,0.663725,28.332,0.999306,32.7291,0.389691,-3.96694,1.0,0.0799567,-3.98737,-3.96713,-3.94816,1.0,0.997917,1.0,7.90132,7.904,7.95122,7.99266,11.8745,11.878,11.9184,11.9539,6.39753,6.39753,6.51837,6.64983,11.2261,11.0853,11.1491,11.2571,-9999,-9999
200507,13.939,1.0,470.56,260.397,1.0,314.615,1.0,4.332,1.0,84.587,0.997312,2.274,1.0,1.371,0.895161,0.264686874644,0.850134408602,129.67556304,0.997311827957,561.867008897,0.995967741935,220.238292673,0.997311827957,53.3490717934,0.997311827957,390.800355176,0.997311827957,372.804,0.994624,16.358,15.893,13.568,1.0,1.0,1.0,46.404,53.818,1.0,1.0,-0.588024,3.0,88.4968,0.991935,101.215,0.704241,25.6402,0.992608,29.3249,0.491925,-0.817544,0.981855,0.0962866,-0.890245,-0.833596,-0.786987,0.981855,0.985887,0.989919,8.2447,8.23991,8.29476,8.38014,9.03094,9.08557,9.14525,9.19844,7.18821,6.83174,7.1561,7.27371,8.29216,8.24101,8.50238,8.53715,-9999,-9999
200508,11.916,1.0,412.716,203.626,1.0,313.09,1.0,3.012,1.0,84.554,1.0,4.235,1.0,1.379,0.909274,0.270380502812,0.838709677419,93.6395316801,0.999327956989,440.988340397,0.998655913978,195.186045363,1.0,40.9897746169,1.0,381.883991263,1.0,372.876,1.0,14.603,14.497,13.511,1.0,1.0,1.0,44.409,51.434,1.0,1.0,-0.621644,3.0,65.2164,1.0,72.6625,0.571657,19.6499,1.0,21.8934,0.512731,0.275452,0.999328,0.0629446,0.230102,0.26738,0.276879,0.999328,0.999328,0.999328,6.53652,6.50106,6.53652,6.59301,6.26665,6.26048,6.26914,6.3238,6.25502,6.16478,6.29068,6.3854,6.37341,6.19142,6.35958,6.40054,-9999,-9999
200509,9.928,1.0,327.323,151.062,1.0,318.049,1.0,1.723,1.0,84.742,1.0,3.853,1.0,1.145,0.832639,0.208105929323,0.74375,67.9114552752,0.997222222222,326.925524674,0.995138888889,161.278132847,1.0,31.2486078611,1.0,370.141955556,1.0,379.039,1.0,12.943,13.008,12.832,1.0,1.0,1.0,52.051,56.849,1.0,1.0,-2.98647,3.0,44.5028,0.998611,51.4528,0.514446,17.9559,0.995139,20.7601,0.353473,-0.0240663,0.988194,0.0618888,-0.0286103,-0.0163074,0.0513863,0.988194,0.988194,0.988194,6.14851,6.03863,6.10058,6.22673,6.12273,6.0381,6.119,6.17056,6.20832,6.00492,6.20832,6.34197,5.91498,5.88243,5.97845,6.02804,-9999,-9999
200510,5.842,1.0,232.728,98.857,1.0,294.333,1.0,1.343,1.0,84.861,1.0,5.826,1.0,1.28,0.983871,0.181973588814,0.896505376344,27.0307343092,0.997983870968,222.900473356,0.999327956989,94.3308144489,1.0,21.5071304435,1.0,344.12122043,1.0,387.07,1.0,7.597,7.964,9.39,1.0,1.0,1.0,54.93,58.221,1.0,1.0,-4.64298,3.0,20.6342,0.999328,23.465,0.379534,7.86963,0.999328,8.94922,0.333576,0.639453,0.985887,0.057299,0.595572,0.623372,0.671653,0.981855,0.987231,0.987231,3.43984,3.41293,3.43984,3.53868,2.80127,2.74252,2.80518,2.93073,3.08938,3.08105,3.22041,3.56101,2.81761,2.73848,2.81592,2.96734,-9999,-9999
200511,-0.128,1.0,154.605,83.314,0.999306,244.238,1.0,1.407,1.0,84.213,0.997917,2.343,1.0,1.33,0.947222,0.228588147365,0.833333333333,-11.8388361835,0.992361111111,187.713663565,0.995833333333,62.4364283565,0.997916666667,27.3340032282,0.997916666667,311.172896481,0.997916666667,385.276,1.0,2.667,3.315,6.009,1.0,1.0,1.0,51.818,58.413,1.0,1.0,-8.73282,3.0,7.96549,1.0,9.97354,0.274233,-4.13799,1.0,-5.18115,0.569285,0.984785,0.9875,0.038818,0.909822,0.984785,1.00053,0.988194,0.9875,0.992361,2.20362,2.14834,2.18167,2.19655,1.20051,1.18558,1.20233,1.2274,1.99496,1.25374,1.58827,2.0108,0.917413,0.959411,1.10604,1.17741,-9999,-9999
200512,-4.201,1.0,118.142,59.068,0.998656,221.399,1.0,1.516,1.0,83.866,1.0,2.058,1.0,1.673,0.984543,0.266363340772,0.89314516129,-45.0327696457,0.999327956989,129.776108593,0.998655913978,54.950065793,1.0,52.6682970766,1.0,273.73152621,1.0,388.183,1.0,0.635,1.079,3.075,1.0,1.0,1.0,51.143,58.441,1.0,1.0,-2.10253,3.0,2.57429,0.999328,3.51905,0.266808,-33.9565,1.0,-46.4186,0.658478,1.22805,0.997312,0.0327295,1.20368,1.22296,1.23443,0.997312,0.997312,0.997312,1.12093,1.1075,1.13006,1.15504,-0.0929051,-0.131995,-0.0929051,-0.0488426,1.1135,0.953024,1.06016,1.09787,0.0161538,0.0207379,0.044696,0.0604279,-9999,-9999
200601,-4.504,1.0,135.237,67.469,0.994624,215.808,1.0,1.529,1.0,84.476,1.0,0.035,1.0,1.589,0.981183,0.209837199293,0.837365591398,-46.0363592374,0.99126344086,166.780743404,0.995295698925,60.7278671371,1.0,64.2256430511,1.0,272.978000672,1.0,380.482,1.0,1.13,1.44,2.761,1.0,1.0,1.0,58.367,51.354,1.0,1.0,-2.57461,3.0,2.06506,1.0,3.1606,0.191014,-22.4593,1.0,-34.3742,0.510157,0.858653,0.965054,0.0178546,0.867988,0.873682,0.900628,0.96371,0.963038,0.977151,0.832175,0.838942,0.858196,0.888807,-0.0231067,-0.0253637,-0.0202409,-0.00681721,1.3646,0.969443,1.2639,1.65565,0.125647,0.0960624,0.131808,0.181792,-9999,-9999
200602,-3.376,1.0,198.551,90.648,0.999256,230.594,1.0,1.365,1.0,83.659,1.0,0.304,1.0,1.673,0.974702,0.198670297099,0.845982142857,-31.2541928277,0.997767857143,217.650295961,0.99255952381,90.8494605655,1.0,89.4756771205,1.0,281.37834003,1.0,377.922,1.0,0.938,1.208,2.373,1.0,1.0,1.0,58.48,51.137,1.0,1.0,-2.23576,3.0,1.44436,1.0,2.44677,0.228211,-18.6515,0.999256,-31.5961,0.473523,0.912173,0.966518,0.0259927,0.900219,0.911922,0.920213,0.96503,0.968006,0.970982,0.958952,0.943504,0.958952,1.00953,0.0524835,0.0397722,0.0524835,0.089318,0.889049,0.728696,0.926238,1.31961,0.0896299,0.0834162,0.123036,0.276536,-9999,-9999
200603,-2.206,1.0,289.63,145.901,1.0,243.932,1.0,1.054,1.0,83.566,1.0,0.632,1.0,1.561,0.946237,0.222054428584,0.777553763441,-7.33470572119,0.987231182796,334.901203799,0.995295698925,155.90069422,1.0,120.305556667,1.0,293.353625,1.0,379.322,0.999328,0.773,1.03,2.104,1.0,1.0,1.0,60.214,56.703,1.0,1.0,-2.27129,3.0,1.79324,0.999328,3.03779,0.243072,-15.8921,0.999328,-26.9216,0.410023,1.09808,0.987903,0.0263486,1.08244,1.09844,1.10594,0.984543,0.984543,0.990591,1.21257,1.18187,1.22494,1.24975,0.1495,0.0978981,0.124813,0.140691,1.00011,0.980815,1.06316,1.10487,0.154744,0.150801,0.173887,0.20718,-9999,-9999
200604,3.822,1.0,383.873,176.239,1.0,272.556,1.0,1.936,1.0,84.054,1.0,0.453,1.0,1.509,0.991667,0.224958674374,0.9,41.7370318231,0.999305555556,394.434924736,0.997916666667,208.584899236,1.0,91.4515368194,1.0,326.348419444,1.0,379.218,0.996528,2.531,2.445,2.448,1.0,1.0,1.0,61.739,60.637,1.0,1.0,0.775789,3.0,11.8263,0.996528,13.2928,0.419799,-8.67711,0.995833,-9.75311,0.516739,1.0922,0.991667,0.0266088,1.10262,1.11532,1.14018,0.989583,0.990972,0.991667,1.56297,1.5489,1.57494,1.64688,0.465398,0.446615,0.471321,0.506729,1.52323,1.46116,1.49473,1.52323,0.524472,0.495396,0.520523,0.5351,-9999,-9999
200605,8.064,1.0,454.31,202.711,1.0,296.171,1.0,2.287,1.0,84.482,1.0,0.794,1.0,1.439,0.979839,0.250324373843,0.932123655914,100.488683452,0.996639784946,445.634546452,0.997983870968,248.394575538,1.0,41.0956389315,1.0,364.360216398,1.0,374.96,0.997312,10.621,10.023,7.621,1.0,1.0,1.0,56.953,51.873,1.0,1.0,3.89194,3.0,60.3505,0.995968,67.8342,0.579733,27.0787,0.99664,30.4366,0.4299,-2.64515,0.992608,0.0691936,-2.68571,-2.64182,-2.60287,0.992608,0.992608,0.992608,4.80728,4.72727,4.78868,4.82115,7.43892,7.40833,7.43491,7.45045,4.77102,4.6894,4.7379,4.77435,7.49045,7.48638,7.49693,7.53339,-9999,-9999
200606,12.261,1.0,485.657,269.424,1.0,298.475,1.0,4.346,1.0,84.908,1.0,2.14,1.0,1.445,0.98125,0.265103348352,0.940972222222,136.726241625,1.0,598.741073056,1.0,253.499755417,1.0,61.3751813542,1.0,379.867608333,1.0,370.853,1.0,13.904,13.185,10.425,1.0,1.0,1.0,48.957,39.604,1.0,1.0,5.49037,3.0,89.7361,0.999306,100.44,0.649803,27.324,1.0,30.5832,0.494037,-4.90399,0.995833,0.0699363,-4.93631,-4.91019,-4.88937,0.995139,0.998611,0.989583,6.80502,6.74027,6.78544,6.83782,11.7456,11.6332,11.712,11.7421,6.49124,6.35928,6.44319,6.49124,11.6428,11.5414,11.5972,11.6213,-9999,-9999
200607,15.89,0.998656,470.56,268.221,1.0,323.826,0.998656,5.062,0.998656,85.057,0.989919,2.277,1.0,1.249,0.6875,0.222718975115,0.639112903226,138.664852513,0.999327956989,612.05979169,0.989247311828,224.56291448,0.989919354839,55.5688520228,0.989919354839,406.126378853,0.989919354839,375.76,0.99328,17.669,16.987,13.855,0.998656,0.998656,0.998656,49.334,37.958,0.998656,0.998656,4.60419,3.0,98.9944,0.994624,104.343,0.693504,28.1027,0.994624,29.6211,0.401078,-0.388052,0.963038,0.065644,-0.464671,-0.441503,-0.354913,0.96371,0.96371,0.957661,8.05049,7.978,8.03624,8.05049,8.43357,8.36259,8.41444,8.47418,6.04461,6.01076,6.21851,6.47417,7.30787,7.04467,7.1627,7.30795,-9999,-9999
200608,10.562,1.0,412.716,187.094,1.0,312.141,1.0,2.587,1.0,84.263,0.999328,7.839,1.0,1.271,0.97379,0.265380506226,0.915994623656,92.9458374228,0.999327956989,419.748429481,0.997983870968,201.350703399,0.999327956989,37.6378698682,0.999327956989,375.675802848,0.998655913978,371.715,1.0,14.176,14.119,13.549,1.0,1.0,1.0,55.665,41.608,1.0,1.0,-5.44475,3.0,67.4476,0.998656,76.6773,0.648194,19.2356,0.999328,21.8679,0.455288,-0.571999,0.993952,0.0522567,-0.586084,-0.570768,-0.537676,0.993952,0.993952,0.993952,6.17955,6.14386,6.16859,6.20007,6.74899,6.72029,6.73275,6.74717,5.93603,5.91616,6.0111,6.08917,6.74179,6.70711,6.74179,6.77621,-9999,-9999
200609,11.555,1.0,327.323,176.302,1.0,305.764,1.0,2.635,1.0,84.75,1.0,2.287,1.0,1.281,0.989583,0.183245859294,0.926388888889,73.8239726382,0.99375,400.467947745,0.995833333333,152.719304931,1.0,38.4579708452,0.998611111111,375.194895464,0.998611111111,377.846,1.0,13.511,13.428,12.882,1.0,1.0,1.0,54.443,39.051,1.0,1.0,-4.607,3.0,58.1703,1.0,61.2295,0.6012,18.3251,1.0,19.2888,0.351645,-0.443524,0.985417,0.0600412,-0.538505,-0.478926,-0.443524,0.988889,0.988889,0.985417,6.84555,6.68371,6.82425,6.92588,7.26571,7.21366,7.2818,7.35744,6.64887,5.40755,6.10571,6.6059,7.06664,6.74042,7.06664,7.26362,-9999,-9999
200610,7.701,1.0,232.728,107.547,1.0,285.268,1.0,2.164,1.0,84.66,1.0,2.232,1.0,1.32,0.984543,0.215452656548,0.898521505376,22.6002289749,0.996639784946,256.235966967,0.997983870968,95.8737152554,1.0,24.6787161702,0.999327956989,349.784266143,0.999327956989,384.103,1.0,8.854,9.188,10.268,1.0,1.0,1.0,56.372,40.978,1.0,1.0,-7.02456,3.0,27.9772,1.0,25.3663,0.416405,5.53612,0.999328,5.01947,0.438978,0.276562,0.987903,0.0413266,0.248508,0.268019,0.271598,0.984543,0.987903,0.987903,3.7545,3.70579,3.74783,3.77263,3.47798,3.45845,3.47798,3.49467,3.69894,3.60187,3.78764,3.8782,3.50688,3.40565,3.47354,3.52272,-9999,-9999
200611,3.221,1.0,154.605,83.891,1.0,244.398,1.0,2.53,1.0,84.681,1.0,1.393,1.0,1.295,0.971528,0.225230052964,0.877083333333,-12.1387169212,0.998611111111,201.255702494,0.997916666667,72.6188938889,1.0,20.9292868889,1.0,322.577865972,1.0,383.119,1.0,3.08,3.762,6.28,1.0,1.0,1.0,58.058,41.763,1.0,1.0,-7.18463,3.0,13.0007,1.0,11.7874,0.388619,-3.95152,1.0,-3.58275,0.521698,0.74962,0.999306,0.0328572,0.734776,0.741665,0.756105,0.999306,0.999306,0.999306,1.8027,1.78764,1.80848,1.84341,1.05061,1.04954,1.05488,1.10085,1.5429,1.5429,1.63091,1.75824,1.15127,1.07539,1.0991,1.14431,-9999,-9999
200612,0.644,0.999328,118.142,55.362,1.0,236.608,0.999328,2.164,0.999328,85.036,0.982527,3.471,1.0,1.503,0.917339,0.228502227611,0.781586021505,-42.4632107432,0.98185483871,139.744633504,0.98185483871,52.2821130952,0.98252688172,44.3117644296,0.98252688172,296.774040341,0.98252688172,389.957,0.994624,1.402,1.928,4.037,0.999328,0.999328,0.999328,59.612,43.71,0.999328,0.999328,-3.48308,3.0,6.47752,0.993952,10.4242,0.361217,-25.1239,0.993952,-40.4318,0.481595,1.12721,0.986559,0.0252327,1.13247,1.14382,1.16781,0.986559,0.987231,0.974462,1.18606,1.18745,1.19576,1.22607,0.0627472,0.0449155,0.0606118,0.0788411,1.26152,1.25433,1.26521,1.31133,0.270364,0.248266,0.255294,0.263769,-9999,-9999
200701,0.309,1.0,135.237,67.904,0.997984,243.743,1.0,1.986,1.0,84.458,1.0,1.323,1.0,1.524,0.967742,0.245237785422,0.832661290323,-25.5629584543,1.0,154.035153194,0.999327956989,62.2939764785,1.0,35.2666287366,1.0,302.236814516,1.0,384.313,1.0,0.073,0.456,2.266,1.0,1.0,1.0,43.192,59.9,1.0,1.0,-2.67972,3.0,6.33581,1.0,10.1962,0.301566,-20.5553,1.0,-33.0794,0.519364,0.699136,0.997312,0.0248876,0.689531,0.695562,0.701329,0.99664,0.997984,0.99328,1.02266,1.00337,1.0102,1.02256,0.323459,0.312925,0.316054,0.321852,0.892782,0.831639,0.892782,0.93163,0.525871,0.479174,0.498017,0.527229,-9999,-9999
200702,0.027,1.0,198.551,110.488,0.997768,240.596,1.0,1.841,1.0,83.886,1.0,0.654,1.0,1.383,0.97619,0.208245248359,0.779761904762,-28.900190067,1.0,246.326145469,0.999255952381,104.121131997,0.99181547619,82.2550651042,1.0,298.213943452,1.0,382.975,1.0,0.111,0.443,1.845,1.0,1.0,1.0,41.076,59.553,1.0,1.0,-1.25166,3.0,6.06504,1.0,9.76042,0.329388,-20.0747,1.0,-32.3061,0.529319,0.725974,0.988095,0.0257747,0.689902,0.707952,0.718184,0.99256,0.987351,0.987351,0.885002,0.87376,0.890472,0.898711,0.163976,0.136463,0.163976,0.207377,0.704246,0.785889,0.921701,1.13365,0.45951,0.268358,0.438985,0.554602,-9999,-9999
200703,1.11,1.0,289.63,151.823,0.997312,247.962,1.0,2.277,1.0,84.008,1.0,1.535,1.0,1.544,0.975806,0.281766241601,0.850806451613,17.3394115042,0.998655913978,323.300948953,0.998655913978,142.455641062,1.0,67.5521530116,0.998655913978,314.801886834,0.998655913978,384.806,0.997984,1.032,1.209,2.028,1.0,1.0,1.0,43.594,60.402,1.0,1.0,-1.31134,3.0,16.2356,0.997984,24.8242,0.341885,-5.36961,0.999328,-8.21012,0.563536,0.618157,0.99328,0.023017,0.607286,0.626869,0.67422,0.99328,0.99328,0.993952,1.04388,1.00962,1.05763,1.12224,0.430757,0.408742,0.430381,0.445959,0.881596,0.916912,0.947344,1.00756,0.486643,0.432797,0.453016,0.489847,-9999,-9999
200704,7.238,1.0,383.873,240.023,1.0,281.182,1.0,2.939,1.0,84.706,1.0,0.51,1.0,1.384,0.972222,0.179594109642,0.870138888889,98.935954222,0.996527777778,497.08087,1.0,217.388881806,1.0,64.6777025833,1.0,355.846735417,1.0,383.337,0.999306,7.088,6.532,4.774,1.0,1.0,1.0,41.316,57.737,1.0,1.0,4.48045,3.0,37.8147,0.999306,57.8186,0.477144,31.7242,0.999306,48.5062,0.601686,-0.314283,0.986806,0.0505392,-0.377866,-0.316423,-0.284556,0.970139,0.986806,0.996528,2.62744,2.62245,2.65255,2.69558,2.99477,2.95557,2.97928,2.99429,3.046,3.02241,3.06393,3.1086,3.15801,3.22297,3.23898,3.26145,-9999,-9999
200705,9.271,1.0,454.31,249.028,1.0,302.145,1.0,3.059,1.0,84.254,1.0,5.694,1.0,1.481,0.985887,0.259667175708,0.91935483871,135.207967957,1.0,499.709402554,1.0,210.385568414,1.0,49.4412348925,1.0,366.523397849,1.0,382.994,1.0,11.682,11.197,9.185,1.0,1.0,1.0,40.445,54.038,1.0,1.0,2.0942,3.0,76.9223,1.0,97.0584,0.636899,23.9078,1.0,30.1662,0.420155,-3.66187,0.997312,0.0701229,-3.73444,-3.67341,-3.6471,0.995296,0.997312,0.997312,5.73044,5.64097,5.73044,5.82378,9.39241,9.37527,9.39704,9.49517,3.94417,3.95541,4.01574,4.07088,8.68107,8.62613,8.66075,8.68124,-9999,-9999
200706,12.063,1.0,485.657,239.908,1.0,331.174,1.0,1.888,1.0,84.432,1.0,3.597,1.0,1.272,0.9875,0.223604647973,0.986111111111,140.98946075,1.0,485.120393488,0.998611111111,251.899367292,1.0,48.912914625,1.0,381.782234028,1.0,381.362,1.0,14.732,14.207,11.8,1.0,1.0,1.0,46.014,56.463,1.0,1.0,5.26744,3.0,71.5359,1.0,96.9513,0.691136,28.5471,1.0,38.6894,0.396369,-3.33541,0.997222,0.0818119,-3.38812,-3.31287,-3.29534,0.997222,0.997222,0.997917,7.10865,7.01264,7.05928,7.16757,10.4674,10.3486,10.4036,10.4675,7.30316,7.28645,7.40865,7.58658,11.0993,10.8425,10.9309,11.0194,-9999,-9999
200707,14.158,1.0,470.56,302.974,1.0,307.382,0.999328,5.297,1.0,84.601,0.953629,2.923,1.0,1.382,0.897177,0.237294019815,0.884408602151,160.978831863,0.997983870968,619.517312507,1.0,202.567033525,0.958333333333,56.7162960663,0.997983870968,393.045179077,0.997983870968,393.085,1.0,16.162,15.69,13.517,1.0,1.0,1.0,52.278,37.389,0.997312,0.997312,3.80976,3.0,88.1956,1.0,112.031,0.765689,36.0204,1.0,45.7553,0.556809,-0.234814,0.997984,0.0914113,-0.401368,-0.236001,-0.211923,0.995968,0.998656,0.998656,8.26897,8.04324,8.26909,8.3361,8.5618,8.44048,8.50199,8.54758,5.87607,5.769,5.87453,5.94743,6.7918,6.7918,6.83659,6.87863,-9999,-9999
200708,12.672,1.0,412.716,211.192,1.0,322.713,1.0,2.718,1.0,84.546,0.819892,6.697,1.0,1.261,0.994624,0.221057713661,0.992607526882,109.84318523,0.994623655914,428.370840855,0.993951612903,-9999,-9999,37.7373649731,1.0,383.158649194,1.0,393.403,1.0,15.385,15.171,13.993,1.0,1.0,1.0,55.401,44.007,0.997312,0.997312,-0.0762239,3.0,63.4224,0.999328,85.5356,0.604468,21.0395,0.999328,28.3753,0.425822,0.700745,0.99328,0.0775821,0.705873,0.740222,0.756848,0.99328,0.99328,0.973118,6.89327,6.78707,6.89327,6.98219,6.19068,6.08184,6.18455,6.22947,6.49157,6.25607,6.38542,6.47737,5.91619,5.70643,5.89892,5.95092,-9999,-9999
200709,8.287,1.0,327.323,195.423,1.0,285.055,1.0,2.533,1.0,84.627,1.0,3.223,1.0,1.425,0.991667,0.247443196809,0.990277777778,81.8617458318,0.994444444444,392.988014669,0.997222222222,136.875083472,1.0,39.5447962361,1.0,356.707623611,1.0,393.458,0.997222,11.556,11.761,12.218,1.0,1.0,1.0,58.583,41.021,1.0,1.0,-5.20877,3.0,53.3996,0.999306,68.0017,0.51941,17.1476,0.999306,21.8366,0.455193,-1.28075,0.993056,0.0530985,-1.30866,-1.29879,-1.28578,0.99375,0.99375,0.9875,4.27019,4.14215,4.20272,4.23918,5.54051,5.45362,5.50528,5.52384,4.062,4.03049,4.062,4.11356,5.31879,5.2767,5.29784,5.31468,-9999,-9999
200710,5.413,1.0,232.728,135.544,1.0,276.782,1.0,1.813,1.0,84.719,1.0,1.523,1.0,1.239,0.995296,0.206870107564,0.993279569892,42.4119703049,0.995967741935,282.710479503,1.0,92.9453134409,1.0,29.6944698185,1.0,338.901695565,1.0,400.759,1.0,7.322,7.677,9.222,1.0,1.0,1.0,60.109,46.491,1.0,1.0,-6.9557,3.0,27.3313,1.0,37.3755,0.39413,9.89383,1.0,13.5298,0.449093,0.129474,0.997312,0.0449461,0.0459518,0.0705023,0.116983,0.997312,0.994624,0.993952,2.86261,2.78214,2.82459,2.84632,2.73449,2.70457,2.73449,2.7543,2.22679,2.13956,2.28996,2.42144,2.88819,2.76249,2.81142,2.88305,-9999,-9999
200711,0.15,1.0,154.605,93.381,1.0,235.392,1.0,2.166,1.0,84.185,1.0,5.61,1.0,1.424,0.99375,0.246215937756,0.99375,-2.88364989614,0.998611111111,201.298073958,1.0,59.5747848611,1.0,21.8338552222,1.0,309.41599375,1.0,396.248,1.0,1.729,2.41,5.299,1.0,1.0,1.0,61.825,50.339,1.0,1.0,-11.7332,3.0,10.9518,1.0,9.31768,0.296018,-0.460439,1.0,-0.391738,0.562074,0.337534,0.990278,0.0337863,0.335522,0.342012,0.35652,0.988889,0.990278,0.998611,1.11921,1.12264,1.13065,1.14162,0.782683,0.770485,0.78212,0.797773,1.17113,0.972696,1.01817,1.09703,0.799312,0.76553,0.777943,0.796964,-9999,-9999
200712,-1.48,1.0,118.142,70.578,1.0,221.823,1.0,2.353,1.0,84.529,1.0,0.032,1.0,1.353,0.867608,0.236142023881,0.853494623656,-24.1996171634,0.999327956989,149.953985215,1.0,-9999,-9999,18.7767388873,0.99126344086,296.101998656,1.0,396.331,1.0,-0.881,-0.169,2.752,1.0,1.0,1.0,58.613,31.437,1.0,1.0,-15.1545,3.0,6.22888,1.0,6.37086,0.184364,-10.0344,1.0,-10.2631,0.548437,0.314104,0.999328,0.0280432,0.282255,0.319733,0.325049,0.998656,1.0,1.0,0.639166,0.608161,0.639606,0.649862,0.328308,0.320084,0.323677,0.327176,0.467072,0.466306,0.484746,0.515301,0.295745,0.281573,0.287167,0.294636,-9999,-9999
200801,-0.817,1.0,135.237,60.093,0.995968,258.17,1.0,1.544,1.0,84.575,1.0,2.474,1.0,1.359,0.945565,0.195785503849,0.944220430108,-22.5511164207,0.997983870968,108.635833031,1.0,59.9661540432,0.996639784946,51.4360454032,1.0,291.28141129,1.0,402.742,1.0,-0.241,-0.158,1.339,1.0,1.0,1.0,55.39,20.827,1.0,1.0,-0.765177,3.0,2.15041,1.0,2.5693,0.307247,-20.3711,1.0,-24.3392,0.555878,0.581083,0.997312,0.0347079,0.553037,0.567032,0.590341,0.99664,0.997312,0.997312,0.771694,0.708983,0.773916,0.841137,0.215366,0.165183,0.215366,0.248014,0.620638,0.625445,0.661303,0.727619,0.199098,0.13492,0.161373,0.199098,-9999,-9999
200802,-0.38,1.0,200.016,146.362,1.0,221.156,1.0,2.392,1.0,84.928,1.0,0.71,1.0,1.524,0.984195,0.191963920499,0.980603448276,-28.565748319,1.0,270.534980366,1.0,95.5954122126,1.0,112.678720079,1.0,283.717653017,1.0,402.158,1.0,0.039,0.1,1.436,1.0,1.0,1.0,61.35,41.929,1.0,1.0,-0.703323,3.0,4.04963,0.999282,5.75088,0.298923,-23.6619,1.0,-33.6023,0.544497,0.98663,0.994971,0.0332973,0.954589,0.982979,0.989361,0.99569,0.994253,0.994971,1.05435,1.02416,1.03108,1.07199,0.0806631,0.0467473,0.0806631,0.0958965,1.20284,1.18119,1.21136,1.29733,0.233677,0.219682,0.233533,0.313909,-9999,-9999
200803,-0.161,1.0,292.865,171.493,0.994624,249.527,1.0,1.706,1.0,83.328,1.0,1.203,1.0,1.578,0.991263,0.245468904104,0.988575268817,4.16494399866,1.0,317.788301062,1.0,144.543011694,1.0,120.031463199,1.0,298.120523522,1.0,395.262,1.0,0.129,0.339,1.435,1.0,1.0,1.0,63.162,49.346,1.0,1.0,-0.154703,3.0,7.23931,1.0,10.2806,0.330019,-16.5804,0.999328,-23.5458,0.500484,0.627459,0.99664,0.0314831,0.629586,0.633258,0.667205,0.997312,0.997312,0.994624,0.835759,0.846119,0.85802,0.870761,0.216726,0.199566,0.213693,0.221332,0.612985,0.618163,0.646302,0.669228,0.122293,0.1131,0.118674,0.129618,-9999,-9999
200804,2.695,1.0,386.668,178.134,0.992361,278.681,1.0,1.482,1.0,83.763,1.0,5.173,1.0,1.432,0.963194,0.2399417402,0.961805555556,56.724638539,0.999305555556,336.404949306,0.998611111111,199.744921736,1.0,77.2764552083,1.0,323.679482639,1.0,399.001,0.998611,1.997,1.963,2.14,1.0,1.0,1.0,62.567,47.21,1.0,1.0,1.57738,3.0,13.5187,0.998611,17.5666,0.425026,-0.762723,0.998611,-0.991101,0.594595,0.808626,0.997222,0.0266487,0.79357,0.8009,0.806383,0.997222,0.997222,0.997222,1.34927,1.31376,1.33885,1.35823,0.549811,0.513472,0.540642,0.551373,1.40122,1.30492,1.3881,1.44816,0.609793,0.621053,0.640446,0.673974,-9999,-9999
200805,8.392,1.0,456.021,224.008,1.0,304.651,1.0,1.952,1.0,84.403,1.0,5.042,1.0,1.393,0.995968,0.212112667748,0.994623655914,123.120427688,0.997311827957,419.297739066,0.997311827957,239.389923185,1.0,40.0185681048,1.0,364.424709963,0.999327956989,397.623,1.0,10.579,9.969,7.462,1.0,1.0,1.0,58.142,42.045,1.0,1.0,9.23301,3.0,54.5418,1.0,70.873,0.571178,34.2593,1.0,44.5174,0.442181,-1.5725,0.99664,0.0738425,-1.68737,-1.65556,-1.6352,0.995968,0.99664,0.99664,4.72523,4.39233,4.43624,4.54122,6.26895,6.06421,6.11491,6.18439,4.6946,4.66651,4.72762,5.23445,6.41351,6.38726,6.42241,6.75127,-9999,-9999
200806,11.995,0.636111,485.906,237.746,0.6375,337.133,0.636111,2.061,0.636111,84.559,0.620139,4.243,0.620139,1.165,0.695139,0.217388298427,0.685416666667,132.308119787,0.618055555556,410.271796943,0.618055555556,255.274054493,0.620138888889,46.9700725869,0.620138888889,369.087319431,0.620138888889,392.999,0.699306,13.561,12.986,10.687,0.636111,0.636111,0.636111,57.521,49.753,0.636111,0.636111,9.16619,3.0,72.739,0.643056,101.296,0.617271,30.4014,0.643056,42.3367,0.31742,-4.56715,0.643056,0.0831727,-4.66641,-4.59729,-4.41591,0.642361,0.643056,0.643056,8.52635,8.50383,8.63616,8.80244,13.0795,13.0733,13.2377,13.3261,6.14321,5.94896,6.08755,6.54607,10.7694,10.6546,10.7727,11.1075,-9999,-9999
200807,13.585,0.338038,469.309,263.732,0.339382,331.575,0.0,3.516,0.337366,84.573,0.335349,2.472,0.335349,1.262,0.672715,0.2464797607,0.663306451613,-9999,-9999,-9999,-9999,-9999,-9999,-9999,-9999,-9999,-9999,390.451,0.643145,14.782,14.564,13.06,0.337366,0.337366,0.337366,49.536,55.179,0.338038,0.338038,4.80619,3.0,76.6418,0.667339,101.532,0.805546,28.8207,0.66129,38.1806,0.527793,-1.07715,0.579973,0.0866221,-1.14412,-1.0941,-1.05214,0.566532,0.586022,0.549731,7.73393,7.75156,7.77421,7.86377,8.87943,8.83486,8.87455,8.92188,7.43463,6.96931,7.16463,7.50261,7.95822,7.58876,7.70646,7.87172,-9999,-9999
200808,13.817,1.0,410.275,248.784,1.0,335.019,0.0,2.345,1.0,84.614,0.999328,2.349,1.0,1.292,0.995296,0.219233862755,0.995967741935,128.399615484,0.997983870968,468.445063435,0.995295698925,184.841313266,0.999327956989,48.7564749801,0.999327956989,-9999,-9999,394.327,1.0,16.602,16.255,14.383,1.0,1.0,1.0,41.87,54.051,1.0,1.0,2.71088,3.0,77.4144,1.0,97.3052,0.814084,23.3943,1.0,29.4051,0.455251,0.403296,1.0,0.076344,0.39711,0.468794,0.487835,1.0,1.0,1.0,7.93599,7.94443,7.98689,8.06796,7.56068,7.48827,7.56068,7.62253,7.82395,7.44274,7.81648,8.0702,7.39815,7.28897,7.39815,7.50474,-9999,-9999
200809,8.619,1.0,324.243,172.841,1.0,308.754,0.0,1.724,1.0,84.55,1.0,4.087,1.0,1.187,0.996528,0.219174267859,0.993055555556,79.7500282589,0.999305555556,323.924453778,1.0,145.022728465,0.965972222222,37.5310724653,1.0,-9999,-9999,390.159,1.0,12.386,12.568,12.858,1.0,1.0,1.0,42.667,55.694,1.0,1.0,-3.09641,3.0,50.6089,0.999306,64.5885,0.555805,14.5497,1.0,18.5687,0.416811,-0.758753,0.997222,0.064448,-0.777701,-0.755943,-0.711594,0.997917,0.997222,1.0,5.27291,5.26015,5.27386,5.42583,6.04562,6.03194,6.04727,6.15031,4.15235,4.0636,4.15528,4.31643,5.5291,5.53646,5.58622,5.66192,-9999,-9999
200810,6.68,1.0,229.754,127.867,0.997312,295.628,0.0,1.367,1.0,84.63,1.0,6.519,1.0,1.313,0.979839,0.207066789178,0.977150537634,43.4584091254,0.997983870968,241.341135867,1.0,68.3122928381,0.828629032258,32.1098288172,1.0,-9999,-9999,394.243,0.997984,8.146,8.417,9.459,1.0,1.0,1.0,42.231,56.363,1.0,1.0,-4.02505,3.0,25.3934,0.997984,35.1354,0.410463,9.45239,0.997984,13.0787,0.380796,0.181905,0.99328,0.0557483,0.185565,0.247622,0.293618,0.987903,0.991935,0.995968,3.23686,3.28665,3.34321,3.39948,3.01803,3.02331,3.04516,3.15437,2.85179,2.67815,2.86796,2.94217,3.2621,2.96507,3.02402,3.1906,-9999,-9999
200811,0.631,0.71875,152.64,65.074,0.724306,262.303,0.0,1.078,0.71875,84.159,0.659028,6.307,0.659028,1.449,0.966667,0.227569717576,0.963194444444,2.45911687125,0.579861111111,131.720020066,0.60625,57.5260943171,0.586111111111,31.3298212269,0.586111111111,-9999,-9999,391.121,0.879861,3.753,4.344,6.657,0.71875,0.71875,0.71875,45.739,59.609,0.71875,0.71875,-7.2988,3.0,9.30063,0.897917,12.8687,0.326642,-13.1078,0.9,-18.1364,0.561739,0.893182,0.819444,0.0357847,0.851412,0.872756,0.879505,0.845833,0.810417,0.817361,1.63138,1.51111,1.56251,1.58828,0.76737,0.655948,0.685316,0.708353,1.42791,1.22582,1.29017,1.42852,0.543847,0.551441,0.557485,0.571108,-9999,-9999
200812,-2.123,0.531586,117.82,46.495,0.536962,249.074,0.0584677,1.319,0.531586,84.154,0.495296,2.878,0.495296,1.491,0.679435,0.215476348985,0.649865591398,-9999,-9999,-9999,-9999,-9999,-9999,-9999,-9999,-9999,-9999,391.911,0.81586,1.587,1.995,3.846,0.531586,0.531586,0.531586,44.829,59.709,0.531586,0.531586,-5.37393,3.0,-2.12681,0.836694,-2.17529,0.261617,-31.0838,0.835349,-31.7923,0.600166,0.951384,0.685484,0.027633,0.96425,0.973282,0.980667,0.717742,0.676075,0.715054,0.683983,0.700962,0.769573,0.834328,-0.268307,-0.270445,-0.206444,-0.148718,1.33452,1.13395,1.30657,1.34625,0.164428,0.082774,0.143879,0.164151,-9999,-9999
200901,-3.683,0.925403,135.237,51.555,0.920027,257.622,0.925403,1.059,0.925403,83.763,0.90793,1.748,0.90793,1.487,0.928763,0.202751837667,0.912634408602,-11.6023517552,0.891801075269,87.1511479935,0.899865591398,46.5818400046,0.783602150538,38.5927267501,0.899865591398,284.580318158,0.899865591398,388.256,0.991935,1.236,1.553,3.009,0.925403,0.925403,0.925403,44.74,59.9,0.925403,0.925403,-3.97802,3.0,0.526112,0.995296,0.687864,0.260266,-18.5391,0.995296,-24.2389,0.443197,0.747998,0.948253,0.0404535,0.720018,0.724133,0.73772,0.958333,0.925403,0.955645,0.720286,0.691746,0.720286,0.734307,-0.0332743,-0.0345297,-0.0191598,0.00889213,0.913705,0.773185,0.897694,1.01561,0.10558,0.067889,0.120672,0.142612,-9999,-9999
200902,-3.343,0.543155,198.551,107.869,0.551339,234.367,0.543155,1.493,0.543155,83.684,0.127232,2.064,0.46131,1.774,0.921131,0.256316603246,0.908482142857,-9999,-9999,-9999,-9999,-9999,-9999,-9999,-9999,-9999,-9999,388.518,0.945685,0.969,1.24,2.506,0.542411,0.542411,0.542411,44.678,60.084,0.173363,0.173363,-3.38159,3.0,5.64737,0.949405,7.38364,0.231545,-30.2207,0.953125,-39.512,0.512205,0.881045,0.875744,0.0290697,0.878904,0.890567,0.914019,0.869792,0.868304,0.915179,1.70715,1.48207,1.71752,1.84497,0.821732,0.601274,0.809291,0.927627,0.905747,0.884162,0.930722,1.01461,0.00250641,0.0213855,0.0373531,0.0418797,-9999,-9999
200903,-0.084,0.651882,289.63,159.93,0.649194,248.007,0.651882,2.062,0.651882,83.8,0.563172,2.898,0.624328,1.821,0.951613,0.253017136437,0.947580645161,21.2332007348,0.60685483871,345.851595016,0.609543010753,-9999,-9999,101.663818146,0.609543010753,302.122323592,0.609543010753,389.186,0.929435,0.755,0.995,2.11,0.651882,0.651882,0.651882,44.901,60.303,0.570565,0.570565,-2.76681,3.0,16.8646,0.942204,23.9494,0.455724,-30.2905,0.94422,-43.0156,0.608552,0.918285,0.839382,0.020757,0.905981,0.915166,0.919241,0.84207,0.839382,0.829301,0.90523,0.867795,0.886126,0.898811,-0.0160665,-0.0459273,-0.0275438,-0.017971,1.23256,1.03106,1.09037,1.16975,0.0350616,0.0152606,0.0399231,0.097344,-9999,-9999
200904,4.308,1.0,383.873,155.776,1.0,289.797,1.0,1.695,1.0,84.225,0.802778,5.42,0.999306,1.645,0.989583,0.193151388019,0.986805555556,52.9507068006,0.999305555556,325.781248363,0.997222222222,-9999,-9999,73.0927920822,0.999305555556,319.685945804,0.999305555556,391.686,1.0,0.523,0.7,1.803,1.0,1.0,1.0,51.897,63.03,1.0,1.0,-2.22658,3.0,1.41664,0.999306,2.21154,0.325905,-21.29,0.999306,-33.2364,0.424636,0.72831,0.997222,0.0227159,0.703515,0.708318,0.715134,0.995833,0.995833,0.997222,0.987305,0.875127,0.93513,0.964102,0.269892,0.171228,0.235717,0.256271,0.963445,0.878616,0.952379,0.965976,0.172436,0.163034,0.195289,0.204851,-9999,-9999
200905,10.516,1.0,454.31,259.676,1.0,295.216,1.0,3.903,1.0,84.754,1.0,0.99,1.0,1.417,0.989247,0.212298594205,0.985215053763,126.340615161,0.999327956989,542.898558634,0.999327956989,-9999,-9999,54.5165784489,1.0,373.718840054,1.0,395.395,1.0,9.272,8.561,5.802,1.0,1.0,1.0,43.37,57.886,1.0,1.0,11.2668,3.0,62.8081,1.0,98.0513,0.765569,11.2098,1.0,17.4999,0.708764,-0.17958,0.997312,0.0625619,-0.227714,-0.186814,-0.158285,0.997984,0.992608,1.0,4.71099,4.61509,4.63879,4.6817,4.84419,4.80742,4.84232,4.86975,4.52781,4.14725,4.19285,4.26253,4.59891,4.58672,4.62686,4.67352,-9999,-9999
200906,11.863,1.0,485.657,253.392,1.0,319.781,1.0,3.086,1.0,84.419,0.844444,1.837,1.0,1.405,0.995139,0.258059884951,0.991666666667,137.319934285,0.999305555556,529.060653361,1.0,183.724814138,0.998611111111,56.5558798497,1.0,379.157230999,0.999305555556,389.118,1.0,14.216,13.511,10.587,1.0,1.0,1.0,30.566,47.801,1.0,1.0,7.85746,3.0,96.1424,1.0,103.467,0.644403,24.381,1.0,26.2384,0.437806,-5.11927,1.0,0.0808975,-5.11755,-5.07368,-4.98273,0.999306,1.0,1.0,7.54859,7.56067,7.70902,7.90843,12.7677,12.671,12.7827,12.9155,6.66047,6.57252,6.65651,6.71339,12.1346,12.0097,12.0575,12.093,-9999,-9999
200907,14.007,0.939516,470.56,243.497,0.941532,332.935,0.939516,2.802,0.939516,84.728,0.926747,3.308,0.926747,1.248,0.754704,0.202925340847,0.733198924731,123.604740265,0.996639784946,526.130204185,0.922043010753,185.746049566,0.886424731183,53.0842293558,0.922715053763,394.629368464,0.922715053763,390.924,0.934812,16.238,15.636,12.887,0.939516,0.939516,0.939516,43.085,51.624,0.939516,0.939516,6.66202,3.0,89.5725,0.934812,99.1934,0.643708,26.8397,0.934812,29.7225,0.445329,0.28248,0.920699,0.0802598,0.28248,0.293322,0.322694,0.920699,0.922043,0.918683,10.0664,10.0117,10.0874,10.3946,9.75264,9.73272,9.78394,10.0719,7.25305,6.30923,6.9852,7.1583,7.45122,7.33944,7.66857,7.79275,-9999,-9999
200908,15.076,1.0,412.716,223.177,1.0,334.519,1.0,3.04,1.0,84.911,1.0,2.326,1.0,1.2,0.995296,0.186970325259,0.994623655914,112.937732976,0.995967741935,467.256726398,0.997983870968,169.06783634,0.762096774194,45.9041180485,1.0,396.990853495,1.0,395.138,0.998656,17.067,16.644,14.51,1.0,1.0,1.0,40.509,51.564,1.0,1.0,4.3323,3.0,85.0031,0.999328,88.1343,0.645341,21.743,0.999328,22.5439,0.372478,-0.0547729,0.99328,0.0788028,-0.112508,-0.0731743,-0.0278813,0.99328,0.994624,0.991935,8.80103,8.53637,8.60126,8.89086,8.67522,8.63511,8.70562,8.91962,7.73432,7.48508,7.67867,7.82721,7.98812,8.0265,8.12765,8.23294,-9999,-9999
200909,10.694,1.0,327.323,157.712,1.0,317.086,1.0,1.98,1.0,84.863,1.0,2.98,1.0,1.149,0.9625,0.167027736857,0.951388888889,70.0451696029,0.997916666667,325.222077785,0.996527777778,-9999,-9999,34.042759282,1.0,370.085547222,1.0,393.701,0.984722,12.951,13.027,12.961,1.0,1.0,1.0,42.204,52.145,1.0,1.0,-1.06714,3.0,54.0686,0.993056,55.9259,0.556634,14.9471,0.993056,15.4606,0.355286,-0.648911,0.981944,0.0697195,-0.648911,-0.632871,-0.559083,0.981944,0.98125,0.984722,5.93361,5.89581,5.93957,6.03706,6.59297,6.53669,6.57214,6.59297,5.17222,4.82571,4.93924,5.15975,6.00702,5.92355,6.01982,6.12846,-9999,-9999
200910,5.483,1.0,232.728,122.811,1.0,279.869,1.0,1.988,1.0,84.398,1.0,1.984,1.0,1.178,0.795699,0.219546512351,0.786962365591,33.1477099939,1.0,250.566286747,1.0,84.4311285608,0.914650537634,27.3734934387,1.0,342.178790995,1.0,393.045,0.994624,7.964,8.372,9.81,1.0,1.0,1.0,47.375,56.56,1.0,1.0,-6.89143,3.0,29.1422,0.994624,28.4723,0.436529,11.7242,0.994624,11.4547,0.421647,0.618213,0.969758,0.0387479,0.594229,0.606813,0.626674,0.849462,0.975806,0.97043,3.66209,3.62837,3.64564,3.67333,3.05112,3.02486,3.04033,3.05144,2.17479,2.11366,2.21721,2.39102,2.55537,2.39982,2.46066,2.54629,-9999,-9999
200911,0.713,0.545139,154.605,64.46,0.998611,280.704,0.545139,0.986,0.545139,84.073,0.999306,4.1,1.0,1.423,0.953472,0.206715948613,0.947916666667,-9999,-9999,127.706105965,1.0,40.3108817639,1.0,-9999,-9999,-9999,-9999,396.346,1.0,2.814,3.37,5.622,1.0,1.0,1.0,49.823,58.757,1.0,1.0,-7.35279,3.0,1.75597,1.0,1.71561,0.418545,-16.823,1.0,-16.4363,0.451568,1.36201,0.996528,0.0437906,1.34284,1.36201,1.37553,0.996528,0.996528,0.998611,1.55032,1.5413,1.55046,1.56511,0.186364,0.170184,0.186364,0.211235,1.68301,1.63466,1.69567,1.77069,0.416206,0.416206,0.442282,0.480885,-9999,-9999
200912,-3.563,0.0,118.142,45.844,1.0,243.959,0.0,1.245,0.0,83.348,1.0,4.571,1.0,1.455,0.928763,0.231171332253,0.921370967742,-9999,-9999,93.983089254,1.0,8.01593782129,0.997983870968,-9999,-9999,-9999,-9999,397.982,1.0,1.672,2.102,3.935,1.0,1.0,1.0,53.239,59.602,1.0,1.0,-5.12769,3.0,1.72291,1.0,1.8042,-9999,-25.97,1.0,-27.1954,-9999,0.915588,1.0,-9999,0.892294,0.921455,0.937795,1.0,1.0,1.0,0.972942,0.975326,0.980347,0.985134,0.0538712,0.0375776,0.0462414,0.0815706,1.22557,1.14834,1.19843,1.24976,0.157433,0.145904,0.157433,0.178127,-9999,-9999
201001,-4.146,0.0,135.237,61.671,0.000672043,234.409,0.0,1.331,0.0,83.522,0.999328,0.677,1.0,1.262,0.960349,0.177896071959,0.956317204301,-9999,-9999,-9999,-9999,-9999,-9999,-9999,-9999,-9999,-9999,402.941,0.903226,0.93,1.268,2.798,1.0,1.0,1.0,50.038,58.741,1.0,1.0,-3.03593,3.0,2.47891,0.911962,2.77982,-9999,-16.8687,0.917339,-18.9163,-9999,0.525965,0.476478,-9999,0.493258,0.524906,0.54497,0.449597,0.477823,0.610887,0.967439,0.688818,0.782926,0.944699,0.452927,0.172321,0.229905,0.411108,1.01778,0.687055,0.840546,0.960948,0.185317,0.191287,0.203014,0.252151,-9999,-9999
201002,-2.918,0.447917,198.551,88.664,0.449405,258.315,0.447917,1.187,0.447917,83.106,0.998512,0.757,1.0,1.379,0.963542,0.18208161339,0.947916666667,-9999,-9999,-9999,-9999,-9999,-9999,-9999,-9999,-9999,-9999,396.853,0.946429,0.709,0.99,2.288,1.0,1.0,1.0,49.078,57.904,1.0,1.0,-2.23157,3.0,1.30438,0.960565,1.56835,0.307845,-15.3959,0.960565,-18.5116,0.393751,0.486431,0.734375,0.0291658,0.448412,0.486431,0.530764,0.696429,0.734375,0.769345,0.904953,0.712527,0.752339,0.879678,0.422208,0.222712,0.262893,0.418931,0.923815,0.64921,0.772766,0.883038,0.19185,0.196843,0.220219,0.250975,-9999,-9999
201003,-1.187,1.0,289.63,161.612,1.0,255.205,1.0,1.545,1.0,84.112,1.0,1.848,1.0,1.4,0.969758,0.180843488866,0.952284946237,9.12779973736,0.997311827957,-9999,-9999,-9999,-9999,114.366269597,1.0,294.596298387,1.0,399.079,1.0,0.838,1.064,2.139,1.0,1.0,1.0,53.825,59.805,1.0,1.0,-2.0983,3.0,3.48139,1.0,4.65675,0.286975,-16.478,1.0,-22.0411,0.389166,0.805135,0.99328,0.0284754,0.80132,0.813146,0.825165,0.985215,0.997984,0.997984,1.01819,1.00418,1.02637,1.04032,0.204641,0.199791,0.208635,0.214987,0.764763,0.70496,0.748004,0.908391,0.0993294,0.0940019,0.117367,0.134855,-9999,-9999
201004,3.572,1.0,383.873,229.333,0.997222,270.136,1.0,2.348,1.0,84.39,1.0,0.997,1.0,1.439,0.974306,0.177215635346,0.972222222222,53.3352254473,0.988194444444,-9999,-9999,-9999,-9999,119.224713424,1.0,324.27675,1.0,396.82,0.999306,2.47,2.355,2.337,1.0,1.0,1.0,58.961,60.174,1.0,1.0,3.69047,3.0,13.0043,0.999306,14.8458,0.467971,-5.31557,0.999306,-6.06832,0.625572,0.78219,0.989583,0.0236464,0.763433,0.787664,0.828958,0.985417,0.989583,0.993056,1.33941,1.28154,1.36039,1.42939,0.571686,0.518111,0.566364,0.594586,1.46026,1.4484,1.5326,1.61033,0.62699,0.585624,0.62699,0.670716,-9999,-9999
201005,6.947,1.0,454.31,220.134,1.0,300.174,0.998656,2.587,1.0,84.045,0.999328,4.265,1.0,1.543,0.994624,0.264475352422,0.990591397849,117.983424264,0.995295698925,-9999,-9999,-9999,-9999,41.5713312097,1.0,358.482138441,1.0,388.045,0.999328,9.398,8.912,6.891,1.0,1.0,1.0,50.427,56.916,1.0,1.0,7.15542,3.0,70.641,0.998656,80.6446,0.587319,28.7175,0.999328,32.7842,0.475007,-2.03778,0.997984,0.0527582,-2.07953,-2.03655,-2.00796,0.997984,0.997984,0.998656,3.69404,3.60909,3.69754,3.71591,5.73727,5.69389,5.72024,5.73764,3.98451,3.82785,3.9138,3.97362,5.80992,5.73833,5.80525,5.83985,-9999,-9999
201006,11.726,1.0,485.657,245.274,1.0,326.238,1.0,3.218,1.0,84.407,1.0,4.37,1.0,1.347,0.993056,0.238775903407,0.990972222222,139.728924093,0.998611111111,519.781787783,0.997916666667,95.5981351684,0.848611111111,52.4594449028,1.0,379.254725694,1.0,384.871,1.0,13.61,12.969,10.358,1.0,1.0,1.0,37.7,51.463,1.0,1.0,7.77051,3.0,91.7942,1.0,103.849,0.687154,25.1712,1.0,28.4769,0.417062,-4.12538,0.999306,0.0737872,-4.17406,-4.09701,-4.07614,0.997222,0.999306,0.995139,6.56529,6.28132,6.65967,6.75968,10.8304,10.4576,10.7545,10.8448,6.08792,6.09403,6.14289,6.26188,10.8792,10.7177,10.7447,10.8123,-9999,-9999
201007,15.086,0.988575,470.56,282.214,0.989919,331.423,0.988575,4.408,0.988575,84.796,0.976478,2.044,0.976478,1.274,0.851478,0.202214651186,0.620295698925,160.1323803,0.976478494624,618.375282462,0.974462365591,168.276759412,0.891801075269,58.9081512272,0.976478494624,399.093662878,0.976478494624,387.561,0.986559,17.021,16.445,13.687,0.988575,0.988575,0.988575,35.15,49.434,0.975806,0.988575,6.03128,3.0,106.057,0.980511,117.746,0.646379,29.489,0.977823,32.7393,0.38368,-0.485076,0.954301,0.079671,-0.528306,-0.504979,-0.481981,0.959677,0.959677,0.956989,9.39803,9.20567,9.54024,9.71792,9.96573,9.7291,9.99898,10.2247,7.30214,7.26094,7.40658,7.779,8.92354,8.66481,8.73272,8.89165,-9999,-9999
201008,12.462,0.912634,412.716,212.655,0.914651,329.567,0.912634,2.467,0.912634,84.567,0.891801,4.502,0.891801,1.267,0.99328,0.200694475417,0.736559139785,114.161384785,0.890456989247,453.104082137,0.889112903226,152.00836996,0.817204301075,42.4890237317,0.891801075269,383.712132788,0.891801075269,383.837,0.992608,15.066,14.857,13.576,0.912634,0.912634,0.912634,36.44,52.473,0.912634,0.912634,1.5215,3.0,76.1895,0.985887,87.6087,0.669126,23.2073,0.989247,26.6856,0.367867,0.0300598,0.944892,0.0787154,-0.0877522,0.0218918,0.0783159,0.934812,0.944892,0.948925,7.58612,7.42962,7.61106,7.96053,7.58917,7.49401,7.72243,7.90139,7.56967,7.18383,7.56967,7.78071,7.76885,7.70489,7.8316,7.90007,-9999,-9999
201009,8.654,1.0,327.323,171.171,1.0,308.413,1.0,2.154,1.0,84.432,1.0,5.27,1.0,1.228,0.995833,0.20405276571,0.6875,79.7100391024,0.996527777778,366.431188834,0.998611111111,79.1499192864,0.934027777778,35.8987764861,1.0,362.419545139,1.0,390.217,1.0,11.863,12.0,12.235,1.0,1.0,1.0,38.875,55.501,1.0,1.0,-2.25721,3.0,54.8976,0.998611,59.7674,0.561948,21.9582,0.998611,23.906,0.404311,-0.400917,0.986806,0.057591,-0.422574,-0.400056,-0.281326,0.991667,0.989583,0.991667,4.95979,4.77867,4.97141,5.1504,5.38493,5.27873,5.3834,5.43035,5.18674,5.18481,5.42752,5.58935,6.04535,5.77684,5.90622,5.9696,-9999,-9999
201010,3.879,1.0,232.728,106.388,0.995968,287.927,1.0,1.352,1.0,84.263,1.0,5.965,1.0,1.282,0.965726,0.166252659152,0.683467741935,20.8051996505,1.0,231.281188976,0.999327956989,104.278246281,0.849462365591,43.5022515323,1.0,329.816014785,1.0,411.355,0.995296,6.716,7.191,8.892,1.0,1.0,1.0,45.172,58.074,1.0,1.0,-6.41699,3.0,14.6532,0.997312,23.7906,0.331979,2.37305,0.994624,3.85282,0.431082,0.757638,0.979839,0.0399565,0.656924,0.721883,0.766063,0.968414,0.991935,0.992608,2.95659,2.81451,2.89266,2.9582,2.29002,2.1336,2.15689,2.21018,2.54667,1.89825,2.20362,2.53043,1.67811,1.60202,1.74891,1.88958,-9999,-9999
201011,0.352,1.0,154.605,59.353,0.992361,287.591,1.0,0.661,1.0,83.529,1.0,7.487,1.0,1.302,0.888194,0.187625522715,0.522916666667,-1.05003764519,0.988888888889,136.892917243,0.999305555556,77.7321397308,0.859027777778,37.4036311111,1.0,311.645452083,1.0,416.248,0.996528,3.751,4.137,5.748,1.0,1.0,1.0,50.284,60.272,1.0,1.0,-5.74158,3.0,0.899757,0.99375,1.16203,0.269827,-8.79759,0.994444,-11.362,0.378009,1.07325,0.970139,0.036016,1.06488,1.08418,1.09732,0.970139,0.971528,0.944444,1.2958,1.27383,1.29882,1.31364,0.228008,0.207733,0.222546,0.228658,1.69194,1.48698,1.68496,1.99501,0.394246,0.355237,0.431364,0.552253,-9999,-9999
201012,-4.819,1.0,118.142,48.566,1.0,252.433,1.0,0.864,1.0,83.516,1.0,3.4,1.0,1.494,0.793683,-9999,-9999,-21.4497630885,0.998655913978,117.474581788,1.0,82.5738223869,0.689516129032,43.3105734409,1.0,279.20200336,1.0,421.088,0.975806,1.598,1.957,3.566,1.0,1.0,1.0,48.098,60.345,1.0,1.0,-4.50726,3.0,-0.498513,0.965726,-0.478282,0.161081,-16.8843,0.972446,-16.199,0.34758,0.972063,0.830645,0.025322,0.927168,0.969379,0.982464,0.823925,0.830645,0.829973,1.0899,0.882759,1.06947,1.09421,0.123741,-0.0405106,0.0896785,0.117834,2.25847,1.3928,2.24403,2.81416,0.252404,0.210143,0.250242,0.3657,-9999,-9999
201101,-2.93,1.0,135.237,72.162,1.0,243.38,1.0,1.554,1.0,84.241,0.998656,0.448,0.998656,1.352,0.923387,0.155299888363,0.503360215054,-23.5165043145,0.992607526882,132.508554764,0.998655913978,-9999,-9999,56.5140815638,0.998655913978,283.36022081,0.998655913978,417.989,1.0,1.037,1.332,2.647,1.0,1.0,1.0,45.245,60.184,1.0,1.0,-3.13035,3.0,0.593917,0.995968,0.674067,0.167456,-19.0067,0.997984,-21.5717,0.366842,0.949471,0.982527,0.0258561,0.92694,0.948441,0.95436,0.96371,0.969086,0.969086,1.07696,1.05961,1.07696,1.08126,0.127731,0.120465,0.1289,0.139504,1.16849,1.02664,1.22285,1.29799,0.258419,0.162444,0.254279,0.281689,-9999,-9999
201102,-0.487,1.0,198.551,116.474,0.995536,244.006,1.0,2.531,1.0,84.158,1.0,1.675,1.0,1.378,0.899554,-9999,-9999,-18.3905786772,0.998511904762,211.767882708,1.0,102.418375434,0.857142857143,86.090863631,1.0,293.078789435,1.0,416.492,0.994048,0.612,0.87,2.049,1.0,1.0,1.0,41.657,58.956,1.0,1.0,-2.43274,3.0,6.11677,0.99256,7.76704,0.209794,-18.7315,0.991071,-23.7852,0.428193,0.620134,0.97247,0.0252842,0.610915,0.617905,0.678261,0.977679,0.97247,0.935268,0.707673,0.705963,0.719926,0.763226,0.0905843,0.0802567,0.0934659,0.112665,1.7838,1.11525,1.22108,1.30874,0.355623,0.300365,0.335545,0.377515,-9999,-9999
201103,0.811,1.0,289.63,171.391,1.0,260.056,1.0,1.889,1.0,84.55,0.999328,1.365,0.999328,1.35,0.909274,0.154584737813,0.555779569892,13.3691947675,0.999327956989,322.639168869,0.997983870968,152.734398177,0.999327956989,113.640514923,0.999327956989,304.643386182,0.999327956989,416.439,0.997984,0.847,1.034,1.954,1.0,1.0,1.0,47.414,60.408,1.0,1.0,-1.8409,3.0,4.17445,0.994624,5.58379,0.243178,-14.4646,0.994624,-19.348,0.363467,0.819609,0.950269,0.026354,0.81948,0.825479,0.862907,0.961694,0.955645,0.950269,1.14742,1.15827,1.18288,1.23521,0.337654,0.337654,0.360043,0.38855,0.980916,0.772679,0.82677,0.924464,0.165167,0.161783,0.194763,0.231789,-9999,-9999
201104,6.076,1.0,383.873,226.717,1.0,278.222,1.0,3.557,1.0,84.479,1.0,1.037,1.0,1.367,0.945833,0.19390480009,0.646527777778,93.5758449514,1.0,441.375643021,1.0,201.953665694,1.0,59.6563470208,1.0,351.910376315,0.999305555556,406.916,1.0,5.826,5.463,4.295,1.0,1.0,1.0,43.532,59.411,1.0,1.0,5.05555,3.0,33.5073,1.0,47.092,0.530183,29.4774,1.0,41.4283,0.847314,0.132388,0.989583,0.0317591,0.131466,0.141477,0.178858,0.986111,0.986806,0.990278,1.86067,1.86397,1.88205,1.93991,1.74489,1.73517,1.74124,1.76172,1.30925,1.07846,1.30925,1.51443,1.79108,1.47383,1.63376,1.80397,-9999,-9999
201105,9.074,1.0,454.31,270.51,1.0,295.119,1.0,3.373,1.0,84.694,1.0,3.335,1.0,1.344,0.991935,0.220773701368,0.751344086022,142.254768443,0.998655913978,519.243506165,0.995295698925,218.76145,1.0,54.7147413172,1.0,368.661346774,1.0,401.616,0.995968,10.86,10.324,8.278,1.0,1.0,1.0,37.741,56.292,1.0,1.0,9.15836,3.0,82.6215,0.977823,91.2069,0.980074,36.9818,0.980511,40.8247,0.647526,-4.69777,0.960349,0.0673667,-4.73994,-4.69268,-4.47162,0.959677,0.960349,0.967742,3.44341,3.44341,3.57963,3.991,8.16103,8.18765,8.2523,8.46277,1.41441,1.41441,1.53952,1.97255,7.15511,7.07646,7.1546,7.45573,-9999,-9999
201106,11.589,1.0,485.657,223.912,1.0,337.217,1.0,2.044,1.0,84.64,1.0,5.723,1.0,1.137,0.993056,0.196458296496,0.8375,132.304513542,1.0,442.448695951,1.0,229.362424028,1.0,48.2926862222,1.0,380.521067361,1.0,395.492,1.0,14.023,13.567,11.275,1.0,1.0,1.0,43.056,58.967,0.65625,1.0,5.93943,3.0,81.7067,0.996528,95.0568,0.976811,26.826,0.997222,31.2091,0.549427,-3.84734,0.983333,0.0917788,-3.90254,-3.88758,-3.84829,0.98125,0.983333,0.983333,8.00836,7.91618,7.97022,8.03674,11.8287,11.812,11.8506,11.9286,2.71946,2.78649,2.92043,3.17922,8.4673,8.37014,8.46297,8.52524,-9999,-9999
201107,12.255,1.0,470.56,255.729,1.0,325.578,1.0,3.031,1.0,84.344,1.0,2.694,1.0,1.232,0.886425,0.20790978477,0.656586021505,144.052264473,0.999327956989,546.066630234,0.995295698925,229.212016935,1.0,54.5956016465,1.0,382.657141129,1.0,376.901,1.0,15.468,15.166,13.451,1.0,1.0,1.0,34.594,53.291,1.0,1.0,2.49361,3.0,90.611,0.997984,106.624,0.8984,29.7343,0.997984,34.9889,0.481812,-2.29349,0.989247,0.0838278,-2.31801,-2.29723,-2.26685,0.989247,0.993952,0.986559,8.44414,8.40964,8.49764,8.63814,10.7494,10.7277,10.8107,10.9095,5.86489,5.64966,5.82056,5.97063,9.15966,9.11835,9.16196,9.22202,-9999,-9999
201108,14.858,1.0,412.716,247.991,1.0,325.652,1.0,4.14,1.0,84.771,0.998656,2.006,1.0,1.222,0.969758,0.18816318199,0.665322580645,128.137524184,0.998655913978,544.130946376,0.996639784946,185.42704962,0.999327956989,49.24560062,0.999327956989,396.415521834,0.999327956989,379.087,0.99664,16.677,16.318,14.342,1.0,1.0,1.0,40.359,47.295,0.999328,0.999328,5.4562,3.0,93.0783,0.993952,96.0627,0.701686,25.0492,0.993952,25.8523,0.379864,0.773027,0.969086,0.072467,0.687236,0.773027,0.820724,0.969086,0.969086,0.975134,9.46071,9.03491,9.46071,9.50171,8.73841,8.37816,8.65882,8.68922,7.90246,7.86476,7.96737,8.13008,7.55993,7.43799,7.4603,7.55993,-9999,-9999
201109,12.043,1.0,327.323,186.344,1.0,318.923,1.0,2.046,1.0,84.838,1.0,2.603,1.0,1.263,0.977778,0.15866463103,0.75,84.2083138469,0.99375,406.485979507,0.997222222222,148.150752632,1.0,40.2816598472,1.0,378.279442361,1.0,402.778,0.999306,14.249,14.188,13.634,1.0,1.0,1.0,38.377,45.902,1.0,1.0,1.61363,3.0,54.0572,0.997917,65.8613,0.568218,15.6379,0.997222,19.0527,0.346385,0.491275,0.982639,0.0653754,0.389085,0.431991,0.492151,0.970833,0.988889,0.984028,7.41395,7.26859,7.41395,7.49606,6.9218,6.88972,6.92267,7.00223,6.35606,6.26216,6.43631,6.73132,6.93849,6.68096,6.80502,6.93849,-9999,-9999
201110,5.504,0.587366,232.728,140.774,0.589382,276.955,0.587366,2.508,0.587366,84.803,0.56586,2.15,0.566532,1.17,0.991935,0.158775919663,0.764112903226,63.5774413915,0.565188172043,376.774311716,0.566532258065,92.3202417567,0.566532258065,40.141196749,0.566532258065,351.308524434,0.566532258065,410.532,0.892473,8.942,9.286,10.472,0.587366,0.587366,0.587366,38.767,46.888,0.587366,0.587366,-6.31854,3.0,31.8671,0.858199,37.6497,0.365466,14.6005,0.873656,17.2498,0.354247,0.0982309,0.688844,0.0436656,0.00614542,0.0652222,0.0870448,0.667339,0.727151,0.710349,3.63128,3.5969,3.63128,3.70537,3.53719,3.53305,3.58512,3.63799,3.01184,2.45245,3.16497,3.73435,3.47835,2.98757,3.23882,3.43119,-9999,-9999
201111,2.658,1.0,154.605,86.083,1.0,255.893,1.0,2.316,1.0,84.867,1.0,2.657,1.0,1.328,0.952083,0.150438489429,0.692361111111,0.77294550363,0.997916666667,184.618842334,0.998611111111,59.8687059722,1.0,22.7743793333,1.0,318.048508333,1.0,411.892,1.0,3.499,4.024,6.322,1.0,1.0,1.0,43.504,49.44,1.0,1.0,-7.17917,3.0,10.7119,1.0,11.8641,0.219655,4.19913,1.0,4.65081,0.305479,0.916885,0.966667,0.0298377,0.820811,0.840366,0.885068,0.984028,0.986806,0.889583,1.97873,1.84564,1.89034,1.96295,1.01276,1.00149,1.03211,1.12175,1.7613,1.5808,1.64474,1.69141,0.962067,0.945122,0.964251,0.993713,-9999,-9999
201112,-1.039,1.0,118.142,56.294,0.998656,250.543,1.0,1.611,1.0,84.194,1.0,0.558,1.0,1.326,0.889785,-9999,-9999,-23.3957516437,0.997311827957,131.150300681,0.999327956989,66.7369965054,1.0,36.0845296505,1.0,293.758914651,1.0,408.985,1.0,0.636,1.107,3.314,1.0,1.0,1.0,39.896,47.424,1.0,1.0,-3.44091,3.0,1.08783,0.999328,1.12446,0.205584,-20.1092,0.999328,-20.7862,0.472148,0.783706,0.987231,0.0268908,0.767609,0.77875,0.78471,0.986559,0.986559,0.987231,1.15062,1.14624,1.14907,1.15523,0.366864,0.366916,0.373707,0.379531,1.62753,1.44148,1.66851,1.87253,0.565979,0.486003,0.521257,0.559383,-9999,-9999
201201,-2.86,1.0,135.237,84.407,0.998656,223.115,1.0,2.126,1.0,84.452,1.0,0.481,1.0,1.418,0.808468,-9999,-9999,-38.1091196485,0.997311827957,184.040113239,1.0,71.9563674059,1.0,68.9574484476,1.0,276.781826613,1.0,409.55,0.998656,0.082,0.477,2.281,1.0,1.0,1.0,46.106,38.271,1.0,1.0,-1.9405,3.0,2.18633,0.987231,3.33363,0.178861,-25.7797,0.986559,-39.3079,0.481365,0.876648,0.964382,0.0202483,0.867818,0.876407,0.881835,0.967742,0.964382,0.964382,1.02028,1.01072,1.02363,1.05553,0.135394,0.143631,0.153858,0.177236,1.06356,1.00549,1.05264,1.10164,0.232802,0.232802,0.249367,0.265697,-9999,-9999
201202,-4.264,1.0,200.016,118.873,1.0,228.118,1.0,2.34,1.0,84.337,1.0,0.145,1.0,1.483,0.855603,-9999,-9999,-24.3048450528,0.998563218391,259.423885991,1.0,102.74343477,1.0,95.4319559842,1.0,275.960849856,1.0,410.416,0.999282,0.033,0.285,1.774,1.0,1.0,1.0,45.539,37.499,1.0,1.0,-1.36384,3.0,4.74585,0.987787,5.99061,0.171896,-22.704,0.987787,-28.6589,0.470218,0.8172,0.952586,0.0286202,0.81148,0.822108,0.839298,0.951868,0.943966,0.936063,1.17569,1.1522,1.16673,1.18379,0.363041,0.329851,0.338315,0.347966,0.916654,0.886175,0.907646,0.923327,0.274515,0.277271,0.283758,0.295571,-9999,-9999
201203,4.281,1.0,292.865,183.149,0.998656,256.109,1.0,3.9,1.0,85.083,1.0,0.613,1.0,1.26,0.856855,0.21303943229,0.513440860215,51.3579229167,0.997311827957,393.230996375,0.999327956989,122.90476922,1.0,53.9157576546,1.0,332.917665323,1.0,410.96,1.0,2.631,2.498,2.41,1.0,1.0,1.0,49.607,43.387,1.0,1.0,3.35465,3.0,19.9275,0.99664,30.1273,0.261797,12.3972,0.995968,18.7426,0.49648,0.957531,0.97043,0.0295502,0.931418,0.959494,0.964335,0.969086,0.97043,0.97379,1.82553,1.78687,1.83335,1.85589,0.868958,0.862317,0.873751,0.892211,1.822,1.67047,1.81004,1.90337,1.01783,0.940792,0.992228,1.01913,-9999,-9999
201204,2.665,1.0,386.668,173.33,0.996528,293.618,1.0,1.3,1.0,83.666,1.0,5.063,1.0,1.389,0.925694,0.196938826729,0.681944444444,54.8055964881,0.996527777778,371.872887981,0.995833333333,206.376702292,1.0,84.7223347292,1.0,327.893660417,1.0,407.104,0.990278,3.809,3.829,4.134,1.0,1.0,1.0,50.144,43.999,1.0,1.0,-0.243409,3.0,15.2084,0.985417,20.7144,0.373835,29.5205,0.725694,40.208,0.415328,0.480631,0.945139,0.0300909,0.448409,0.47366,0.499071,0.9375,0.945139,0.951389,1.7975,1.71976,1.77388,1.79799,1.3196,1.22613,1.31687,1.34419,1.98391,2.11221,2.24373,2.52843,1.75711,1.45937,1.61177,1.7794,-9999,-9999
201205,8.138,1.0,456.021,254.031,1.0,298.601,1.0,2.832,1.0,84.461,1.0,2.429,1.0,1.416,0.975134,0.207345833279,0.662634408602,134.546673672,0.997311827957,542.424910893,0.997983870968,217.543666667,1.0,54.3215276949,1.0,362.914843414,1.0,402.623,1.0,10.288,9.789,7.589,1.0,1.0,1.0,48.218,41.662,1.0,1.0,7.22093,3.0,66.4493,0.994624,85.0311,0.611993,34.1815,0.995296,43.74,0.441673,-2.15328,0.975806,0.0606247,-2.15808,-2.14842,-2.13306,0.979839,0.979839,0.977151,5.07133,5.05641,5.07281,5.12988,7.23104,7.21046,7.23104,7.28736,4.79523,4.64923,4.77303,4.80954,6.99295,7.04529,7.11766,7.13392,-9999,-9999
201206,13.044,0.911111,485.906,253.435,0.9125,328.276,0.911111,2.621,0.911111,84.578,1.0,2.691,0.897917,1.253,0.752083,0.205091699979,0.550694444444,140.025737255,0.893055555556,536.817463148,0.891666666667,239.475402977,0.893055555556,54.6088208609,0.893055555556,382.681604167,0.893055555556,400.535,0.909028,14.421,13.917,11.337,0.911111,0.911111,0.911111,46.156,39.157,0.911111,0.911111,7.86159,3.0,83.3672,0.899306,103.138,0.632864,27.8381,0.9,34.4399,0.372812,-3.31607,0.849306,0.0808219,-3.3229,-3.28772,-3.26166,0.868056,0.849306,0.849306,9.29064,9.30134,9.47056,9.63227,12.5898,12.6059,12.7305,12.9787,7.72688,8.71218,9.04708,9.12713,12.764,12.3576,12.6649,12.7042,-9999,-9999
201207,14.453,1.0,469.309,260.362,1.0,328.786,1.0,4.117,1.0,84.679,1.0,2.868,1.0,1.256,0.991263,0.211869648951,0.762768817204,143.229278055,0.999327956989,562.832345106,0.999327956989,224.863596808,1.0,54.5423600202,1.0,390.95728629,1.0,398.116,0.997984,16.299,15.91,13.75,1.0,1.0,1.0,43.328,34.725,1.0,1.0,5.68284,3.0,87.2338,0.997984,103.465,0.593791,28.765,0.997984,34.1171,0.412879,0.0316901,0.982527,0.0925425,-0.0305064,0.0114225,0.0328912,0.968414,0.987231,0.982527,9.45454,9.18453,9.32115,9.4361,9.37643,9.22824,9.30509,9.3974,8.37601,8.37594,8.39441,8.53039,8.86143,8.68084,8.78244,8.86143,-9999,-9999
201208,15.375,1.0,410.275,233.946,1.0,328.44,1.0,4.366,1.0,84.891,1.0,2.074,1.0,1.167,0.997984,0.195895576279,0.729166666667,120.19577829,0.999327956989,512.088177668,0.996639784946,192.108658199,1.0,48.3548917473,1.0,394.151697581,1.0,402.043,0.998656,16.772,16.455,14.642,1.0,1.0,1.0,40.897,28.52,1.0,1.0,4.45507,3.0,81.5867,0.994624,92.341,0.567259,20.1893,0.992608,22.8506,0.368627,-0.239967,0.992608,0.0682499,-0.255326,-0.239707,-0.226951,0.991935,0.993952,0.991935,8.18959,8.07205,8.16966,8.28431,8.44937,8.33097,8.41846,8.49954,6.41326,5.85362,6.11391,6.40959,7.53077,7.25833,7.46508,7.53789,-9999,-9999
201209,10.271,1.0,324.243,153.87,1.0,316.706,1.0,2.2,1.0,84.628,1.0,4.847,1.0,1.254,0.993056,0.207568019363,0.711805555556,71.1310244444,1.0,332.000223264,1.0,143.495006667,1.0,33.1516346042,1.0,366.391750694,1.0,401.513,1.0,12.729,12.804,12.843,1.0,1.0,1.0,47.257,40.005,1.0,1.0,0.169702,3.0,46.3893,0.986111,53.9276,0.454108,14.1007,0.984722,16.3921,0.328322,0.95228,0.958333,0.0638333,0.883931,0.926728,0.949857,0.958333,0.95625,0.957639,7.04415,6.95752,7.03707,7.05384,6.12409,6.05385,6.10084,6.12409,6.87519,6.50533,6.72211,6.76851,5.99729,6.12177,6.2375,6.26834,-9999,-9999
201210,6.09,0.983871,229.754,104.488,0.985215,303.67,0.983871,1.394,0.983871,84.242,0.975134,3.5,0.975134,1.174,0.987231,0.167969205216,0.739919354839,35.2839948308,0.966397849462,229.519274535,0.967069892473,106.788852639,0.967741935484,29.9394164028,0.967741935484,341.848945833,0.967741935484,387.792,1.0,9.323,9.592,10.477,0.983871,0.983871,0.983871,48.617,42.392,0.983871,0.983871,-4.2672,3.0,25.3553,0.998656,32.1227,0.362034,7.29928,0.997984,9.24746,0.331512,0.519771,0.989247,0.0461073,0.406852,0.523721,0.571692,0.989247,0.989247,0.990591,4.08694,3.90113,4.04651,4.08694,3.55795,3.44112,3.50216,3.55808,4.82776,4.43615,4.67434,4.8286,3.65491,3.63736,3.68391,3.77777,-9999,-9999
201211,2.419,1.0,152.64,65.605,1.0,283.415,1.0,1.194,1.0,84.165,0.9875,5.545,0.9875,1.251,0.893056,0.175350346006,0.625694444444,6.59125191844,0.986805555556,147.597600383,0.986805555556,68.5672944681,0.9875,22.6690406232,0.9875,320.105882262,0.9875,386.027,0.979861,4.217,4.656,6.531,1.0,1.0,1.0,50.303,45.247,1.0,1.0,-6.40539,3.0,8.50438,0.977083,10.7703,0.277097,-3.16589,0.977778,-4.00941,0.336682,0.979726,0.9625,0.0263449,0.936039,0.962347,1.01193,0.975694,0.976389,0.969444,1.75205,1.71212,1.72575,1.7896,0.767284,0.767284,0.772321,0.784843,0.874229,0.908997,1.4018,1.6007,0.708611,0.540928,0.654685,0.73123,-9999,-9999
201212,-3.457,1.0,117.82,57.438,1.0,235.51,1.0,1.433,1.0,83.92,1.0,0.861,1.0,1.239,0.840726,-9999,-9999,-35.4363910954,1.0,136.430734597,0.999327956989,70.9250688172,1.0,49.2759280309,1.0,279.584573925,1.0,384.677,0.998656,1.724,2.191,4.174,1.0,1.0,1.0,49.381,42.759,1.0,1.0,-5.39698,3.0,-0.401022,0.971102,-0.507686,0.203487,-24.1089,0.990591,-30.5214,0.419131,1.0022,0.945565,0.0195985,0.983522,0.99684,1.0022,0.946237,0.955645,0.945565,1.19127,1.12437,1.16293,1.18803,0.197584,0.142702,0.165943,0.183625,1.04095,1.03583,1.25172,1.34617,0.324745,0.145413,0.301059,0.325467,-9999,-9999
201301,-2.217,1.0,135.237,68.953,1.0,249.611,1.0,1.883,1.0,83.695,1.0,1.469,0.0,1.434,0.899194,-9999,-9999,-26.1082730578,1.0,160.861060013,1.0,81.5681538978,1.0,58.6503436089,1.0,286.119382392,1.0,380.726,1.0,0.974,1.387,3.006,1.0,1.0,1.0,48.857,42.158,1.0,1.0,-3.88901,3.0,3.18501,0.987231,3.90899,0.216616,-21.2585,0.987903,-26.0908,0.401498,1.05278,0.928091,0.0279564,1.0191,1.03509,1.05233,0.932124,0.927419,0.930108,1.12008,1.09675,1.11609,1.13672,0.0676053,0.0708015,0.080583,0.0889699,3.24303,2.19573,2.77823,3.25001,0.839676,0.460235,0.678872,0.820807,-9999,-9999
201302,-4.976,1.0,198.551,102.9,0.998512,247.414,1.0,1.17,1.0,83.526,0.441964,1.7,0.0,1.452,0.869792,-9999,-9999,-16.1499637092,0.998511904762,232.842374182,1.0,116.295945685,1.0,87.4390302381,1.0,278.697173363,1.0,383.994,0.99256,1.261,1.53,2.726,1.0,1.0,1.0,49.273,42.616,1.0,1.0,-3.06777,3.0,0.850839,0.964286,0.717681,0.217612,-15.5391,0.967262,-13.1072,0.417583,0.702399,0.891369,0.0264458,0.701896,0.715159,0.728593,0.890625,0.907738,0.872768,0.711422,0.715067,0.723111,0.741666,0.00615095,0.00615095,0.0152518,0.0226325,1.85751,1.45943,1.83767,1.88952,0.580312,0.259594,0.457313,0.469143,-9999,-9999
201303,-1.55,0.974462,289.63,137.0,0.969086,271.771,0.974462,0.994,0.974462,83.323,0.0,2.282,0.0,1.336,0.905242,0.14205261015,0.536962365591,5.75316947446,0.952284946237,310.330960053,0.95497311828,169.464096257,0.95497311828,105.383192803,0.95497311828,298.482938793,0.95497311828,380.462,0.987903,1.04,1.27,2.322,0.974462,0.974462,0.974462,49.737,43.111,0.974462,0.974462,-2.67244,3.0,3.66495,0.981855,3.09138,0.22074,-7.82561,0.983871,-6.60089,0.241178,1.08054,0.906586,0.0246124,0.991743,1.07469,1.09887,0.916667,0.905242,0.900538,1.05609,1.01453,1.04249,1.06194,0.0113733,-0.11209,0.0102808,0.058339,1.44991,1.23472,1.44991,1.53907,0.457104,0.364715,0.478154,0.522466,-9999,-9999
201304,4.139,0.580556,383.873,181.375,0.581944,295.94,0.580556,1.231,0.580556,84.201,0.0354167,3.565,0.0,1.335,0.984722,0.164885226198,0.664583333333,40.7808956373,0.566666666667,410.508371446,0.566666666667,237.791151471,0.566666666667,118.680474779,0.566666666667,316.725305147,0.566666666667,385.87,0.879167,2.46,2.383,2.322,0.580556,0.580556,0.580556,51.979,47.096,0.580556,0.580556,1.99884,3.0,-0.943851,0.795833,-1.1676,0.271226,-11.4938,0.85,-14.2185,0.259363,1.23363,0.623611,0.0317778,1.20869,1.23363,1.3119,0.6375,0.623611,0.615278,1.53855,1.50954,1.53742,1.55565,0.353436,0.235564,0.304915,0.323685,0.984302,0.998683,1.05264,1.18834,0.258509,0.229504,0.268875,0.332978,-9999,-9999
201305,6.375,0.623656,454.31,198.533,0.625,303.909,0.623656,1.599,0.623656,83.92,0.612231,5.225,0.0,1.377,0.548387,-9999,-9999,111.532780463,0.600806451613,439.164515977,0.601478494624,229.975369793,0.601478494624,40.7624247262,0.601478494624,361.627263865,0.601478494624,375.92,0.623656,8.215,7.715,6.151,0.623656,0.623656,0.623656,49.045,46.524,0.623656,0.623656,8.36633,3.0,55.6868,0.620296,68.8878,0.591935,30.9711,0.618952,38.3131,0.47389,-0.594007,0.606183,0.0823603,-0.725356,-0.677241,-0.628503,0.608871,0.606183,0.606183,4.96162,4.73124,4.86666,4.95724,5.51052,5.45374,5.51178,5.55563,3.7307,3.19417,3.42683,3.6224,4.90081,4.68715,4.74243,4.93069,-9999,-9999
201306,11.002,1.0,485.657,242.848,1.0,319.267,1.0,2.404,1.0,84.551,1.0,3.411,0.0,1.191,0.995139,0.198114719184,0.729166666667,133.556540417,1.0,513.952208674,1.0,256.562552632,1.0,53.6006401806,1.0,374.956295833,1.0,382.856,1.0,13.016,12.391,9.534,1.0,1.0,1.0,41.437,47.085,1.0,1.0,5.28331,3.0,79.6218,1.0,99.5937,0.765192,22.9325,1.0,28.6847,0.409881,-4.11312,0.993056,0.0853857,-4.10109,-4.08943,-4.05402,0.994444,0.994444,0.992361,8.21045,8.13858,8.21015,8.27704,12.3013,12.2439,12.3017,12.3533,6.52336,5.84064,6.30014,6.84489,11.4926,11.0827,11.2953,11.6374,-9999,-9999
201307,14.842,1.0,470.56,274.688,1.0,335.07,1.0,2.866,1.0,84.922,1.0,1.306,1.0,1.1,0.682796,0.171732169689,0.561155913978,154.46832166,1.0,-9999,-9999,-9999,-9999,60.188895625,1.0,395.122031586,1.0,386.316,0.97379,16.368,15.696,12.611,1.0,1.0,1.0,41.783,33.819,1.0,1.0,6.10029,3.0,91.6525,0.968414,109.024,0.776247,33.0235,0.971774,39.2826,0.442261,-1.4707,0.883737,0.0896149,-1.50997,-1.45129,-1.38301,0.882392,0.884409,0.888441,9.8519,9.80179,9.8632,9.9672,11.3145,11.2202,11.3145,11.3804,6.63446,6.44213,6.52892,6.63533,8.84458,8.77584,8.82024,8.8539,-9999,-9999
201308,14.052,1.0,412.716,237.061,1.0,325.014,1.0,4.652,1.0,84.776,0.999328,2.671,0.999328,1.268,0.987231,0.181242476191,0.70497311828,123.028561972,0.996639784946,-9999,-9999,-9999,-9999,49.5447424996,0.999327956989,388.443232942,0.999327956989,385.958,0.998656,15.515,15.187,13.592,1.0,1.0,1.0,33.084,24.966,1.0,1.0,1.10982,3.0,75.8596,0.993952,91.3778,0.549589,26.2507,0.993952,31.6207,0.376316,0.0712875,0.976478,0.0637228,-0.0239809,0.0167159,0.0589694,0.965726,0.980511,0.977151,6.88785,6.74384,6.80272,6.89072,6.81923,6.74158,6.81656,6.83145,4.87081,4.91682,5.35559,5.59083,6.06418,5.65519,5.79855,5.97244,-9999,-9999
201309,10.495,1.0,327.323,172.912,1.0,317.387,1.0,1.968,1.0,84.458,1.0,1.803,1.0,1.048,0.993056,0.176245014612,0.824305555556,83.7457676708,0.997916666667,-9999,-9999,-9999,-9999,36.0626936111,1.0,369.970645139,1.0,387.604,1.0,12.799,12.705,12.22,1.0,1.0,1.0,43.075,36.628,1.0,1.0,-1.69246,3.0,51.1732,0.998611,61.5677,0.484928,20.7394,0.998611,24.952,0.342062,0.828811,0.997917,0.0629664,0.734858,0.787364,0.864798,0.997222,0.997917,0.997917,6.33431,6.28235,6.34698,6.41325,5.50963,5.47907,5.5075,5.624,6.13294,5.5754,5.93297,6.21,5.44934,5.33318,5.46885,5.59124,-9999,-9999
201310,6.763,1.0,232.728,86.554,1.0,320.133,1.0,0.638,1.0,84.6,1.0,4.745,1.0,1.117,0.992608,0.177531316758,0.778225806452,37.612971566,0.997983870968,-9999,-9999,-9999,-9999,20.0834178091,1.0,348.579393145,1.0,390.975,1.0,8.892,9.062,9.854,1.0,1.0,1.0,47.235,41.994,1.0,1.0,-3.088,3.0,19.951,1.0,29.8466,0.372698,7.83985,1.0,11.7284,0.316918,0.805445,0.993952,0.0410973,0.655539,0.805445,0.857502,0.985887,0.993952,0.993952,3.31179,3.25157,3.31472,3.36571,2.50853,2.50766,2.52122,2.55737,4.95352,4.6446,4.95352,4.99237,3.3833,3.24044,3.38342,3.44399,-9999,-9999
201311,1.171,1.0,154.605,63.742,1.0,281.775,1.0,1.137,1.0,83.881,1.0,2.547,1.0,1.427,0.974306,0.217465772026,0.591666666667,2.65840910417,1.0,-9999,-9999,-9999,-9999,28.4988375347,1.0,314.361491667,1.0,402.93,1.0,4.833,5.25,7.175,1.0,1.0,1.0,48.215,43.347,1.0,1.0,-6.18188,3.0,10.7442,0.998611,16.8358,0.289303,-6.46436,1.0,-10.1294,0.40042,1.28157,0.984722,0.0421099,1.26631,1.28714,1.30274,0.984722,0.986806,0.988194,2.25031,2.25031,2.27262,2.29858,0.974673,0.970098,0.983957,0.991108,2.35887,2.2394,2.29028,2.35887,1.09735,1.07756,1.09678,1.11196,-9999,-9999
201312,0.658,1.0,118.142,59.498,1.0,250.215,1.0,2.545,1.0,84.685,1.0,2.661,1.0,1.109,0.379704,-9999,-9999,-32.4767039234,0.994623655914,-9999,-9999,-9999,-9999,50.9263390323,1.0,291.97759543,1.0,-9999,-9999,1.798,2.197,4.158,1.0,1.0,1.0,47.861,42.914,1.0,1.0,-5.28306,3.0,5.10832,0.699597,8.36713,0.245035,-28.0526,0.699597,-45.9485,0.434968,1.74673,0.647849,0.0285259,1.73241,1.7514,1.87151,0.65121,0.653226,0.591398,1.74515,1.7447,1.76105,2.42248,0.00389519,0.00389519,0.0136003,0.466893,1.46006,1.46006,1.52374,1.54859,0.131329,0.0976619,0.131329,0.14958,-9999,-9999
