TIMESTAMP,TA_F,TA_F_QC,SW_IN_POT,SW_IN_F,SW_IN_F_QC,LW_IN_F,LW_IN_F_QC,VPD_F,VPD_F_QC,PA_F,PA_F_QC,P_F,P_F_QC,WS_F,WS_F_QC,USTAR,USTAR_QC,NETRAD,NETRAD_QC,PPFD_IN,PPFD_IN_QC,PPFD_OUT,PPFD_OUT_QC,SW_OUT,SW_OUT_QC,CO2_F_MDS,CO2_F_MDS_QC,TS_F_MDS_1,TS_F_MDS_2,TS_F_MDS_3,TS_F_MDS_4,TS_F_MDS_1_QC,TS_F_MDS_2_QC,TS_F_MDS_3_QC,TS_F_MDS_4_QC,G_F_MDS,G_F_MDS_QC,LE_F_MDS,LE_F_MDS_QC,LE_CORR,LE_RANDUNC,H_F_MDS,H_F_MDS_QC,H_CORR,H_RANDUNC,NEE_VUT_REF,NEE_VUT_REF_QC,NEE_VUT_REF_RANDUNC,NEE_VUT_25,NEE_VUT_50,NEE_VUT_75,NEE_VUT_25_QC,NEE_VUT_50_QC,NEE_VUT_75_QC,RECO_NT_VUT_REF,RECO_NT_VUT_25,RECO_NT_VUT_50,RECO_NT_VUT_75,GPP_NT_VUT_REF,GPP_NT_VUT_25,GPP_NT_VUT_50,GPP_NT_VUT_75,RECO_DT_VUT_REF,RECO_DT_VUT_25,RECO_DT_VUT_50,RECO_DT_VUT_75,GPP_DT_VUT_REF,GPP_DT_VUT_25,GPP_DT_VUT_50,GPP_DT_VUT_75,RECO_SR,RECO_SR_N
200901,-4.528,0.0,37.1297,8.547,0.0,254.709,0.0,0.327,0.0,99.696,0.0,0.793,0.0,2.516,0.0,-9999,-9999,-9999,-9999,-9999,-9999,-9999,-9999,-9999,-9999,-9999,-9999,-9999,-9999,-9999,-9999,-9999,-9999,-9999,-9999,4.27695,3.0,52.8998,0.0,35.2331,-9999,12.4736,0.0,8.30784,-9999,1.2237,0.0,-9999,0.994856,1.2237,1.70727,0.0,0.0,0.0,3.64269,2.99971,3.43645,3.66931,1.90597,1.76497,1.84458,2.25619,1.47248,0.684169,2.26371,3.89334,0.693109,0.548891,0.72835,1.11814,-9999,0.0
200902,-5.762,0.0,95.2807,29.856,0.0,253.952,0.0,0.279,0.0,99.828,0.0,0.638,0.0,2.15,0.0,-9999,-9999,-9999,-9999,-9999,-9999,-9999,-9999,-9999,-9999,-9999,-9999,-9999,-9999,-9999,-9999,-9999,-9999,-9999,-9999,4.24205,3.0,52.74,0.0,44.2393,-9999,12.5136,0.0,10.4966,-9999,1.17385,0.0,-9999,0.947053,1.17385,1.65745,0.0,0.0,0.0,3.40309,2.7043,3.15334,3.44204,1.69086,1.53309,1.61934,2.06121,1.23181,0.572343,2.18725,3.4488,2.04898,1.60776,2.04898,3.11179,-9999,0.0
200903,-2.767,0.0,196.588,80.254,0.0,257.399,0.0,0.83,0.0,99.663,0.0,0.945,0.0,2.198,0.0,-9999,-9999,-9999,-9999,-9999,-9999,-9999,-9999,-9999,-9999,-9999,-9999,-9999,-9999,-9999,-9999,-9999,-9999,-9999,-9999,4.27762,3.0,53.1941,0.0,61.1919,-9999,13.8607,0.0,15.9447,-9999,1.16018,0.0,-9999,0.908679,1.16018,1.65808,0.0,0.0,0.0,3.97618,3.37337,3.81897,3.98805,2.33385,2.18147,2.29583,2.65047,1.73183,0.80467,2.44068,4.43272,4.40089,3.41848,4.31814,6.27406,-9999,0.0
200904,3.501,0.0,319.112,164.326,0.0,268.672,0.0,2.751,0.0,100.422,0.0,0.236,0.0,2.096,0.0,-9999,-9999,-9999,-9999,-9999,-9999,-9999,-9999,-9999,-9999,-9999,-9999,-9999,-9999,-9999,-9999,-9999,-9999,-9999,-9999,4.26633,3.0,52.9515,0.0,51.4072,-9999,12.9638,0.0,12.5857,-9999,1.18631,0.0,-9999,0.950301,1.18631,1.67483,0.0,0.0,0.0,5.17365,4.85299,5.11738,5.20795,3.66693,3.51645,3.66922,3.99806,3.07372,1.42816,3.07372,6.75999,7.49738,5.78324,6.59781,10.246,-9999,0.0
200905,10.198,0.0,424.364,224.291,0.0,292.109,0.0,5.024,0.0,100.145,0.0,1.074,0.0,2.166,0.0,-9999,-9999,-9999,-9999,-9999,-9999,-9999,-9999,-9999,-9999,-9999,-9999,-9999,-9999,-9999,-9999,-9999,-9999,-9999,-9999,4.27695,3.0,52.8998,0.0,49.5951,-9999,12.4736,0.0,11.6943,-9999,1.2237,0.0,-9999,0.994856,1.2237,1.70727,0.0,0.0,0.0,6.43411,6.29425,6.53808,6.67072,5.22058,4.95668,5.22058,5.44903,4.91711,2.28467,4.31004,9.57679,9.53744,7.33984,8.1645,12.8555,-9999,0.0
200906,13.589,0.0,476.841,209.674,0.0,323.995,0.0,6.15,0.0,99.907,0.0,1.475,0.0,2.019,0.0,-9999,-9999,-9999,-9999,-9999,-9999,-9999,-9999,-9999,-9999,-9999,-9999,-9999,-9999,-9999,-9999,-9999,-9999,-9999,-9999,4.26633,3.0,52.9515,0.0,46.5043,-9999,12.9638,0.0,11.3854,-9999,1.18631,0.0,-9999,0.950301,1.18631,1.67483,0.0,0.0,0.0,7.0465,7.04619,7.39897,7.40573,6.11324,5.72533,5.85138,6.17917,6.03905,2.80596,4.52899,11.1143,9.15719,7.05685,7.98839,12.4521,-9999,0.0
200907,16.2,0.0,452.75,196.988,0.0,338.603,0.0,5.075,0.0,99.599,0.0,2.864,0.0,2.047,0.0,-9999,-9999,-9999,-9999,-9999,-9999,-9999,-9999,-9999,-9999,-9999,-9999,-9999,-9999,-9999,-9999,-9999,-9999,-9999,-9999,4.2444,3.0,52.7604,0.0,44.9264,-9999,12.5572,0.0,10.6926,-9999,1.17506,0.0,-9999,0.947367,1.17506,1.65913,0.0,0.0,0.0,7.52619,7.5196,7.95984,8.06209,6.7664,6.3091,6.54713,6.85323,6.86735,3.19082,4.70362,12.2851,8.98169,6.92805,7.89622,12.2721,-9999,0.0
200908,15.619,0.0,363.401,159.015,0.0,330.848,0.0,4.471,0.0,100.025,0.0,2.225,0.0,1.891,0.0,-9999,-9999,-9999,-9999,-9999,-9999,-9999,-9999,-9999,-9999,-9999,-9999,-9999,-9999,-9999,-9999,-9999,-9999,-9999,-9999,4.27736,3.0,53.191,0.0,45.8241,1.15694,13.8586,0.0,11.9392,1.41938,1.16018,0.0,0.242485,0.908679,1.16018,1.65808,0.0,0.0,0.0,7.42394,7.41906,7.83872,7.91388,6.65921,6.19323,6.39276,6.74052,6.65999,3.09447,4.66857,12.0141,7.59711,5.86931,6.83731,10.4785,20.0083,0.419355
200909,12.136,0.374306,245.824,103.079,0.377778,312.991,0.0,2.8,0.374306,99.843,0.334722,1.841,0.343056,2.463,0.340972,-9999,-9999,-9999,-9999,-9999,-9999,-9999,-9999,-9999,-9999,405.374,0.372222,10.98,11.033,10.593,10.03,0.374306,0.374306,0.374306,0.374306,-0.156664,3.0,24.5334,0.374306,21.1356,0.501117,9.91237,0.374306,8.53953,0.754502,1.91741,0.372222,0.129915,1.79373,2.03388,2.22931,0.372222,0.372222,0.372222,7.42656,7.42597,7.63149,7.87207,5.43083,5.40619,5.61117,5.67236,7.3002,6.80516,7.65764,7.95421,6.28388,6.33071,6.39884,6.52287,11.3775,1.0
200910,2.416,0.705645,132.882,47.252,0.707661,279.652,0.0,1.075,0.705645,99.91,0.674059,1.652,0.68414,2.332,0.601478,0.454849838201,0.555107526882,-1.03671398046,0.671370967742,106.824847375,0.671370967742,4.15351800977,0.671370967742,6.04327686203,0.671370967742,376.485,0.69086,4.763,6.078,6.864,7.332,0.705645,0.705645,0.705645,0.705645,-4.84473,3.0,6.23289,0.690188,1.89428,0.168155,-9.50618,0.69086,-2.88909,0.495546,0.842255,0.668683,0.0624295,0.741404,0.768846,0.806085,0.677419,0.68078,0.668011,2.27129,2.18488,2.23244,2.27018,1.42527,1.42527,1.44841,1.49852,2.97158,2.1843,2.51419,2.6286,2.0965,1.86016,2.12687,2.16954,1.76215,1.0
200911,1.845,0.839583,54.2988,9.072,0.841667,307.414,0.0,0.402,0.839583,99.582,0.795833,2.148,0.811806,2.397,0.627778,0.471895591233,0.597222222222,-8.11163194444,0.795138888889,20.2950330285,0.795138888889,0.996568004743,0.795138888889,1.17457232385,0.795138888889,395.583,0.830556,2.915,3.823,4.507,5.056,0.839583,0.839583,0.839583,0.839583,-3.33012,3.0,1.15122,0.830556,0.349874,0.0762121,-15.4256,0.830556,-4.68809,0.437293,1.36586,0.826389,0.0232413,1.33557,1.3796,1.38945,0.827083,0.826389,0.831944,1.6301,1.6313,1.64091,1.68139,0.306315,0.227064,0.302977,0.315086,2.01332,1.46724,1.83751,1.93072,0.496193,0.402279,0.483544,0.501657,1.06323,1.0
200912,-6.372,1.0,23.9394,5.66,1.0,259.262,0.0,0.286,1.0,99.958,0.99328,0.148,1.0,2.275,0.80914,0.402810588511,0.793010752688,-10.5405913978,1.0,9.96491935484,1.0,1.50087365591,1.0,2.2061155914,1.0,397.228,1.0,0.277,1.925,3.048,3.808,1.0,1.0,1.0,1.0,-6.78461,3.0,0.468369,1.0,0.199732,0.0588507,-9.27611,1.0,-3.95571,0.30178,0.644815,0.986559,0.0114763,0.638131,0.642981,0.646882,0.978495,0.984543,0.991263,0.705781,0.685696,0.705781,0.737061,0.047133,0.0473987,0.0667243,0.0877357,0.533223,0.530666,0.552439,0.566173,0.0866852,0.0510826,0.0740075,0.0922608,0.518516,1.0
201001,-12.256,0.948925,37.1297,8.152,0.950941,237.476,0.0,0.251,0.948925,100.919,0.914651,0.037,0.918011,1.927,0.537634,0.327514919347,0.521505376344,-5.73859241917,0.918010752688,18.7625911255,0.918010752688,8.10657372527,0.918010752688,4.58169901076,0.918010752688,396.791,0.946909,-0.816,0.464,1.373,2.072,0.948925,0.948925,0.948925,0.948925,-5.36793,3.0,0.125708,0.755376,0.0152738,0.0465448,-10.8521,0.755376,-1.31855,0.248784,0.362377,0.645161,0.00881495,0.354588,0.366977,0.378575,0.665995,0.641801,0.583333,0.307472,0.304407,0.309572,0.331103,-0.0601754,-0.0761275,-0.0601754,-0.0498899,0.110026,0.0785168,0.109757,0.124748,0.0,0.0,0.0,0.0,0.515678,1.0
201002,-9.417,0.639881,95.2807,20.908,0.635417,250.757,0.0,0.232,0.639881,99.767,0.612351,0.588,0.616815,2.328,0.572173,0.380797972407,0.567708333333,1.1724993502,0.61681547619,41.799537789,0.61681547619,15.1443145769,0.61681547619,7.43816331313,0.61681547619,393.955,0.636905,-0.445,0.258,0.924,1.482,0.639881,0.639881,0.639881,0.639881,-1.72308,3.0,2.11098,0.636161,3.06127,0.0870886,4.14864,0.636905,6.01621,0.309118,0.343643,0.602679,0.0118087,0.335595,0.338131,0.342085,0.603423,0.602679,0.602679,0.302026,0.292136,0.315921,0.318659,-0.026618,-0.0432155,-0.0259391,-0.0181028,0.39761,0.251911,0.3711,0.406617,0.0897414,0.0148711,0.0248578,0.0955124,0.553181,1.0
201003,-2.625,0.90457,196.588,77.609,0.90121,255.853,0.0,0.867,0.90457,99.263,0.885753,2.584,0.891129,2.409,0.854839,0.455617486992,0.852150537634,28.9049255952,0.891129032258,182.215699405,0.891129032258,13.0849553571,0.891129032258,10.8065178571,0.891129032258,388.732,0.903898,-0.254,0.258,0.755,1.189,0.90457,0.90457,0.90457,0.90457,-0.49804,3.0,8.75556,0.903226,8.27217,0.238938,19.2133,0.902554,18.1525,0.589221,0.755776,0.877688,0.0146135,0.691159,0.755776,0.769462,0.889113,0.877688,0.876344,1.02083,0.979404,1.0063,1.0146,0.257509,0.211425,0.259128,0.291391,0.816593,0.718433,0.756781,0.805892,0.261567,0.236888,0.248789,0.261891,0.573982,1.0
201004,4.082,0.956944,319.112,136.029,0.959722,282.601,0.0,2.471,0.956944,100.121,0.93125,1.561,0.935417,2.234,0.686111,0.445995952831,0.645138888889,73.5407403681,0.935416666667,300.038852577,0.935416666667,12.2893430854,0.935416666667,12.7585784873,0.935416666667,386.206,0.940972,-0.078,0.203,0.54,0.93,0.956944,0.956944,0.956944,0.956944,0.0389974,3.0,18.4855,0.940278,19.5226,0.34383,49.5796,0.939583,52.361,0.694992,-0.58081,0.930556,0.0260565,-0.596644,-0.589604,-0.580201,0.922917,0.93125,0.922917,2.19157,2.04069,2.14684,2.23235,2.71209,2.63079,2.7294,2.84228,1.39942,1.38508,1.42147,1.46732,2.29789,2.28051,2.3197,2.38227,0.594795,1.0
201005,11.106,1.0,424.364,165.419,1.0,315.329,0.0,4.405,1.0,99.796,0.991935,2.561,1.0,2.307,0.979167,0.435488116805,0.977822580645,92.6313172043,1.0,358.137634409,0.999327956989,12.247311828,1.0,14.3453629032,1.0,383.944,1.0,5.664,3.645,2.561,1.895,1.0,1.0,1.0,1.0,7.54595,3.0,39.2183,1.0,35.7521,0.568003,54.1619,0.998656,49.3751,0.75259,-0.684001,0.969086,0.0355434,-0.738361,-0.659252,-0.629631,0.948253,0.966398,0.972446,3.98595,3.99467,4.13445,4.34541,4.64439,4.64809,4.76664,5.07676,4.37227,4.36406,4.44786,4.57996,5.12496,5.02934,5.17243,5.34856,2.20328,1.0
201006,13.871,1.0,476.841,251.586,1.0,314.165,0.0,6.52,1.0,99.805,0.98125,1.573,1.0,2.567,0.969444,0.512830413319,0.968055555556,150.311458333,1.0,535.051020981,0.997916666667,17.7680555556,1.0,24.5029166667,1.0,385.556,1.0,9.903,8.149,6.605,5.482,1.0,1.0,1.0,1.0,6.19414,3.0,76.358,0.999306,64.5125,0.774867,94.0343,0.998611,79.4467,0.892431,-3.24485,0.984028,0.0644681,-3.244,-3.21245,-3.15804,0.988194,0.979167,0.975694,6.7395,6.62666,6.7395,7.12706,9.84623,9.84623,9.91234,10.2224,5.75474,5.67814,5.92486,6.13585,9.41923,9.39518,9.52223,9.71036,4.24545,1.0
201007,21.03,0.233871,452.75,240.282,0.237903,359.302,0.0,8.883,0.233871,100.074,0.203629,1.207,0.206989,2.097,0.199597,-9999,-9999,-9999,-9999,-9999,-9999,-9999,-9999,-9999,-9999,384.333,0.231855,14.524,12.377,10.39,8.85,0.233199,0.233199,0.233199,0.233199,6.32886,3.0,96.7156,0.231855,82.355,0.878165,75.329,0.231855,64.1439,0.770838,-0.278501,0.226478,0.0778671,-0.24917,-0.147208,-0.0350143,0.229839,0.225806,0.226478,9.9759,9.77179,10.3618,11.0576,10.0325,10.041,10.3291,11.1278,8.18284,7.64634,9.12383,10.505,8.96761,8.47808,9.6755,10.8754,10.7573,1.0
201008,16.288,0.844086,363.401,160.233,0.849462,342.577,0.0,4.607,0.844086,99.732,0.798387,1.657,0.810484,2.1,0.75336,0.397904271736,0.733198924731,89.9321970362,0.810483870968,352.538492857,0.809139784946,10.8583510949,0.810483870968,16.0333661558,0.810483870968,387.489,0.840054,14.198,13.369,12.275,11.171,0.844086,0.844086,0.844086,0.844086,2.21452,3.0,68.1499,0.839382,58.4838,0.771434,28.5691,0.840054,24.5169,0.638173,-0.350045,0.80578,0.078843,-0.367656,-0.305271,-0.173963,0.811828,0.801747,0.792339,10.1298,9.85525,10.1093,11.0772,10.2347,10.1824,10.4351,11.2512,8.70038,7.59218,8.70038,9.42908,10.0527,9.28196,9.95211,10.2732,10.1344,1.0
201009,10.456,1.0,245.824,82.365,1.0,317.655,0.0,1.882,1.0,100.044,0.990972,2.487,1.0,2.29,0.954167,0.448477692986,0.952777777778,29.57,1.0,179.270763889,1.0,6.42083333333,1.0,8.70944444444,1.0,388.81,1.0,10.262,10.374,10.139,9.955,1.0,1.0,1.0,1.0,-0.58884,3.0,30.65,1.0,26.5074,0.587388,4.22214,1.0,3.65148,0.55856,1.58586,0.993056,0.0660923,1.5621,1.58586,1.61914,0.979167,0.993056,0.989583,6.85056,6.84737,6.88303,6.91725,5.31236,5.21325,5.30421,5.38148,5.17648,5.05836,5.1683,5.5128,4.43307,4.40188,4.44169,4.53285,4.60384,1.0
201010,3.83,1.0,132.882,46.324,1.0,280.585,0.0,1.21,1.0,99.906,0.995296,0.839,0.999328,2.531,0.950941,0.465261344268,0.950268817204,-3.83528225806,0.999327956989,98.055283402,0.999327956989,4.18411547701,0.999327956989,6.17286519103,0.999327956989,389.613,1.0,4.987,6.343,7.079,7.675,1.0,1.0,1.0,1.0,-3.60651,3.0,11.0338,1.0,8.49413,0.308521,-10.6582,1.0,-8.20495,0.66888,1.18607,0.960349,0.0314205,1.15703,1.16903,1.18607,0.959677,0.959677,0.960349,2.8433,2.82184,2.83505,2.84854,1.67646,1.64285,1.66602,1.67646,2.33578,2.2364,2.3363,2.39257,1.64757,1.59022,1.63658,1.66074,1.65347,1.0
201011,-2.844,1.0,54.2988,12.067,0.995833,272.278,0.0,0.427,1.0,99.326,0.996528,1.52,0.998611,2.681,0.981944,0.492172493614,0.979861111111,-11.1200073877,0.998611111111,25.3167257683,0.998611111111,1.69953014184,0.998611111111,2.2141179078,0.998611111111,377.606,1.0,2.432,3.809,4.68,5.415,1.0,1.0,1.0,1.0,-4.51162,3.0,2.77546,1.0,1.87292,0.147959,-12.5281,1.0,-8.45413,0.416625,1.12958,0.988889,0.0206708,1.12451,1.13666,1.16782,0.988889,0.988889,0.988194,1.52327,1.48939,1.50687,1.51458,0.377463,0.323597,0.3709,0.37772,1.33001,1.07794,1.32076,1.33531,0.375216,0.319108,0.368952,0.375324,1.03048,1.0
201012,-10.363,0.469758,23.9394,4.149,0.47379,244.105,0.0,0.212,0.469758,99.771,0.394489,0.666,0.397849,2.346,0.370968,-9999,-9999,-9999,-9999,-9999,-9999,-9999,-9999,-9999,-9999,395.764,0.468414,-0.201,1.322,2.406,3.334,0.469758,0.469758,0.469758,0.469758,-4.5928,3.0,0.405838,0.468414,0.187673,0.0716183,-7.19802,0.468414,-3.3286,0.233438,0.643206,0.459677,0.0213849,0.644472,0.646158,0.649477,0.457661,0.459677,0.460349,0.436509,0.366441,0.427131,0.430091,-0.218572,-0.289373,-0.221268,-0.213803,0.380113,0.359592,0.372181,0.380036,0.0125358,0.0107995,0.0125358,0.014697,0.579951,1.0
201101,-6.173,0.614919,37.1297,5.269,0.615591,262.326,0.0,0.25,0.614919,99.51,0.591398,0.748,0.599462,2.451,0.231183,-9999,-9999,-6.48638784461,0.599462365591,15.0765507519,0.599462365591,5.61453634085,0.599462365591,3.53438283208,0.599462365591,397.731,0.614247,-0.16,0.726,1.463,2.189,0.614919,0.614919,0.614919,0.614919,-3.00541,3.0,1.57901,0.561156,0.394835,0.0820923,-14.0865,0.560484,-3.52238,0.374114,0.805194,0.565188,0.0127017,0.791041,0.799134,0.801582,0.563172,0.565188,0.565188,0.74621,0.752061,0.760821,0.771882,-0.0368374,-0.0408224,-0.0361418,-0.0291896,1.31668,1.20218,1.25445,1.30214,0.147326,0.133683,0.139352,0.15012,0.957297,1.0
201102,-11.405,1.0,95.2807,37.72,0.978423,219.027,0.0,0.352,1.0,100.392,0.997768,0.0,1.0,2.013,0.580357,0.343978502295,0.875744047619,-3.12099797366,0.999255952381,80.7668059777,0.999255952381,13.3854166667,1.0,10.1174107143,1.0,377.139,0.730655,-0.105,0.661,1.207,1.826,1.0,1.0,1.0,1.0,-2.18306,3.0,1.24825,0.999256,0.639569,0.112672,-0.800082,1.0,-0.409942,0.538137,0.450047,0.65997,0.0256962,0.440538,0.456796,0.510965,0.645833,0.644345,0.669643,0.466553,0.471779,0.477026,0.499743,0.0524729,-0.0298514,0.0273418,0.0439788,0.284981,0.237313,0.284981,0.31307,0.0327716,0.0255168,0.0322244,0.0695631,0.964844,1.0
201103,-1.988,0.997984,196.588,91.093,0.986559,238.612,0.0,1.431,0.997984,99.987,0.985887,0.006,0.99664,3.179,0.971774,0.613418953782,0.967741935484,21.2627410177,0.995967741935,186.867986611,0.995967741935,12.1138894099,0.996639784946,12.0111746687,0.996639784946,391.756,0.422043,-0.161,0.5,0.921,1.495,0.997984,0.997984,0.997984,0.997984,-1.76951,3.0,10.036,0.995296,7.77482,0.321237,20.1747,0.997312,15.6292,0.82708,0.898801,0.400538,0.0151624,0.873754,0.898801,0.919799,0.40121,0.400538,0.398522,1.14765,1.12937,1.13642,1.14939,0.234278,0.214093,0.234278,0.260916,1.0479,1.08644,1.12063,1.15826,0.00232453,0.0,0.017029,0.532532,0.95709,1.0
201104,5.438,1.0,319.112,152.014,1.0,278.893,0.0,3.383,1.0,99.995,0.988194,0.164,0.998611,2.341,0.971528,0.462855455221,0.892361111111,78.9997798463,0.998611111111,316.020381206,0.997916666667,13.4680555556,1.0,14.4035416667,1.0,396.634,1.0,0.262,0.453,0.715,1.197,1.0,1.0,1.0,1.0,-0.585757,3.0,17.2412,1.0,19.0816,0.324061,54.8962,1.0,60.756,0.783807,-0.864848,0.982639,0.0242392,-0.874414,-0.83807,-0.765923,0.996528,0.978472,0.931944,1.77337,1.6273,1.72581,1.82129,2.5629,2.49595,2.53354,2.58846,1.77653,1.6569,1.74838,1.77274,2.50405,2.4938,2.51219,2.52435,1.02283,1.0
201105,9.742,1.0,424.364,194.769,1.0,293.553,0.0,4.959,1.0,100.223,0.987903,1.277,0.998656,2.637,0.991263,0.531237266481,0.94623655914,103.057619824,0.997983870968,412.669866735,0.998655913978,14.6152982727,0.998655913978,18.5697194578,0.998655913978,393.521,1.0,5.404,3.908,2.874,2.501,1.0,1.0,1.0,1.0,4.85525,3.0,21.7133,0.999328,24.1883,0.383471,66.7129,1.0,74.3171,0.837411,-1.92436,0.966398,0.047152,-1.93811,-1.92347,-1.85927,0.966398,0.962366,0.947581,4.19257,3.84057,4.11799,4.34914,6.01785,5.7966,6.02919,6.18175,3.93961,3.86281,3.93224,4.28463,5.96948,5.85016,5.96948,6.15018,2.21539,1.0
201106,16.206,1.0,476.841,240.431,1.0,335.084,0.0,6.707,1.0,99.879,0.986111,2.793,0.999306,2.265,0.858333,0.461614400127,0.963888888889,144.10017435,0.998611111111,519.570132979,0.999305555556,16.7697709811,0.999305555556,24.2016223404,0.999305555556,387.902,0.997917,11.66,9.588,7.742,6.595,1.0,1.0,1.0,1.0,6.59689,3.0,60.9138,0.998611,62.9617,0.94204,72.3042,1.0,74.735,0.858129,-2.83601,0.984028,0.0639089,-2.86132,-2.77981,-2.62145,0.985417,0.978472,0.960417,9.05446,8.60211,8.86735,9.09943,11.695,11.4941,11.6418,11.7043,6.81838,5.91999,6.61976,6.80372,9.79346,9.25503,9.70301,9.93512,5.23692,1.0
201107,19.077,0.979167,452.75,208.453,0.980511,360.282,0.0,5.822,0.979167,99.742,0.0766129,3.121,0.703629,1.932,0.728495,0.375787879888,0.938844086022,131.17197664,0.954301075269,466.28654894,0.954301075269,14.0189787868,0.95497311828,21.0431868474,0.95497311828,387.068,0.810484,15.079,13.08,11.188,9.839,0.944892,0.944892,0.944892,0.944892,6.21514,3.0,82.1789,0.953629,80.3823,0.851809,42.1923,0.954301,41.2699,0.655875,-3.30532,0.74328,0.0775325,-3.35904,-3.2735,-3.23705,0.709677,0.727823,0.75,6.40852,6.32577,6.38278,6.50552,9.65643,9.57882,9.67292,9.95629,5.26026,5.25953,5.63228,5.90772,9.5483,9.54853,9.71964,9.84052,8.52272,1.0
201108,15.386,1.0,363.401,167.439,0.999328,337.177,0.0,3.604,1.0,99.824,0.0,1.574,1.0,1.881,0.83871,0.364082878431,0.965053763441,91.3964461296,0.995967741935,353.851247546,0.986559139785,11.5277553763,1.0,17.2793682796,1.0,387.264,0.875672,13.687,12.791,11.77,10.968,1.0,1.0,1.0,1.0,1.95376,3.0,68.1914,0.991935,60.4731,0.819302,34.0764,0.995968,30.2194,0.622015,-2.23909,0.786962,0.0759396,-2.48853,-2.23372,-2.12763,0.758737,0.784946,0.78629,7.2347,7.19562,7.24152,7.32639,9.6243,9.32328,9.46,9.61299,4.85593,4.85604,5.27821,6.4206,8.44527,8.48995,8.59436,9.21983,6.92632,1.0
201109,11.716,1.0,245.824,83.77,1.0,328.106,0.0,1.486,1.0,99.436,0.0,2.973,1.0,2.342,1.0,0.45038236061,0.984722222222,27.8384777384,0.995833333333,181.728242809,0.995138888889,6.85881944444,1.0,8.61104166667,1.0,390.056,1.0,11.496,11.4,11.016,10.667,1.0,1.0,1.0,1.0,-0.0800694,3.0,31.2065,0.998611,31.9428,0.590044,-2.55563,0.997917,-2.61593,0.621364,2.41127,0.988194,0.0845345,2.34604,2.41127,2.59794,0.988889,0.988194,0.971528,7.68095,7.67252,7.75598,7.79511,5.38653,5.17565,5.38653,5.40831,7.16973,6.91104,7.041,7.15605,5.29507,5.09339,5.17112,5.27308,5.06645,1.0
201110,6.602,1.0,132.882,47.165,1.0,301.221,0.0,0.964,1.0,99.794,0.0,1.645,0.999328,2.558,0.827285,0.484195345714,0.967069892473,-2.08024877403,0.997311827957,99.3790584932,0.997983870968,4.19490248227,0.999327956989,5.96799931366,0.999327956989,429.539,0.999328,7.369,8.142,8.509,8.811,1.0,1.0,1.0,1.0,-2.7901,3.0,13.6969,0.998656,18.9749,0.360946,-12.6669,0.999328,-17.5479,0.560862,1.84161,0.983199,0.0485022,1.82788,1.87564,1.96293,0.983871,0.983199,0.981855,4.17928,4.07632,4.09638,4.11566,2.23934,2.09542,2.23833,2.25164,3.52033,3.5167,3.5391,3.6275,2.30144,2.30144,2.32203,2.33021,2.84912,1.0
201111,3.437,1.0,54.2988,10.925,1.0,305.821,0.0,0.444,1.0,100.335,0.0,1.121,0.999306,2.374,0.795833,0.454185095027,0.982638888889,-14.3720124113,0.998611111111,23.8643927305,0.999305555556,1.43610963357,0.999305555556,1.86832594563,0.999305555556,413.814,1.0,4.924,5.96,6.56,7.072,1.0,1.0,1.0,1.0,-3.49457,3.0,2.20473,1.0,1.24511,0.140029,-21.3727,0.999306,-12.0701,0.543594,2.02716,0.978472,0.032044,2.00082,2.04129,2.11429,0.980556,0.978472,0.967361,2.75602,2.67439,2.71649,2.76419,0.664714,0.661835,0.675231,0.683917,2.77119,2.77472,2.80738,2.82995,0.810904,0.813185,0.824307,0.835509,2.0386,1.0
201112,0.937,0.825941,23.9394,4.502,0.827957,289.923,0.0,0.383,0.825941,98.27,0.0,3.05,0.817876,3.108,0.514113,0.524005710823,0.688844086022,-21.2644701973,0.802419354839,10.08375,0.806451612903,1.26833333333,0.806451612903,1.15858333333,0.806451612903,387.122,0.825941,1.909,3.05,3.897,4.729,0.825941,0.825941,0.825941,0.825941,-4.05034,3.0,1.2099,0.825941,0.518791,0.0949896,-46.5801,0.825941,-19.9731,0.582475,1.37777,0.811828,0.0206395,1.38132,1.3997,1.4124,0.8125,0.811828,0.811828,1.60662,1.60462,1.60986,1.61766,0.201883,0.198342,0.205307,0.219897,1.09902,1.0632,1.1002,1.16057,0.188499,0.187506,0.189322,0.199077,1.29035,1.0
201201,-6.446,0.929435,37.1297,3.513,0.93078,262.498,0.0,0.208,0.929435,99.87,0.909274,0.79,0.915995,2.251,0.870296,0.401795372289,0.841397849462,-5.73017361111,0.901209677419,7.15430555556,0.901209677419,5.25868055556,0.901209677419,3.31972222222,0.901209677419,397.632,0.929435,0.362,1.584,2.434,3.247,0.929435,0.929435,0.929435,0.929435,-4.5454,3.0,2.26263,0.929435,-0.347229,0.107157,3.32753,0.929435,-0.510653,0.521432,0.572492,0.907258,0.0169022,0.546487,0.568261,0.586081,0.909946,0.912634,0.911962,0.59722,0.569355,0.600654,0.606728,0.0124034,-0.00799221,0.0220894,0.0543859,0.285302,0.312786,0.342213,0.429422,0.0427685,0.04409,0.0480893,0.0500289,0.931052,1.0
201202,-8.496,1.0,96.8081,15.532,0.992816,249.074,0.0,0.239,1.0,100.486,0.990661,0.676,1.0,2.312,0.991379,0.443893507728,0.984195402299,0.419755747126,1.0,32.8079741379,1.0,10.4267241379,1.0,6.85826149425,1.0,398.522,1.0,-0.339,0.607,1.438,2.219,1.0,1.0,1.0,1.0,-3.57197,3.0,3.05265,1.0,0.38934,0.126664,28.2447,1.0,3.60238,0.639804,0.637686,0.986351,0.0178837,0.619544,0.625339,0.634678,0.989224,0.980603,0.985632,0.615628,0.604675,0.609381,0.613583,-0.0284957,-0.0266274,-0.0187422,-0.0135609,0.451092,0.447796,0.469461,0.533205,0.0637136,0.0526291,0.0621513,0.0688683,0.830641,1.0
201203,-0.415,1.0,200.497,85.865,0.995296,256.726,0.0,1.225,1.0,99.93,0.989919,2.31,0.998656,2.586,0.981183,0.494922067842,0.97311827957,21.5119528538,0.997311827957,175.635648929,0.997983870968,8.9722942964,0.998655913978,10.131922043,0.998655913978,389.729,0.998656,-0.157,0.495,1.04,1.661,1.0,1.0,1.0,1.0,-2.52141,3.0,7.92047,0.999328,3.19507,0.216579,52.1215,1.0,21.0255,0.729003,0.0661205,0.974462,0.02099,0.0683812,0.0722536,0.0810569,0.978495,0.97379,0.979839,1.13555,1.12674,1.13934,1.14524,1.05338,1.04616,1.05967,1.07437,0.701218,0.695852,0.706996,0.728655,0.89668,0.888184,0.89668,0.912694,0.855159,1.0
201204,3.032,1.0,323.039,139.397,0.997917,277.8,0.0,2.298,1.0,99.251,0.991667,1.68,1.0,2.537,0.988889,0.508526717432,0.985416666667,64.0608578091,0.992361111111,283.748728051,0.992361111111,13.6310416667,1.0,14.6665277778,1.0,386.171,0.982639,0.24,0.575,0.872,1.365,1.0,1.0,1.0,1.0,-1.06436,3.0,17.8274,1.0,12.1226,0.415066,81.0718,1.0,55.1285,0.92825,-0.506388,0.977083,0.0351878,-0.501741,-0.496849,-0.480127,0.976389,0.977083,0.976389,2.04093,1.9646,1.99413,2.08481,2.49836,2.46196,2.49767,2.56036,1.38803,1.44297,1.48435,1.5389,2.08693,2.09992,2.1293,2.18447,0.919218,1.0
201205,10.174,1.0,427.106,224.233,1.0,295.536,0.0,5.458,1.0,100.127,0.99328,0.961,1.0,2.65,0.96707,0.530231309935,0.965053763441,124.242107069,0.998655913978,466.011223118,1.0,15.8379704301,1.0,20.8496639785,1.0,412.654,1.0,6.291,4.866,3.755,3.237,1.0,1.0,1.0,1.0,4.82931,3.0,55.2925,1.0,39.0769,0.637047,113.38,1.0,80.1292,1.01073,-1.90145,0.991935,0.0486948,-1.95812,-1.92568,-1.90907,0.994624,0.987903,0.993952,5.23804,4.59131,5.03377,5.32764,6.96987,6.5423,6.93522,7.24671,4.25802,3.53785,3.9354,4.15765,6.22143,5.74126,6.09145,6.22143,2.59627,1.0
201206,12.224,1.0,477.306,205.59,1.0,314.925,0.0,4.131,1.0,99.53,0.852083,2.451,0.858333,2.28,0.957639,0.455419840896,0.954166666667,116.819196603,0.997222222222,434.470714552,0.997916666667,14.2014583333,1.0,20.0972222222,1.0,422.055,1.0,9.494,8.178,6.927,6.169,0.997917,0.997917,0.997917,0.997917,4.03456,3.0,71.4073,1.0,51.1333,0.808329,87.2082,1.0,62.448,0.94909,-2.93969,0.992361,0.0656148,-2.94783,-2.92075,-2.84328,0.992361,0.992361,0.983333,7.14831,6.91458,7.02379,7.74431,10.0715,9.84209,9.97091,10.5628,5.58418,5.55885,5.8683,6.53749,9.15519,9.10293,9.19638,9.91582,4.16264,1.0
201207,16.584,1.0,450.724,199.374,1.0,347.68,0.0,4.594,1.0,99.684,0.0,1.638,0.952957,2.388,0.967742,0.479184268151,0.965725806452,118.179755777,0.997983870968,426.845034031,0.998655913978,12.8034703157,0.999327956989,18.9664722032,0.999327956989,409.595,1.0,13.314,11.553,9.935,8.86,1.0,1.0,1.0,1.0,5.22903,3.0,81.4398,1.0,59.1452,0.843975,74.6248,1.0,54.1959,0.861179,-0.305207,0.997984,0.0936145,-0.37633,-0.317738,-0.0928145,0.999328,0.997984,0.992608,11.8011,11.5774,11.7343,12.8888,12.1051,11.9432,12.0435,12.962,10.2359,10.0344,10.2359,10.3921,11.3749,11.1084,11.1601,11.304,7.68211,1.0
201208,14.18,1.0,359.817,161.03,1.0,332.86,0.0,3.43,1.0,100.033,0.0,2.026,1.0,1.899,0.934812,0.377681579066,0.930107526882,87.6062785022,0.995967741935,344.818915866,0.999327956989,10.7133736559,1.0,15.760483871,1.0,401.948,1.0,12.603,11.859,10.946,10.216,1.0,1.0,1.0,1.0,1.60704,3.0,65.1395,0.999328,46.5317,0.735876,56.5856,0.998656,40.4213,0.640191,-0.658477,0.943548,0.0860451,-0.640743,-0.626729,-0.587424,0.949597,0.939516,0.938844,8.58653,8.67566,8.73116,8.98143,9.34241,9.29636,9.36814,9.5542,7.606,6.80723,7.59108,7.74789,8.82535,8.53624,8.78933,8.85088,6.85109,1.0
201209,10.46,1.0,241.866,85.376,1.0,322.065,0.0,1.498,1.0,99.342,0.0,3.22,1.0,2.588,0.999306,0.511642653677,0.996527777778,28.2659013002,0.999305555556,184.093522459,0.999305555556,7.12666666667,1.0,9.14305555556,1.0,401.589,1.0,10.328,10.315,10.015,9.78,1.0,1.0,1.0,1.0,-0.239868,3.0,29.7601,1.0,15.6878,0.567349,24.5002,1.0,12.915,0.688699,2.1772,0.999306,0.0803087,2.18757,2.21706,2.29089,1.0,1.0,0.999306,7.46411,7.35711,7.40288,7.5736,5.1617,5.12668,5.18225,5.34083,7.26437,7.19665,7.40192,7.58011,5.2278,5.18732,5.2278,5.27628,4.75037,1.0
201210,4.699,1.0,129.623,34.276,0.994624,299.695,0.0,0.625,1.0,99.366,0.0,2.555,0.999328,2.097,0.99328,0.406772733563,0.989919354839,-2.2102193434,0.997311827957,74.6072709334,0.999327956989,4.04503117136,0.999327956989,4.33166752459,0.999327956989,410.003,1.0,6.789,7.693,8.112,8.419,1.0,1.0,1.0,1.0,-3.48243,3.0,7.49354,0.999328,0.42587,0.271986,15.5882,1.0,0.885902,0.584949,1.92318,0.977823,0.0432753,1.89751,1.91492,1.97077,0.983871,0.977823,0.969758,3.66518,3.60141,3.64345,3.66589,1.74773,1.68471,1.71011,1.74064,3.47728,3.43923,3.49404,3.56862,1.78336,1.77075,1.79961,1.82999,2.81528,1.0
201211,2.258,1.0,52.541,10.083,1.0,302.675,0.0,0.449,1.0,99.596,0.0,1.6,1.0,2.777,0.997222,0.558205828265,0.993055555556,-11.02875,1.0,22.8545138889,1.0,2.40805555556,1.0,1.72652777778,1.0,405.736,1.0,3.838,4.668,5.236,5.83,1.0,1.0,1.0,1.0,-3.13646,3.0,1.11232,1.0,-0.0727915,0.130223,16.4838,1.0,-1.07872,0.592445,1.51656,0.99375,0.0230661,1.49171,1.52006,1.5504,0.990278,0.995139,0.996528,1.95054,1.94822,1.95696,1.96425,0.44247,0.397717,0.440964,0.456039,1.69564,1.69062,1.7299,1.78544,0.498377,0.498208,0.515971,0.53255,1.64884,1.0
201212,-8.151,1.0,23.6899,5.367,0.99664,259.854,0.0,0.222,1.0,100.064,0.0,0.065,0.999328,2.43,0.982527,0.469206943621,0.98252688172,-8.95384637383,0.999327956989,10.8724076298,0.999327956989,2.1904198124,0.999327956989,1.61086421871,0.999327956989,417.128,1.0,1.022,2.376,3.291,4.125,1.0,1.0,1.0,1.0,-4.71852,3.0,-0.24268,1.0,0.0455545,0.0623224,22.8184,1.0,-4.28334,0.519775,0.51379,0.571909,0.0093704,0.496808,0.515242,0.531498,0.574597,0.571909,0.571909,0.440675,0.414047,0.430762,0.444883,-0.0878306,-0.0940621,-0.0880498,-0.0792857,0.504943,0.523604,0.535209,0.55613,0.0448493,0.0417432,0.0448435,0.0639177,1.03472,1.0
