TIMESTAMP,TA_F,TA_F_QC,SW_IN_POT,SW_IN_F,SW_IN_F_QC,LW_IN_F,LW_IN_F_QC,VPD_F,VPD_F_QC,PA_F,PA_F_QC,P_F,P_F_QC,WS_F,WS_F_QC,USTAR,USTAR_QC,NETRAD,NETRAD_QC,PPFD_IN,PPFD_IN_QC,PPFD_DIF,PPFD_DIF_QC,PPFD_OUT,PPFD_OUT_QC,SW_DIF,SW_DIF_QC,SW_OUT,SW_OUT_QC,LW_OUT,LW_OUT_QC,CO2_F_MDS,CO2_F_MDS_QC,TS_F_MDS_1,TS_F_MDS_2,TS_F_MDS_3,TS_F_MDS_1_QC,TS_F_MDS_2_QC,TS_F_MDS_3_QC,SWC_F_MDS_1,SWC_F_MDS_2,SWC_F_MDS_1_QC,SWC_F_MDS_2_QC,G_F_MDS,G_F_MDS_QC,LE_F_MDS,LE_F_MDS_QC,LE_CORR,LE_RANDUNC,H_F_MDS,H_F_MDS_QC,H_CORR,H_RANDUNC,NEE_VUT_REF,NEE_VUT_REF_QC,NEE_VUT_REF_RANDUNC,NEE_VUT_25,NEE_VUT_50,NEE_VUT_75,NEE_VUT_25_QC,NEE_VUT_50_QC,NEE_VUT_75_QC,RECO_NT_VUT_REF,RECO_NT_VUT_25,RECO_NT_VUT_50,RECO_NT_VUT_75,GPP_NT_VUT_REF,GPP_NT_VUT_25,GPP_NT_VUT_50,GPP_NT_VUT_75,RECO_DT_VUT_REF,RECO_DT_VUT_25,RECO_DT_VUT_50,RECO_DT_VUT_75,GPP_DT_VUT_REF,GPP_DT_VUT_25,GPP_DT_VUT_50,GPP_DT_VUT_75,RECO_SR,RECO_SR_N
200401,-6.508,0.0,110.54,33.695,0.0,265.45,0.0,0.382,0.0,90.644,0.0,2.677,0.0,0.768,0.0,-9999,-9999,-9999,-9999,-9999,-9999,-9999,-9999,-9999,-9999,-9999,-9999,-9999,-9999,-9999,-9999,-9999,-9999,-9999,-9999,-9999,-9999,-9999,-9999,-9999,-9999,-9999,-9999,-9999,1.0,18.645,0.0,-9999,-9999,27.8495,0.0,-9999,-9999,-9999,-9999,-9999,-9999,-9999,-9999,-9999,-9999,-9999,-9999,-9999,-9999,-9999,-9999,-9999,-9999,-9999,-9999,-9999,-9999,-9999,-9999,-9999,-9999,-9999,-9999,-9999
200402,-2.639,0.0,175.724,60.81,0.0,277.629,0.0,0.77,0.0,91.185,0.0,4.062,0.0,0.932,0.0,-9999,-9999,-9999,-9999,-9999,-9999,-9999,-9999,-9999,-9999,-9999,-9999,-9999,-9999,-9999,-9999,-9999,-9999,-9999,-9999,-9999,-9999,-9999,-9999,-9999,-9999,-9999,-9999,-9999,1.0,18.4888,0.0,-9999,-9999,27.8191,0.0,-9999,-9999,-9999,-9999,-9999,-9999,-9999,-9999,-9999,-9999,-9999,-9999,-9999,-9999,-9999,-9999,-9999,-9999,-9999,-9999,-9999,-9999,-9999,-9999,-9999,-9999,-9999,-9999,-9999
200403,0.285,0.0,272.351,107.154,0.0,281.843,0.0,1.245,0.0,91.576,0.0,3.701,0.0,0.781,0.0,-9999,-9999,-9999,-9999,-9999,-9999,-9999,-9999,-9999,-9999,-9999,-9999,-9999,-9999,-9999,-9999,-9999,-9999,-9999,-9999,-9999,-9999,-9999,-9999,-9999,-9999,-9999,-9999,-9999,1.0,18.645,0.0,-9999,-9999,27.8495,0.0,-9999,-9999,-9999,-9999,-9999,-9999,-9999,-9999,-9999,-9999,-9999,-9999,-9999,-9999,-9999,-9999,-9999,-9999,-9999,-9999,-9999,-9999,-9999,-9999,-9999,-9999,-9999,-9999,-9999
200404,6.162,0.0375,373.278,166.836,0.0409722,292.925,0.0375,2.551,0.0375,91.11,0.0,2.385,0.0,0.648,0.0,-9999,-9999,-9999,-9999,-9999,-9999,-9999,-9999,-9999,-9999,-9999,-9999,-9999,-9999,-9999,-9999,-9999,-9999,-9999,-9999,-9999,-9999,-9999,-9999,-9999,-9999,-9999,-9999,-9999,1.0,18.5695,0.0,-9999,-9999,27.8348,0.0,-9999,-9999,-9999,-9999,-9999,-9999,-9999,-9999,-9999,-9999,-9999,-9999,-9999,-9999,-9999,-9999,-9999,-9999,-9999,-9999,-9999,-9999,-9999,-9999,-9999,-9999,-9999,-9999,-9999
200405,8.591,0.573925,450.326,183.046,0.575269,312.94,0.572581,2.709,0.573925,91.037,0.0,3.291,1.0,0.704,0.0,-9999,-9999,81.3737214797,0.520161290323,317.373447193,0.565860215054,356.803188766,0.786290322581,-9999,-9999,192.009619629,0.630376344086,27.8317069784,0.540994623656,367.124223259,0.548387096774,-9999,-9999,10.277,9.214,8.481,0.573925,0.573925,0.573925,-9999,-9999,-9999,-9999,-9999,1.0,18.5988,0.0,-9999,-9999,27.9222,0.0,-9999,-9999,-9999,-9999,-9999,-9999,-9999,-9999,-9999,-9999,-9999,-9999,-9999,-9999,-9999,-9999,-9999,-9999,-9999,-9999,-9999,-9999,-9999,-9999,-9999,-9999,-9999,-9999,-9999
200406,12.616,0.906944,484.421,188.394,0.909028,340.48,0.904861,2.769,0.90625,91.34,0.0,5.275,1.0,0.613,0.0,-9999,-9999,107.597834883,0.793055555556,351.017935121,0.874305555556,418.640661177,0.666666666667,29.6226650552,0.502777777778,186.7112415,0.666666666667,35.00054564,0.800694444444,385.916113748,0.794444444444,-9999,-9999,13.83,12.519,11.785,0.90625,0.906944,0.906944,-9999,-9999,-9999,-9999,-9999,1.0,18.5695,0.0,-9999,-9999,27.8348,0.0,-9999,-9999,-9999,-9999,-9999,-9999,-9999,-9999,-9999,-9999,-9999,-9999,-9999,-9999,-9999,-9999,-9999,-9999,-9999,-9999,-9999,-9999,-9999,-9999,-9999,-9999,-9999,-9999,-9999
200407,14.455,1.0,465.78,189.345,1.0,351.977,1.0,3.385,1.0,91.358,0.0,4.247,1.0,0.622,0.0,-9999,-9999,109.061610847,0.963037634409,339.928398064,0.999327956989,313.113725833,0.655241935484,34.3896453004,0.625,156.354825507,0.650537634409,36.4709405255,0.963709677419,391.713126238,0.965053763441,-9999,-9999,15.15,14.379,13.599,1.0,1.0,1.0,-9999,-9999,-9999,-9999,-9999,1.0,18.4648,0.0,-9999,-9999,27.7328,0.0,-9999,-9999,-9999,-9999,-9999,-9999,-9999,-9999,-9999,-9999,-9999,-9999,-9999,-9999,-9999,-9999,-9999,-9999,-9999,-9999,-9999,-9999,-9999,-9999,-9999,-9999,-9999,-9999,-9999
200408,15.385,0.517473,399.873,184.53,0.524194,330.315,0.518145,4.774,0.516129,91.225,0.0,2.335,1.0,0.603,0.0,-9999,-9999,-9999,-9999,-9999,-9999,-9999,-9999,-9999,-9999,-9999,-9999,-9999,-9999,-9999,-9999,-9999,-9999,15.802,15.227,14.608,0.516129,0.516129,0.516129,-9999,-9999,-9999,-9999,-9999,1.0,18.645,0.0,-9999,-9999,27.8495,0.0,-9999,-9999,-9999,-9999,-9999,-9999,-9999,-9999,-9999,-9999,-9999,-9999,-9999,-9999,-9999,-9999,-9999,-9999,-9999,-9999,-9999,-9999,-9999,-9999,-9999,-9999,-9999,-9999,-9999
200409,10.499,0.994444,306.307,142.542,0.997222,317.811,0.994444,3.444,0.0104167,91.671,0.0,3.196,1.0,0.652,0.0,-9999,-9999,60.0633405699,0.763194444444,204.182525046,0.644444444444,-9999,-9999,-9999,-9999,-9999,-9999,30.4107175065,0.779861111111,372.394972528,0.767361111111,-9999,-9999,12.837,12.962,12.882,0.994444,0.994444,0.994444,-9999,-9999,-9999,-9999,-9999,1.0,18.5695,0.0,-9999,-9999,27.8348,0.0,-9999,-9999,-9999,-9999,-9999,-9999,-9999,-9999,-9999,-9999,-9999,-9999,-9999,-9999,-9999,-9999,-9999,-9999,-9999,-9999,-9999,-9999,-9999,-9999,-9999,-9999,-9999,-9999,-9999
200410,7.077,0.624328,206.719,80.341,0.974462,314.924,0.972446,1.815,0.0,91.337,0.0,3.515,0.999328,0.736,0.0,-9999,-9999,25.7691622857,0.89247311828,124.523924476,0.741935483871,-9999,-9999,-9999,-9999,-9999,-9999,18.0709329796,0.901209677419,354.206061523,0.894489247312,-9999,-9999,11.093,11.218,11.222,0.995296,0.995296,0.995296,-9999,-9999,-9999,-9999,-9999,1.0,18.5988,0.0,-9999,-9999,27.9222,0.0,-9999,-9999,-9999,-9999,-9999,-9999,-9999,-9999,-9999,-9999,-9999,-9999,-9999,-9999,-9999,-9999,-9999,-9999,-9999,-9999,-9999,-9999,-9999,-9999,-9999,-9999,-9999,-9999,-9999
200411,1.135,0.0,128.04,34.954,0.284028,297.743,0.165278,0.693,0.0,91.352,0.0,3.97,0.0,0.899,0.0,-9999,-9999,-9999,-9999,-9999,-9999,-9999,-9999,-9999,-9999,-9999,-9999,-9999,-9999,-9999,-9999,-9999,-9999,10.267,10.992,11.179,0.08125,0.08125,0.08125,-9999,-9999,-9999,-9999,-9999,1.0,18.5695,0.0,-9999,-9999,27.8348,0.0,-9999,-9999,-9999,-9999,-9999,-9999,-9999,-9999,-9999,-9999,-9999,-9999,-9999,-9999,-9999,-9999,-9999,-9999,-9999,-9999,-9999,-9999,-9999,-9999,-9999,-9999,-9999,-9999,-9999
200412,-2.206,0.0,93.4577,28.804,0.0,277.837,0.0,0.489,0.0,91.507,0.0,1.363,0.0,0.646,0.0,-9999,-9999,-9999,-9999,-9999,-9999,-9999,-9999,-9999,-9999,-9999,-9999,-9999,-9999,-9999,-9999,-9999,-9999,10.158,10.929,11.152,0.0,0.0,0.0,-9999,-9999,-9999,-9999,-9999,1.0,18.4648,0.0,-9999,-9999,27.7328,0.0,-9999,-9999,-9999,-9999,-9999,-9999,-9999,-9999,-9999,-9999,-9999,-9999,-9999,-9999,-9999,-9999,-9999,-9999,-9999,-9999,-9999,-9999,-9999,-9999,-9999,-9999,-9999,-9999,-9999
200501,-3.054,0.0,110.54,32.452,0.0,271.929,0.0,0.585,0.0,91.322,0.0,4.266,0.0,0.946,0.0,-9999,-9999,-9999,-9999,-9999,-9999,-9999,-9999,-9999,-9999,-9999,-9999,-9999,-9999,-9999,-9999,-9999,-9999,10.163,10.935,11.155,0.0,0.0,0.0,-9999,-9999,-9999,-9999,-9999,1.0,18.645,0.0,-9999,-9999,27.8495,0.0,-9999,-9999,-9999,-9999,-9999,-9999,-9999,-9999,-9999,-9999,-9999,-9999,-9999,-9999,-9999,-9999,-9999,-9999,-9999,-9999,-9999,-9999,-9999,-9999,-9999,-9999,-9999,-9999,-9999
200502,-5.648,0.0,174.219,65.005,0.0,263.436,0.0,0.5,0.0,91.094,0.0,3.597,0.0,0.697,0.0,-9999,-9999,-9999,-9999,-9999,-9999,-9999,-9999,-9999,-9999,-9999,-9999,-9999,-9999,-9999,-9999,-9999,-9999,10.225,10.966,11.176,0.0,0.0,0.0,-9999,-9999,-9999,-9999,-9999,1.0,18.6019,0.0,-9999,-9999,27.9316,0.0,-9999,-9999,-9999,-9999,-9999,-9999,-9999,-9999,-9999,-9999,-9999,-9999,-9999,-9999,-9999,-9999,-9999,-9999,-9999,-9999,-9999,-9999,-9999,-9999,-9999,-9999,-9999,-9999,-9999
200503,-2.129,0.0,268.929,132.894,0.0,260.524,0.0,1.243,0.0,91.15,0.0,1.707,0.0,0.794,0.0,-9999,-9999,-9999,-9999,-9999,-9999,-9999,-9999,-9999,-9999,-9999,-9999,-9999,-9999,-9999,-9999,-9999,-9999,15.563,13.674,12.994,0.0,0.0,0.0,-9999,-9999,-9999,-9999,-9999,1.0,18.4648,0.0,-9999,-9999,27.7328,0.0,-9999,-9999,-9999,-9999,-9999,-9999,-9999,-9999,-9999,-9999,-9999,-9999,-9999,-9999,-9999,-9999,-9999,-9999,-9999,-9999,-9999,-9999,-9999,-9999,-9999,-9999,-9999,-9999,-9999
200504,6.311,0.0402778,370.219,168.867,0.0409722,292.461,0.0402778,2.837,0.0402778,91.164,0.0,2.931,0.133333,0.631,0.0,-9999,-9999,-9999,-9999,-9999,-9999,-9999,-9999,-9999,-9999,-9999,-9999,-9999,-9999,-9999,-9999,-9999,-9999,15.623,13.703,13.01,0.0,0.0,0.0,-9999,-9999,-9999,-9999,-9999,1.0,18.5695,0.0,-9999,-9999,27.8348,0.0,-9999,-9999,-9999,-9999,-9999,-9999,-9999,-9999,-9999,-9999,-9999,-9999,-9999,-9999,-9999,-9999,-9999,-9999,-9999,-9999,-9999,-9999,-9999,-9999,-9999,-9999,-9999,-9999,-9999
200505,12.594,0.982527,448.396,206.796,0.983199,314.704,0.982527,5.119,0.982527,91.319,0.0,4.497,0.983199,0.733,0.516801,-9999,-9999,113.505748767,0.91061827957,-9999,-9999,268.851763796,0.622983870968,65.9394424719,0.567876344086,114.364099217,0.622311827957,68.8454051224,0.560483870968,375.312422052,0.924731182796,-9999,-9999,15.6,13.772,13.092,0.0,0.0,0.0,-9999,-9999,-9999,-9999,-9999,1.0,18.645,0.0,-9999,-9999,27.8495,0.0,-9999,-9999,-9999,-9999,-9999,-9999,-9999,-9999,-9999,-9999,-9999,-9999,-9999,-9999,-9999,-9999,-9999,-9999,-9999,-9999,-9999,-9999,-9999,-9999,-9999,-9999,-9999,-9999,-9999
200506,12.567,0.952083,484.128,208.286,0.957639,328.763,0.957639,4.579,0.952083,91.435,0.0,4.53,1.0,0.564,0.538194,-9999,-9999,118.383890714,0.89375,-9999,-9999,300.746319027,0.502777777778,29.7771535204,0.586805555556,-9999,-9999,62.8514466223,0.571527777778,383.075245226,0.898611111111,-9999,-9999,15.358,13.713,13.069,0.188889,0.188889,0.188889,-9999,-9999,-9999,-9999,-9999,1.0,18.5695,0.0,-9999,-9999,27.8348,0.0,-9999,-9999,-9999,-9999,-9999,-9999,-9999,-9999,-9999,-9999,-9999,-9999,-9999,-9999,-9999,-9999,-9999,-9999,-9999,-9999,-9999,-9999,-9999,-9999,-9999,-9999,-9999,-9999,-9999
200507,15.836,1.0,467.191,196.381,1.0,345.749,1.0,4.276,1.0,91.388,0.998656,12.52,0.0208333,0.547,0.684812,-9999,-9999,108.257829327,0.995295698925,372.853103614,0.966397849462,341.684285543,0.665994623656,81.2469963735,0.645833333333,149.269235478,0.665994623656,66.1280488432,0.609543010753,400.157830929,0.997311827957,-9999,-9999,16.334,14.076,13.342,1.0,1.0,1.0,-9999,-9999,-9999,-9999,-9999,1.0,18.5988,0.0,-9999,-9999,27.9222,0.0,-9999,-9999,-9999,-9999,-9999,-9999,-9999,-9999,-9999,-9999,-9999,-9999,-9999,-9999,-9999,-9999,-9999,-9999,-9999,-9999,-9999,-9999,-9999,-9999,-9999,-9999,-9999,-9999,-9999
200508,13.902,0.678091,402.57,161.973,0.690188,342.689,0.678091,3.218,0.677419,91.48,0.99664,13.786,0.0208333,0.53,0.411962,-9999,-9999,90.2789105997,0.52688172043,323.648895082,0.506720430108,289.775641587,0.610215053763,-9999,-9999,129.110638302,0.608870967742,-9999,-9999,404.056380933,0.548387096774,-9999,-9999,16.247,16.354,15.799,0.711694,0.711694,0.711694,-9999,-9999,-9999,-9999,-9999,1.0,18.4648,0.0,-9999,-9999,27.7328,0.0,-9999,-9999,-9999,-9999,-9999,-9999,-9999,-9999,-9999,-9999,-9999,-9999,-9999,-9999,-9999,-9999,-9999,-9999,-9999,-9999,-9999,-9999,-9999,-9999,-9999,-9999,-9999,-9999,-9999
200509,12.083,0.85,309.608,141.585,0.855556,322.52,0.85,2.833,0.85,91.783,0.9875,3.506,0.0208333,0.714,0.6,-9999,-9999,65.6796845364,0.772222222222,312.306758724,0.655555555556,-9999,-9999,-9999,-9999,-9999,-9999,-9999,-9999,384.542206771,0.772222222222,-9999,-9999,14.524,16.326,16.113,0.852083,0.852083,0.852083,-9999,-9999,-9999,-9999,-9999,1.0,18.5695,0.0,-9999,-9999,27.8348,0.0,-9999,-9999,-9999,-9999,-9999,-9999,-9999,-9999,-9999,-9999,-9999,-9999,-9999,-9999,-9999,-9999,-9999,-9999,-9999,-9999,-9999,-9999,-9999,-9999,-9999,-9999,-9999,-9999,-9999
200510,7.497,0.74664,209.803,99.903,0.752016,300.334,0.74664,1.785,0.0,92.05,1.0,1.107,0.0208333,0.615,0.412634,-9999,-9999,44.2872562677,0.668010752688,194.478490681,0.671370967742,-9999,-9999,-9999,-9999,-9999,-9999,-9999,-9999,346.385793543,0.66935483871,-9999,-9999,10.12,13.007,13.224,0.747312,0.747312,0.747312,-9999,-9999,-9999,-9999,-9999,1.0,18.645,0.0,-9999,-9999,27.8495,0.0,-9999,-9999,-9999,-9999,-9999,-9999,-9999,-9999,-9999,-9999,-9999,-9999,-9999,-9999,-9999,-9999,-9999,-9999,-9999,-9999,-9999,-9999,-9999,-9999,-9999,-9999,-9999,-9999,-9999
200511,0.159,0.00902778,130.01,43.427,0.00972222,284.401,0.00902778,0.791,0.0,91.442,0.0,2.083,0.0,0.575,0.0,-9999,-9999,-9999,-9999,-9999,-9999,-9999,-9999,-9999,-9999,-9999,-9999,-9999,-9999,-9999,-9999,-9999,-9999,7.409,10.942,11.477,0.00902778,0.00902778,0.00902778,-9999,-9999,-9999,-9999,-9999,1.0,18.5695,0.0,-9999,-9999,27.8348,0.0,-9999,-9999,-9999,-9999,-9999,-9999,-9999,-9999,-9999,-9999,-9999,-9999,-9999,-9999,-9999,-9999,-9999,-9999,-9999,-9999,-9999,-9999,-9999,-9999,-9999,-9999,-9999,-9999,-9999
200512,-3.598,0.0,93.7764,20.128,0.0,283.821,0.0,0.309,0.0,91.031,0.0,5.913,0.0,0.809,0.0,-9999,-9999,-9999,-9999,-9999,-9999,-9999,-9999,-9999,-9999,-9999,-9999,-9999,-9999,-9999,-9999,-9999,-9999,1.819,10.963,11.491,0.000672043,0.0,0.0,-9999,-9999,-9999,-9999,-9999,1.0,18.5988,0.0,-9999,-9999,27.9222,0.0,-9999,-9999,-9999,-9999,-9999,-9999,-9999,-9999,-9999,-9999,-9999,-9999,-9999,-9999,-9999,-9999,-9999,-9999,-9999,-9999,-9999,-9999,-9999,-9999,-9999,-9999,-9999,-9999,-9999
200601,-8.951,0.0,110.54,41.958,0.0,251.092,0.0,0.309,0.0,92.083,0.0,2.166,0.0,0.599,0.0,-9999,-9999,-9999,-9999,-9999,-9999,-9999,-9999,-9999,-9999,-9999,-9999,-9999,-9999,-9999,-9999,-9999,-9999,1.486,10.956,11.487,0.991935,0.0,0.0,-9999,-9999,-9999,-9999,-9999,1.0,18.4648,0.0,-9999,-9999,27.7328,0.0,-9999,-9999,1.0183,0.0,-9999,0.951763,0.973123,1.01697,0.0,0.0,0.0,0.462984,0.362012,0.463136,0.474892,-0.549617,-0.595383,-0.547911,-0.486293,1.09437,1.09437,1.09437,1.16776,0.126715,0.126716,0.126716,0.191192,-9999,-9999
200602,-5.151,0.0,174.219,64.976,0.0,264.697,0.0,0.481,0.0,90.959,0.0,2.368,0.0,0.701,0.0,-9999,-9999,-9999,-9999,-9999,-9999,-9999,-9999,-9999,-9999,-9999,-9999,-9999,-9999,-9999,-9999,-9999,-9999,1.023,10.949,11.482,0.903274,0.0,0.0,-9999,-9999,-9999,-9999,-9999,1.0,18.6531,0.0,-9999,-9999,27.8511,0.0,-9999,-9999,1.00829,0.0,-9999,0.942861,0.965028,1.00709,0.0,0.0,0.0,0.63758,0.533139,0.637742,0.650259,-0.361256,-0.411526,-0.360493,-0.297368,1.24562,1.24562,1.24562,1.32915,0.190618,0.190619,0.19062,0.261585,-9999,-9999
200603,-1.985,0.0,268.929,107.442,0.0,273.583,0.0,0.861,0.0,90.674,0.0,3.289,0.0,0.726,0.0,-9999,-9999,-9999,-9999,-9999,-9999,-9999,-9999,-9999,-9999,-9999,-9999,-9999,-9999,-9999,-9999,-9999,-9999,0.695,15.169,14.3,1.0,0.0,0.0,-9999,-9999,-9999,-9999,-9999,1.0,18.5988,0.0,-9999,-9999,27.9222,0.0,-9999,-9999,1.0073,0.0,-9999,0.942736,0.964244,1.00588,0.0,0.0,0.0,0.821443,0.737474,0.822288,0.836471,-0.170889,-0.21749,-0.166257,-0.10241,1.36002,1.36002,1.36003,1.45123,0.3028,0.302801,0.302802,0.365918,-9999,-9999
200604,6.151,0.0,370.219,162.302,0.0,296.176,0.0,2.493,0.0,91.029,0.0,3.105,0.0,0.538,0.0,-9999,-9999,-9999,-9999,-9999,-9999,-9999,-9999,-9999,-9999,-9999,-9999,-9999,-9999,-9999,-9999,-9999,-9999,1.897,15.304,14.39,0.904167,0.0,0.0,-9999,-9999,-9999,-9999,-9999,1.0,18.5695,0.0,-9999,0.349331,27.8348,0.0,-9999,0.708642,1.0114,0.0,0.0188158,0.945884,0.967546,1.01008,0.0,0.0,0.0,1.37171,1.37634,1.40403,1.41654,0.393957,0.392818,0.42133,0.44782,1.62503,1.62503,1.62503,1.73401,0.440041,0.440042,0.440043,0.479996,-9999,-9999
200605,9.989,0.948925,448.396,182.186,0.910618,297.675,0.909946,3.728,0.948925,91.313,0.0,4.699,0.0,0.811,0.377688,-9999,-9999,84.2923865434,0.897849462366,355.961030709,0.90188172043,-9999,-9999,28.8444106318,0.887768817204,-9999,-9999,34.0147877223,0.898521505376,355.60490625,0.903225806452,378.012,0.861559,10.398,15.213,14.305,0.947581,0.0,0.0,66.158,-9999,0.834677,-9999,-9999,1.0,17.3133,0.853495,-9999,0.212917,27.5423,0.853495,-9999,0.361699,-0.249425,0.825269,0.0237278,-0.282643,-0.243827,-0.240804,0.823253,0.829973,0.827957,2.7998,2.79782,2.80994,2.81828,3.05088,3.03071,3.05088,3.09372,2.11793,2.05466,2.11793,2.14175,2.82761,2.76592,2.80077,2.82956,-9999,-9999
200606,14.353,1.0,484.128,219.05,0.991667,315.575,0.990972,5.137,1.0,91.639,0.0,5.022,0.0,0.601,0.401389,-9999,-9999,119.284434923,0.988194444444,405.149302975,0.986805555556,-9999,-9999,19.6021965624,0.991666666667,-9999,-9999,33.9410115492,0.990277777778,371.611100379,0.989583333333,370.065,0.945139,13.616,15.204,14.304,1.0,0.143056,0.143056,68.514,-9999,0.0,-9999,-9999,1.0,30.6516,0.947222,-9999,0.425761,22.8316,0.945833,-9999,0.279335,-3.17318,0.911111,0.0509684,-3.28416,-3.23696,-3.17318,0.909722,0.895139,0.911111,4.76488,4.69902,5.12499,5.59639,8.26009,7.98913,8.30569,8.77134,4.14438,3.82447,4.05722,4.14438,7.67651,7.42473,7.50889,7.69935,-9999,-9999
200607,19.153,0.917339,467.191,256.899,0.981183,316.353,0.979167,9.564,0.898522,91.711,0.0,1.734,0.0,0.589,0.435484,-9999,-9999,-9999,-9999,497.387858045,0.809811827957,203.732292646,1.0,18.3697929705,0.934139784946,75.13644178,1.0,49.6956326701,1.0,394.187988278,0.952284946237,391.234,0.938172,17.44,15.935,14.962,0.917339,0.917339,0.917339,68.699,-9999,0.0,-9999,-9999,1.0,52.0247,0.932124,-9999,0.374759,28.8505,0.93078,-9999,0.320505,-2.4165,0.905242,0.0536509,-2.45592,-2.42612,-2.41611,0.895833,0.895161,0.905242,6.50771,6.48704,6.85208,7.23174,9.14705,8.91085,9.26819,9.61896,3.96339,3.5226,3.5531,3.90029,6.06396,5.77393,5.79251,6.0294,-9999,-9999
200608,13.069,1.0,402.57,133.12,1.0,331.822,1.0,2.712,1.0,90.783,0.0,6.55,0.0,0.496,0.725806,0.12436053822,0.637096774194,-9999,-9999,274.7914245,0.762768817204,198.851386363,1.0,19.7799108443,1.0,91.7830654227,1.0,22.3562956126,1.0,370.057997984,1.0,407.379,0.974462,15.415,15.084,14.713,1.0,1.0,1.0,68.75,-9999,0.0,-9999,-9999,1.0,22.0838,0.969758,-9999,0.24939,18.0491,0.972446,-9999,0.304847,0.865334,0.955645,0.0338719,0.851853,0.871397,0.897551,0.956989,0.900538,0.954973,4.99925,4.85316,4.9427,5.0077,3.98654,3.9875,4.06708,4.12236,4.89775,4.71211,4.85535,4.97216,3.98102,3.98153,4.0358,4.12249,-9999,-9999
200609,14.062,0.945139,309.608,160.78,0.957639,302.391,0.955556,4.053,0.945139,91.596,0.0,1.328,0.0,0.796,0.829861,0.147834039476,0.746527777778,-9999,-9999,320.900427788,0.547916666667,133.769743016,1.0,22.7562458732,0.927777777778,56.052308116,1.0,31.0465634515,0.6125,368.187405524,0.928472222222,401.448,0.977778,14.118,13.711,13.415,0.945139,0.945139,0.945139,68.757,-9999,0.0,-9999,-9999,1.0,19.4279,0.969444,-9999,0.226878,19.8062,0.977083,-9999,0.330573,-0.0866198,0.941667,0.0267127,-0.114619,-0.0968449,-0.0866198,0.947917,0.947222,0.941667,3.93707,3.80763,3.84225,3.91544,3.90813,3.92141,3.94458,4.00369,3.65671,3.51885,3.64384,3.68712,3.56338,3.49399,3.52455,3.56467,-9999,-9999
200610,9.036,0.589382,209.803,90.565,0.578629,292.104,0.588038,2.349,0.589382,91.441,0.0,1.465,0.0,0.725,0.864247,0.164480900488,0.747311827957,-9999,-9999,-9999,-9999,87.0888954966,1.0,-9999,-9999,35.5866073542,1.0,-9999,-9999,-9999,-9999,421.954,0.853495,11.063,11.399,11.506,0.589382,0.589382,0.589382,68.76,-9999,0.0,-9999,-9999,1.0,4.27088,0.862231,-9999,0.0662061,9.84569,0.897849,-9999,0.351776,0.833208,0.72043,0.0216914,0.804185,0.828206,0.836376,0.729839,0.721774,0.715054,2.09572,2.09107,2.095,2.10237,1.28686,1.25924,1.26716,1.28652,2.33267,2.23405,2.3261,2.34611,1.90533,1.77457,1.84008,1.88858,-9999,-9999
200611,4.233,0.0743056,130.01,32.864,0.190972,303.568,0.209028,0.803,0.0743056,91.365,0.0,3.774,0.0,0.802,0.0527778,-9999,-9999,-9999,-9999,-9999,-9999,-9999,-9999,-9999,-9999,-9999,-9999,-9999,-9999,-9999,-9999,431.113,0.199306,9.855,10.317,10.475,0.0743056,0.0743056,0.0743056,68.757,-9999,0.0,-9999,-9999,1.0,1.21352,0.198611,-9999,0.0381155,6.19207,0.199306,-9999,0.594744,1.57695,0.199306,-9999,1.57645,1.57718,1.57743,0.199306,0.199306,0.199306,1.69308,1.60996,1.68269,1.68828,0.109025,0.0293639,0.105856,0.112522,0.846658,0.844181,0.846658,0.851304,0.159123,0.158898,0.159123,0.163065,-9999,-9999
200612,0.266,0.0,93.7764,25.349,0.0,288.063,0.0,0.612,0.0,92.099,0.0,1.431,0.0,0.774,0.0,-9999,-9999,-9999,-9999,-9999,-9999,-9999,-9999,-9999,-9999,-9999,-9999,-9999,-9999,-9999,-9999,430.806,0.0,4.005,3.687,4.137,0.0,0.0,0.0,68.755,-9999,0.0,-9999,-9999,1.0,0.953254,0.0,-9999,-9999,8.87326,0.0,-9999,-9999,1.58052,0.0,-9999,1.58052,1.58052,1.58052,0.0,0.0,0.0,1.31832,1.16656,1.30341,1.31143,-0.272071,-0.413956,-0.277106,-0.269087,0.637438,0.634702,0.637438,0.643118,0.121643,0.121451,0.121643,0.12489,-9999,-9999
200701,0.357,0.0,110.54,25.399,0.0,291.676,0.0,0.755,0.0,91.158,1.0,5.483,0.0,1.151,0.0,-9999,-9999,-9999,-9999,-9999,-9999,-9999,-9999,-9999,-9999,-9999,-9999,-9999,-9999,-9999,-9999,434.563,0.0,2.651,2.206,2.651,0.475806,0.475806,0.475806,68.755,-9999,0.0,-9999,-9999,1.0,3.73812,0.0,-9999,-9999,23.9883,0.0,-9999,-9999,1.19448,0.0,-9999,1.19448,1.19949,1.2064,0.0,0.0,0.0,1.58986,1.44735,1.522,1.59302,0.297787,0.244113,0.318756,0.390835,1.80092,1.64628,1.78513,1.801,0.386832,0.371294,0.384151,0.390872,-9999,-9999
200702,-0.381,0.0,174.219,56.659,0.0,286.198,0.0,0.665,0.0,90.895,0.93006,2.64,0.0,0.782,0.0,-9999,-9999,-9999,-9999,-9999,-9999,-9999,-9999,-9999,-9999,-9999,-9999,-9999,-9999,-9999,-9999,439.845,0.0,2.128,1.784,2.128,1.0,1.0,1.0,68.76,-9999,0.0,-9999,-9999,1.0,7.61986,0.0,-9999,-9999,45.2432,0.0,-9999,-9999,0.669521,0.0,-9999,0.674363,0.685049,0.698547,0.0,0.0,0.0,1.55366,1.41279,1.46546,1.54126,0.746281,0.732607,0.769804,0.856209,1.77426,1.62052,1.7587,1.77433,0.776156,0.750883,0.771063,0.781629,-9999,-9999
200703,2.86,0.0,268.929,108.979,0.0,285.272,0.0,1.604,0.0,91.226,0.998656,3.397,0.0,0.759,0.0,-9999,-9999,-9999,-9999,-9999,-9999,-9999,-9999,-9999,-9999,-9999,-9999,-9999,-9999,-9999,-9999,439.717,0.0,1.917,1.702,1.917,1.0,1.0,1.0,68.755,-9999,0.0,-9999,-9999,1.0,7.62825,0.0,-9999,-9999,45.3303,0.0,-9999,-9999,0.67306,0.0,-9999,0.677162,0.685855,0.701103,0.0,0.0,0.0,1.72069,1.61859,1.69578,1.72152,0.991161,0.940717,1.01245,1.05454,1.90626,1.74466,1.89958,1.90668,1.30262,1.27216,1.28624,1.30989,-9999,-9999
200704,7.023,0.00694444,370.219,197.633,0.00763889,281.196,0.00694444,3.919,0.00694444,91.589,0.997917,0.297,0.0,0.66,0.892361,0.123683287254,0.791666666667,-9999,-9999,-9999,-9999,-9999,-9999,-9999,-9999,-9999,-9999,-9999,-9999,-9999,-9999,432.368,0.824306,6.823,5.987,5.475,0.520833,0.520833,0.520833,68.757,-9999,0.0,-9999,-9999,1.0,17.1672,0.877083,-9999,0.149711,45.9055,0.897917,-9999,0.541157,0.446283,0.464583,-9999,0.445925,0.452783,0.466281,0.500694,0.54375,0.384722,1.92479,1.8412,1.99381,2.01094,1.56671,1.4528,1.52465,1.56792,2.06216,1.88735,2.05494,2.06261,2.09563,2.05176,2.07726,2.10005,-9999,-9999
200705,11.184,0.919355,448.396,215.717,0.770833,304.033,0.770161,3.871,0.776882,90.728,0.865591,3.694,0.0,0.82,0.977151,0.134455234649,0.941532258065,122.111919651,0.671370967742,460.789107911,0.646505376344,-9999,-9999,24.8357155693,0.67002688172,-9999,-9999,41.2949812164,0.671370967742,377.638487912,0.671370967742,392.2,0.994624,11.277,10.085,9.39,0.919355,0.919355,0.919355,68.755,-9999,0.0,-9999,-9999,1.0,33.9269,0.986559,-9999,0.258635,28.3119,0.993952,-9999,0.333494,-1.65236,0.909274,0.0359392,-1.70936,-1.66748,-1.65534,0.975806,0.956989,0.941532,4.0632,4.01648,4.09745,4.17291,5.85964,5.75087,5.78615,5.82825,3.46396,3.42702,3.51234,3.55655,5.61471,5.54623,5.58442,5.62418,-9999,-9999
200706,15.332,1.0,484.128,211.295,0.819444,330.675,0.816667,4.615,1.0,90.481,0.998611,5.344,0.0,0.562,0.995833,0.104704341735,0.944444444444,121.784888656,0.780555555556,410.121248021,0.784027777778,-9999,-9999,16.1894757929,0.783333333333,-9999,-9999,36.4586137985,0.783333333333,383.531433408,0.786111111111,393.635,1.0,15.661,14.4,13.591,1.0,1.0,1.0,47.807,-9999,0.0,-9999,-9999,1.0,40.6125,0.995833,-9999,0.462844,19.458,1.0,-9999,0.39758,-2.86608,0.863194,0.0536477,-2.87432,-2.85034,-2.80522,0.8375,0.834722,0.899306,6.44577,6.35523,6.4533,6.54954,9.57971,9.16665,9.32523,9.39925,6.95428,6.22938,6.40211,6.73753,9.13649,8.85419,9.02437,9.19664,-9999,-9999
200707,16.244,1.0,467.191,215.414,1.0,326.389,1.0,6.433,1.0,91.084,0.0,3.517,0.0,0.469,0.992608,0.129742997849,0.946908602151,126.001708963,0.999327956989,386.899972143,0.516129032258,-9999,-9999,22.1406106878,1.0,-9999,-9999,39.3316025249,1.0,386.282946909,1.0,395.588,1.0,16.881,14.947,14.238,1.0,0.174731,0.174731,13.071,-9999,0.0,-9999,-9999,1.0,44.2643,1.0,-9999,0.395286,23.8409,0.998656,-9999,0.395472,-1.67904,0.994624,0.0444462,-1.72732,-1.67557,-1.64362,0.985887,0.995968,0.995968,5.80131,5.88624,5.91168,6.06964,7.55206,7.50488,7.56766,7.81454,4.17222,4.18211,4.57358,4.68929,6.6553,6.46371,6.61641,6.77887,-9999,-9999
200708,15.825,1.0,402.57,182.509,0.986559,320.525,0.985215,4.909,0.986559,91.253,0.0,3.017,0.0,0.626,0.965726,0.136969394318,0.909946236559,87.3099284189,0.968413978495,-9999,-9999,-9999,-9999,29.2599274723,0.973790322581,-9999,-9999,35.3879933897,0.969758064516,388.949396027,0.969758064516,395.309,0.987231,16.649,14.97,14.258,0.986559,0.0,0.0,13.045,-9999,0.0,-9999,-9999,1.0,30.9992,0.985887,-9999,0.291906,22.5449,0.985215,-9999,0.354989,0.210755,0.979839,0.0322528,0.20686,0.216395,0.22226,0.984543,0.984543,0.975806,4.94651,4.91788,4.95877,5.01734,4.80188,4.71994,4.76361,4.80258,4.4991,4.46258,4.50877,4.60124,4.55298,4.44272,4.51491,4.55849,-9999,-9999
200709,9.204,1.0,309.608,110.379,1.0,304.989,1.0,2.003,1.0,91.383,0.0,6.197,0.0,0.571,0.995833,0.146164885773,0.926388888889,45.0542091222,1.0,-9999,-9999,-9999,-9999,11.256190874,1.0,-9999,-9999,21.6086501542,1.0,355.029130556,1.0,397.482,1.0,12.096,14.882,14.247,1.0,0.0,0.0,13.064,-9999,0.0,-9999,-9999,1.0,11.4221,1.0,-9999,0.181833,18.2096,0.999306,-9999,0.292307,0.741375,0.999306,0.0240082,0.741569,0.749546,0.758863,1.0,0.997222,0.995833,3.35826,3.34213,3.38428,3.41769,2.62478,2.5773,2.62958,2.66173,3.32908,3.12296,3.27519,3.30739,2.7397,2.68022,2.73246,2.74567,-9999,-9999
200710,5.267,1.0,209.803,66.719,1.0,298.652,1.0,1.278,1.0,91.859,0.0,2.378,0.0,0.728,0.995296,0.140563302696,0.940188172043,21.1799067847,0.997311827957,-9999,-9999,-9999,-9999,5.28567626071,1.0,-9999,-9999,13.912063515,1.0,333.711897177,1.0,410.886,1.0,8.759,14.754,14.163,1.0,0.0,0.0,13.075,-9999,0.0,-9999,-9999,1.0,4.4315,0.998656,-9999,0.103897,9.29882,0.999328,-9999,0.301017,1.14592,0.995296,0.0174671,1.1271,1.13626,1.15217,0.997984,0.995968,0.99328,2.2821,2.29908,2.32671,2.33227,1.19777,1.16389,1.17424,1.18554,2.33661,2.28112,2.31546,2.32839,1.14268,1.13607,1.14028,1.14427,-9999,-9999
200711,-0.822,0.00902778,130.01,34.291,0.00972222,289.739,0.00902778,0.478,0.00902778,91.136,0.0,4.287,0.0,0.955,0.844444,0.142194358065,0.741666666667,-9999,-9999,-9999,-9999,-9999,-9999,-9999,-9999,-9999,-9999,-9999,-9999,-9999,-9999,412.42,0.852778,3.889,14.755,14.165,1.0,0.0,0.0,13.064,-9999,0.0,-9999,-9999,1.0,0.289983,0.796528,-9999,0.0392231,-4.4924,0.828472,-9999,0.281132,1.06681,0.575,0.0196911,1.04592,1.0647,1.08108,0.663889,0.60625,0.475694,1.6634,1.62114,1.65562,1.68906,0.553441,0.575969,0.596672,0.611252,2.27529,1.76886,2.0198,2.1544,0.713252,0.565275,0.675958,0.729904,-9999,-9999
200712,-3.315,0.0,93.7764,26.993,0.0,274.494,0.0,0.439,0.0,91.814,0.0,1.517,0.0,0.708,0.0,-9999,-9999,-9999,-9999,-9999,-9999,-9999,-9999,-9999,-9999,-9999,-9999,-9999,-9999,-9999,-9999,413.006,0.0,1.778,14.757,14.167,1.0,0.0,0.0,13.071,-9999,0.0,-9999,-9999,1.0,-0.234338,0.0,-9999,-9999,-1.70961,0.0,-9999,-9999,0.728712,0.0,-9999,0.71619,0.725369,0.741625,0.0,0.0,0.0,1.51769,1.42393,1.50047,1.54673,0.686901,0.702478,0.777201,0.803767,1.97254,1.55041,1.76202,1.84786,0.616536,0.478743,0.583614,0.631162,-9999,-9999
200801,-1.053,0.0,110.54,28.754,0.0,284.769,0.0,0.675,0.0,91.627,0.0,2.34,0.0,0.976,0.0,-9999,-9999,-9999,-9999,-9999,-9999,-9999,-9999,-9999,-9999,-9999,-9999,-9999,-9999,-9999,-9999,411.955,0.0,1.06,14.754,14.165,1.0,0.0,0.0,13.045,-9999,0.0,-9999,-9999,1.0,0.598167,0.0,-9999,-9999,-1.18138,0.0,-9999,-9999,0.737661,0.0,-9999,0.727642,0.735204,0.7523,0.0,0.0,0.0,1.12928,1.10883,1.13038,1.13925,0.422073,0.365622,0.381211,0.405848,1.42661,0.262618,1.41851,2.12893,1.00559,0.46149,0.750449,0.994559,-9999,-9999
200802,-0.118,0.0,175.724,65.567,0.0,276.087,0.0,1.037,0.0,92.07,0.0,1.331,0.0,0.812,0.0,-9999,-9999,-9999,-9999,-9999,-9999,-9999,-9999,-9999,-9999,-9999,-9999,-9999,-9999,-9999,-9999,403.258,0.0,0.627,14.756,14.165,1.0,0.0,0.0,13.084,-9999,0.0,-9999,-9999,1.0,9.98941,0.0,-9999,-9999,5.44406,0.0,-9999,-9999,0.919796,0.0,-9999,0.899829,0.922135,0.928823,0.0,0.0,0.0,1.17236,1.1571,1.16826,1.17676,0.256952,0.237277,0.247634,0.268563,1.45825,0.268442,1.44996,2.17614,1.74238,0.985805,1.46645,1.74238,-9999,-9999
200803,0.84,0.0,272.351,111.578,0.0,277.385,0.0,1.308,0.0,90.233,0.0,4.323,0.0,0.891,0.00672043,-9999,-9999,-9999,-9999,-9999,-9999,-9999,-9999,-9999,-9999,-9999,-9999,-9999,-9999,-9999,-9999,403.19,0.00739247,1.15,14.622,14.048,1.0,0.0,0.0,13.045,-9999,0.0,-9999,-9999,1.0,10.2102,0.004704,-9999,-9999,5.36748,0.007392,-9999,-9999,0.915563,0.00336022,-9999,0.891105,0.915563,0.924427,0.00336022,0.00336022,0.00268817,1.2168,1.19834,1.20758,1.21496,0.29876,0.278806,0.29285,0.313544,1.49258,0.274762,1.4841,2.22738,2.41455,1.57892,2.19243,2.41455,-9999,-9999
200804,5.642,0.967361,373.278,158.032,0.00763889,295.598,0.00694444,2.478,0.967361,90.753,0.0,2.041,0.0,0.984,0.990972,0.139313444629,0.929166666667,-9999,-9999,-9999,-9999,-9999,-9999,-9999,-9999,-9999,-9999,-9999,-9999,-9999,-9999,401.701,0.830556,5.814,2.704,3.44,1.0,0.0,0.0,13.064,-9999,0.0,-9999,-9999,1.0,11.5579,0.649306,-9999,0.241481,26.0421,0.997917,-9999,0.567571,0.612188,0.463194,0.0349963,0.592127,0.599083,0.603531,0.564583,0.539583,0.551389,1.8171,1.79387,1.80018,1.81472,1.20636,1.19244,1.20041,1.21573,1.6473,0.303244,1.63794,2.4571,3.08857,2.16502,2.90443,3.09046,-9999,-9999
200805,10.896,1.0,450.326,203.062,1.0,310.146,1.0,3.618,1.0,91.315,0.0,3.178,0.0,0.705,0.995968,0.136196949873,0.953629032258,109.889070561,0.999327956989,349.712757328,0.768817204301,-9999,-9999,22.3818558876,1.0,-9999,-9999,39.8060645314,1.0,364.458342742,1.0,396.17,1.0,10.962,2.566,3.318,1.0,0.0,0.0,13.988,-9999,0.0,-9999,-9999,1.0,28.6591,0.998656,-9999,0.214896,28.9809,1.0,-9999,0.370142,-2.16608,0.995968,0.0310067,-2.18976,-2.1793,-2.16237,0.995968,0.995968,0.993952,3.85976,3.74806,3.76796,3.79635,5.95947,5.89681,5.944,5.99425,3.81118,3.7329,3.81846,3.8519,6.05173,5.98311,6.01954,6.05836,-9999,-9999
200806,15.096,1.0,484.421,226.134,1.0,327.095,1.0,4.976,1.0,91.308,0.0,3.38,0.0,0.572,0.892361,0.121097946764,0.822916666667,127.82497137,1.0,423.762042217,0.815277777778,-9999,-9999,22.8645408993,1.0,-9999,-9999,46.8496271453,1.0,380.79633125,1.0,383.306,0.994444,15.4,2.567,3.318,1.0,0.0,0.0,13.401,-9999,0.0,-9999,-9999,1.0,35.3141,0.977778,-9999,0.267328,20.766,0.997222,-9999,0.351565,-3.28159,0.934722,0.0498655,-3.36306,-3.29478,-3.27396,0.943056,0.949306,0.922222,5.92999,5.79008,5.82623,5.92999,9.16564,9.0687,9.13528,9.3057,7.88757,6.10772,7.15925,7.38376,10.2374,9.51321,10.1118,10.3012,-9999,-9999
200807,15.134,1.0,465.78,195.724,1.0,343.508,1.0,4.408,1.0,91.233,0.0,5.071,0.0,0.577,0.995296,0.135296406814,0.948252688172,118.480508689,1.0,380.25691315,0.882392473118,-9999,-9999,24.1792205648,1.0,-9999,-9999,40.2070239718,1.0,381.730608871,1.0,389.239,0.999328,16.213,2.566,3.317,1.0,0.0,0.0,13.797,-9999,0.649866,-9999,-9999,1.0,28.824,0.987903,-9999,0.264713,21.4349,1.0,-9999,0.307608,-0.66038,0.957661,0.0382033,-0.702478,-0.685763,-0.669843,0.997984,0.949597,0.961694,5.72449,5.60963,5.69663,5.72649,6.40916,6.29904,6.37036,6.45969,6.34648,5.55954,5.73824,5.91521,6.28636,6.29337,6.46638,6.60661,-9999,-9999
200808,15.215,1.0,399.873,196.582,1.0,325.814,1.0,4.248,1.0,91.235,0.0,2.609,0.0,0.53,0.851478,0.125340530538,0.824596774194,99.8245022454,0.997311827957,365.788713577,0.999327956989,-9999,-9999,29.8427537372,1.0,-9999,-9999,39.6038191658,1.0,382.379704301,1.0,390.901,0.994624,16.285,2.568,3.32,1.0,0.0,0.0,11.424,-9999,1.0,-9999,-9999,1.0,31.5347,0.988575,-9999,0.259195,23.9895,0.99328,-9999,0.355116,0.105406,0.894489,0.0352716,0.0812728,0.101414,0.108082,0.949597,0.944892,0.908602,5.39675,5.21666,5.30371,5.37087,5.23416,5.1298,5.20548,5.2494,5.64147,4.69769,5.11511,5.32985,5.26256,4.9018,5.21513,5.31063,-9999,-9999
200809,9.539,1.0,306.307,125.514,1.0,309.133,1.0,2.47,1.0,91.454,0.0,3.043,0.0,0.684,0.6375,0.157609992433,0.580555555556,57.9716759728,0.998611111111,235.479138433,1.0,-9999,-9999,15.2902031572,1.0,-9999,-9999,21.4268321558,1.0,355.223960417,1.0,392.682,0.925,12.891,2.567,3.318,1.0,0.0,0.0,8.218,-9999,1.0,-9999,-9999,1.0,15.8357,0.920139,-9999,0.180307,17.7719,0.928472,-9999,0.28558,0.427947,0.836111,0.0253312,0.405908,0.419244,0.423317,0.883333,0.844444,0.879167,3.97104,3.85111,3.88069,3.96135,3.44096,3.44853,3.458,3.54177,4.63484,4.11459,4.24362,4.29771,3.79442,3.71194,3.797,3.87277,-9999,-9999
200810,7.294,1.0,206.719,82.327,0.922043,302.257,0.920699,1.318,1.0,91.492,0.0,2.11,0.0,0.678,0.995296,0.13513771274,0.929435483871,27.7603415534,0.995967741935,155.675294102,0.902553763441,-9999,-9999,10.2515742843,0.903225806452,-9999,-9999,13.4965918901,1.0,340.780399554,0.903225806452,408.085,1.0,9.43,2.562,3.31,1.0,0.0,0.0,13.926,-9999,0.920699,-9999,-9999,1.0,6.73448,0.993952,-9999,0.138807,9.22358,1.0,-9999,0.250857,0.872309,0.983871,0.0192111,0.890712,0.911551,0.959421,0.997984,0.993952,0.965054,2.60846,2.55887,2.59186,2.75876,1.65085,1.65085,1.70895,1.79307,3.08876,2.63098,3.07422,3.09626,1.89747,1.65123,1.7883,1.85858,-9999,-9999
200811,2.951,1.0,128.04,39.222,0.6,295.422,0.695833,1.183,1.0,91.148,0.0,1.818,0.0,1.121,0.997222,0.159960128628,0.95625,1.05137380206,0.998611111111,-9999,-9999,-9999,-9999,-9999,-9999,-9999,-9999,10.2193329044,1.0,311.333599767,0.757638888889,410.593,1.0,6.636,2.418,3.117,1.0,0.0,0.0,14.467,-9999,0.810417,-9999,-9999,1.0,1.88991,0.819444,-9999,0.0552436,-4.25542,0.997917,-9999,0.283407,1.1239,0.863194,0.0113111,1.11058,1.11514,1.11706,0.88125,0.852778,0.868056,1.62156,1.61474,1.61917,1.62339,0.501443,0.501748,0.50557,0.509489,1.64326,1.63323,1.64888,1.69289,0.570432,0.544107,0.556877,0.568399,-9999,-9999
200812,-1.08,1.0,93.4577,26.747,0.74328,278.869,0.836022,0.731,1.0,91.465,0.0,2.953,0.0,1.279,0.961694,0.168881904367,0.752016129032,-4.15547129926,1.0,-9999,-9999,-9999,-9999,-9999,-9999,-9999,-9999,9.76653488105,1.0,305.015575763,0.717069892473,409.615,1.0,3.164,2.372,3.042,1.0,0.00672043,0.00672043,17.038,-9999,1.0,-9999,-9999,1.0,0.529887,0.800403,-9999,0.0419177,-8.78816,0.987903,-9999,0.259291,0.790335,0.851478,0.0124008,0.778678,0.789902,0.792584,0.863575,0.844758,0.84879,0.772099,0.770052,0.778824,0.785948,-0.00651078,-0.0148713,-0.00803156,-0.00497256,0.539901,0.481277,0.495211,0.527569,0.0637214,0.0468421,0.0510558,0.0609765,-9999,-9999
200901,-4.892,1.0,110.54,33.562,0.967742,266.308,1.0,0.532,1.0,91.116,1.0,1.714,0.0,0.945,0.991935,0.13584337603,0.862231182796,-7.51150858065,1.0,-9999,-9999,-9999,-9999,-9999,-9999,-9999,-9999,24.8665552003,1.0,281.775981183,1.0,414.884,1.0,2.101,2.258,2.904,1.0,1.0,1.0,17.439,-9999,0.00873656,-9999,-9999,1.0,0.0597386,0.991935,-9999,0.0342277,-4.97879,0.99664,-9999,0.249695,0.83723,0.966398,0.00830549,0.822763,0.836646,0.845048,0.974462,0.950941,0.952957,0.809934,0.812713,0.824993,0.844943,-0.0135279,-0.0114815,-0.00555951,0.000733565,0.86603,0.789854,0.831077,0.857116,0.0190876,0.0140228,0.0200546,0.0255421,-9999,-9999
200902,-4.128,1.0,174.219,42.96,0.80506,284.009,1.0,0.285,1.0,90.738,1.0,4.029,0.0,1.106,0.986607,0.156527461742,0.888392857143,5.90771919426,0.998511904762,-9999,-9999,-9999,-9999,-9999,-9999,-9999,-9999,31.9355321868,1.0,287.944203869,1.0,414.722,1.0,1.336,1.498,2.032,1.0,1.0,1.0,17.361,-9999,0.0,-9999,-9999,1.0,0.188868,0.984375,-9999,0.0265218,-4.43807,0.989583,-9999,0.229867,0.909604,0.763393,0.00744396,0.908838,0.910976,0.926043,0.873512,0.772321,0.856399,0.874211,0.858711,0.872471,0.88472,-0.041059,-0.0519033,-0.0390294,-0.0328094,1.05486,1.01405,1.03127,1.04422,0.0429445,0.0296664,0.0375994,0.0432286,-9999,-9999
200903,-0.914,1.0,268.929,59.497,0.995968,292.609,0.994624,0.228,1.0,90.83,1.0,4.679,0.000672043,0.981,0.762097,0.147453049528,0.638440860215,9.15331585057,0.996639784946,-9999,-9999,-9999,-9999,-9999,-9999,-9999,-9999,42.2613593905,1.0,299.399716616,0.976478494624,411.809,0.997312,0.845,0.984,1.467,1.0,1.0,1.0,16.854,-9999,0.0,-9999,-9999,1.0,0.238933,0.989247,-9999,0.0312998,-5.09712,0.995296,-9999,0.215604,0.868259,0.968414,0.00756013,0.860387,0.867055,0.872166,0.979167,0.969086,0.966398,0.85694,0.848268,0.853249,0.856487,-0.00964496,-0.0206232,-0.0151546,-0.00389974,0.887078,0.881535,0.898233,0.930533,0.0616173,0.0124028,0.0206271,0.0373138,-9999,-9999
200904,10.483,1.0,370.219,231.928,1.0,260.441,1.0,5.816,1.0,91.294,1.0,0.578,1.0,1.172,0.975694,0.156256841056,0.885416666667,87.1656405973,0.998611111111,-9999,-9999,-9999,-9999,-9999,-9999,-9999,-9999,55.8585075236,1.0,346.267602778,1.0,401.804,1.0,5.406,5.35,4.556,1.0,1.0,1.0,16.376,-9999,0.0,-9999,-9999,1.0,14.8332,0.998611,-9999,0.274052,22.8688,1.0,-9999,0.724464,0.755383,0.971528,0.0236657,0.741916,0.749683,0.756163,0.975,0.979861,0.951389,1.90215,1.90447,1.94514,1.98181,1.15904,1.15799,1.19494,1.22317,1.84399,1.7847,1.85063,1.94849,1.30709,1.21682,1.30709,1.33428,-9999,-9999
200905,11.32,1.0,448.396,208.903,0.995296,297.701,0.999328,4.593,1.0,91.544,1.0,3.03,1.0,0.696,0.836022,0.140122064405,0.790322580645,105.054988814,0.999327956989,407.634495286,1.0,-9999,-9999,27.2220277991,1.0,-9999,-9999,31.7330025128,1.0,361.929131048,1.0,396.273,0.983199,11.079,11.12,10.036,1.0,1.0,1.0,16.379,-9999,0.0,-9999,-9999,1.0,32.7435,0.991263,-9999,0.277332,30.7063,0.992608,-9999,0.380419,-2.21147,0.922715,0.0361947,-2.21404,-2.19865,-2.15221,0.928763,0.903226,0.934812,4.61469,4.58844,4.61292,4.7651,6.79883,6.76669,6.79844,6.87919,5.00931,4.06758,4.54063,4.83813,6.92943,6.69059,6.90355,7.16824,-9999,-9999
200906,13.042,1.0,484.128,171.215,0.998611,323.692,1.0,3.088,1.0,91.173,1.0,4.633,1.0,0.569,0.995833,0.139503521973,0.959722222222,92.1195433809,0.999305555556,329.981329632,0.998611111111,-9999,-9999,17.583626609,1.0,-9999,-9999,25.197406734,1.0,369.240839583,1.0,393.298,1.0,13.179,13.203,12.184,1.0,1.0,1.0,16.376,-9999,0.0,-9999,-9999,1.0,31.0112,0.998611,-9999,0.309873,19.9081,0.998611,-9999,0.2924,-3.25618,0.95,0.0461898,-3.23303,-3.20259,-3.15608,0.96875,0.957639,0.983333,6.17962,6.01215,6.17952,6.31099,9.37227,9.22306,9.37237,9.46921,5.57872,5.05377,5.39006,5.60262,9.00266,8.84222,8.96357,9.02012,-9999,-9999
200907,17.129,1.0,467.191,231.285,0.829973,326.744,0.827957,5.642,1.0,91.435,1.0,3.949,1.0,0.484,0.994624,0.121835099578,0.94623655914,127.833415936,0.999327956989,471.388484885,0.805107526882,-9999,-9999,33.6098770638,1.0,-9999,-9999,36.0351327695,1.0,389.609023062,0.803091397849,393.203,0.999328,16.757,16.538,15.556,1.0,1.0,1.0,16.376,-9999,0.0,-9999,-9999,1.0,38.9874,0.991935,-9999,0.337004,31.1153,0.99664,-9999,0.372897,-1.30748,0.827285,0.062142,-1.33378,-1.28498,-1.2186,0.801747,0.858199,0.860215,7.1289,7.13287,7.17117,7.62966,8.41099,8.39352,8.41991,8.78069,8.36591,7.82677,8.16431,8.5244,8.88471,8.41014,8.6385,8.85539,-9999,-9999
200908,16.843,1.0,402.57,193.951,1.0,316.057,1.0,5.766,1.0,91.716,1.0,2.956,1.0,0.678,0.992608,0.128276913702,0.944892473118,84.444590305,0.999327956989,391.00244426,0.999327956989,-9999,-9999,31.3358123098,1.0,-9999,-9999,30.5116504489,1.0,389.064733871,1.0,387.156,1.0,16.656,16.771,16.122,1.0,1.0,1.0,17.057,-9999,0.0,-9999,-9999,1.0,38.9036,1.0,-9999,0.318289,21.1807,0.998656,-9999,0.390203,1.16096,0.964382,0.0415055,1.13612,1.15133,1.1613,0.965054,0.956317,0.97379,6.13488,6.13488,6.17369,6.27165,4.96593,4.97832,5.0226,5.094,6.3727,5.49819,6.16731,6.39738,5.64177,5.00387,5.52514,5.60935,-9999,-9999
200909,13.83,1.0,309.608,139.926,0.990278,304.823,0.990278,3.883,1.0,91.826,1.0,1.129,1.0,0.644,0.997917,0.116728466855,0.95,52.5333842472,1.0,271.212072223,0.988888888889,-9999,-9999,17.3030912618,1.0,-9999,-9999,23.0497300854,1.0,366.882946875,0.988888888889,394.659,1.0,14.702,15.0,14.687,1.0,1.0,1.0,30.403,-9999,0.0,-9999,-9999,1.0,25.844,1.0,-9999,0.255518,9.51244,1.0,-9999,0.345798,-0.990674,0.961806,0.0435261,-1.08299,-1.0442,-0.995467,0.975694,0.920833,0.944444,6.01323,6.00529,6.04305,6.19339,7.04432,7.05565,7.07154,7.18233,5.39418,5.11415,5.37216,5.45436,6.80048,6.66306,6.76954,6.80963,-9999,-9999
200910,5.065,1.0,209.803,57.069,0.843414,307.534,0.840726,0.809,1.0,91.21,1.0,4.117,1.0,0.658,0.780242,0.135556699743,0.724462365591,19.0229122048,0.999327956989,120.531285227,0.806451612903,-9999,-9999,34.8385296129,1.0,-9999,-9999,16.7828709039,1.0,329.4931825,0.806451612903,406.733,0.857527,8.315,8.783,9.548,1.0,1.0,1.0,30.41,-9999,0.0,-9999,-9999,1.0,4.74927,0.852151,-9999,0.114103,-0.675627,0.856183,-9999,0.259871,1.15166,0.841398,0.0209387,1.14955,1.16787,1.18098,0.837366,0.837366,0.846102,2.78524,2.76777,2.7776,2.81009,1.59326,1.59916,1.60817,1.61655,2.5338,2.41535,2.60098,2.69183,1.99177,1.91259,1.99177,2.05035,-9999,-9999
200911,3.995,1.0,130.01,39.047,1.0,283.913,0.209722,0.891,1.0,90.939,1.0,3.137,0.0,0.934,0.763194,0.132568373805,0.626388888889,-9999,-9999,78.6268274313,1.0,-9999,-9999,-9999,-9999,-9999,-9999,-9999,-9999,-9999,-9999,402.507,0.997222,4.46,4.72,5.307,1.0,1.0,1.0,30.403,-9999,0.0,-9999,-9999,1.0,2.51118,0.995139,-9999,0.0949709,-5.40278,0.995833,-9999,0.267514,0.993855,0.931944,0.0108424,0.979217,1.01475,1.02767,0.948611,0.925694,0.969444,1.46068,1.43387,1.45098,1.45949,0.435699,0.423231,0.434931,0.471185,1.26795,1.26795,1.30044,1.35719,0.282004,0.283912,0.360703,0.376969,-9999,-9999
200912,-2.558,1.0,93.7764,18.982,0.847446,283.38,0.0,0.363,1.0,90.427,1.0,2.706,0.0,1.121,0.842742,0.155006901006,0.742607526882,-9999,-9999,36.0418717746,0.772849462366,-9999,-9999,-9999,-9999,-9999,-9999,-9999,-9999,-9999,-9999,408.89,0.991263,2.597,2.964,3.619,1.0,1.0,1.0,30.397,-9999,0.0,-9999,-9999,1.0,0.603657,0.984543,-9999,0.034856,-1.69427,0.989919,-9999,0.188769,0.969987,0.915995,0.00835672,0.955548,0.961116,0.96601,0.888441,0.942876,0.888441,0.979241,0.995062,1.02746,1.03598,0.0684888,0.0384679,0.065393,0.0700152,1.0014,0.970937,1.03608,1.0976,0.191618,0.191618,0.459399,0.493852,-9999,-9999
201001,-6.076,1.0,110.54,31.878,0.354167,266.208,0.0,0.218,1.0,90.804,1.0,1.361,1.0,0.809,0.989919,0.122314837623,0.814516129032,-9999,-9999,-9999,-9999,-9999,-9999,-9999,-9999,-9999,-9999,-9999,-9999,-9999,-9999,414.28,1.0,1.669,1.978,2.415,1.0,1.0,1.0,30.401,-9999,0.0,-9999,-9999,1.0,0.193055,0.665323,-9999,0.0242823,-3.85951,0.960349,-9999,0.222224,0.906948,0.461022,0.00576404,0.889991,0.89601,0.902098,0.549059,0.471774,0.477151,0.978049,0.978049,1.00787,1.02702,0.0941496,0.0761158,0.106545,0.139199,1.20755,1.18051,1.18351,1.20876,0.167493,0.15786,0.15911,0.170595,-9999,-9999
201002,-3.291,1.0,174.219,53.815,0.914435,273.231,0.0,0.365,1.0,90.187,1.0,0.771,1.0,1.253,0.973214,0.158984053787,0.847470238095,-9999,-9999,90.2567938407,0.893601190476,-9999,-9999,-9999,-9999,-9999,-9999,-9999,-9999,-9999,-9999,410.656,1.0,1.426,1.679,2.016,1.0,1.0,1.0,33.577,-9999,0.0,-9999,-9999,1.0,0.266104,0.977679,-9999,0.0250951,-3.58692,1.0,-9999,0.238194,0.811452,0.90625,0.00717192,0.806338,0.809541,0.812122,0.912946,0.90625,0.90253,0.810884,0.812578,0.816916,0.821894,0.00837496,0.00513541,0.00747915,0.0094383,0.823409,0.812789,0.819817,0.831013,0.0300372,0.0207437,0.0253661,0.0296533,-9999,-9999
201003,0.652,1.0,268.929,107.919,0.96371,271.125,0.0,1.692,1.0,91.123,1.0,1.161,1.0,0.896,0.649866,0.139845011097,0.542338709677,-9999,-9999,209.377859682,0.930779569892,-9999,-9999,-9999,-9999,-9999,-9999,-9999,-9999,-9999,-9999,381.77,0.99328,1.417,1.617,1.732,1.0,1.0,1.0,36.032,-9999,0.0,-9999,-9999,1.0,2.28949,0.943548,-9999,0.0802372,-7.17393,0.989247,-9999,0.29531,0.848502,0.905914,0.00775011,0.840437,0.848654,0.862462,0.916667,0.930108,0.844758,0.893386,0.892694,0.905361,0.918422,0.0531371,0.0500204,0.055743,0.058006,0.812961,0.807975,0.833265,0.911902,0.0352214,0.0405356,0.0637247,0.114991,-9999,-9999
201004,6.23,1.0,370.219,159.279,1.0,293.551,0.309722,2.868,1.0,91.439,1.0,2.46,1.0,0.793,0.955556,0.132276477508,0.847916666667,-9999,-9999,304.403261966,0.998611111111,-9999,-9999,-9999,-9999,-9999,-9999,-9999,-9999,-9999,-9999,373.75,0.995139,5.567,5.453,5.044,1.0,1.0,1.0,38.212,-9999,0.266667,-9999,-9999,1.0,14.5675,0.995139,-9999,0.18113,29.5065,0.995139,-9999,0.382354,0.355754,0.965278,0.0173833,0.345796,0.35428,0.368036,0.963889,0.977778,0.942361,1.87839,1.8852,1.90982,1.92593,1.5485,1.53937,1.55008,1.56221,1.73151,1.57793,1.66569,1.73151,1.66811,1.53921,1.6198,1.71804,-9999,-9999
201005,8.988,1.0,448.396,115.494,1.0,338.608,1.0,0.999,1.0,90.88,1.0,10.219,1.0,0.719,0.833333,0.160863499598,0.729166666667,77.1357862723,0.999327956989,213.630041189,1.0,-9999,-9999,15.4366308545,1.0,-9999,-9999,19.6039615716,1.0,357.635417339,1.0,373.859,0.979839,9.668,9.571,8.954,1.0,1.0,1.0,42.526,46.322,1.0,1.0,-9999,1.0,14.483,0.978495,-9999,0.207961,17.643,0.979167,-9999,0.302602,-1.38983,0.967742,0.0348101,-1.46266,-1.42373,-1.38604,0.966398,0.97379,0.967742,4.17776,4.15092,4.18904,4.22334,5.6062,5.57159,5.61907,5.64743,3.84056,3.79673,3.85976,3.92639,5.5875,5.52591,5.55603,5.59162,-9999,-9999
201006,13.797,1.0,484.128,199.98,1.0,330.266,1.0,4.053,1.0,91.231,1.0,4.367,1.0,0.76,0.974306,0.173555124204,0.930555555556,116.701645733,0.999305555556,376.466478166,1.0,-9999,-9999,20.3657329478,1.0,-9999,-9999,34.642478379,1.0,378.5487625,1.0,366.669,1.0,14.019,13.862,12.89,1.0,1.0,1.0,32.749,44.498,1.0,1.0,-9999,1.0,37.0749,0.996528,-9999,0.293617,19.213,1.0,-9999,0.376248,-3.12562,0.99375,0.0425827,-3.15044,-3.12524,-3.10786,0.988194,0.991667,0.990278,6.27105,6.25359,6.2794,6.30919,9.37817,9.38662,9.40656,9.42121,5.64594,5.62454,5.69633,5.75306,9.21156,9.13939,9.19068,9.21982,-9999,-9999
201007,17.279,1.0,467.191,205.514,1.0,343.917,1.0,5.828,1.0,91.554,1.0,5.019,1.0,0.601,0.856855,0.139779147569,0.804435483871,116.314991925,1.0,398.849879508,0.999327956989,-9999,-9999,33.1812448653,1.0,-9999,-9999,36.5852115097,1.0,396.465524866,1.0,371.548,1.0,16.607,16.529,15.571,1.0,1.0,1.0,16.391,40.27,1.0,1.0,-9999,1.0,34.8137,0.993952,-9999,0.30953,35.8833,0.99664,-9999,0.378931,1.81883,0.94422,0.0338258,1.7524,1.87971,1.94979,0.917339,0.950269,0.991935,7.0752,6.9846,7.23224,7.27986,5.2664,5.01299,5.37141,5.51032,6.32274,6.16234,6.39595,7.44391,4.86656,4.72974,4.82553,6.41023,-9999,-9999
201008,15.04,1.0,402.57,152.106,1.0,341.301,1.0,3.25,1.0,91.352,1.0,6.839,1.0,0.628,0.995296,0.123760251909,0.932123655914,78.9020847075,0.998655913978,298.978561032,0.999327956989,-9999,-9999,24.4361105227,1.0,-9999,-9999,27.7665754991,1.0,386.272147849,1.0,375.866,1.0,16.443,16.571,16.05,1.0,1.0,1.0,27.797,44.485,1.0,1.0,-9999,1.0,30.837,0.998656,-9999,0.272411,18.135,0.998656,-9999,0.282092,0.456937,0.958333,0.0362412,0.380845,0.419353,0.460377,0.993952,0.877016,0.987903,5.88012,5.89363,6.06507,6.10611,5.6094,5.49992,5.63759,5.71122,5.36018,5.21697,5.34999,5.55547,5.18582,5.07589,5.21887,5.3658,-9999,-9999
201009,9.23,1.0,309.608,102.21,0.992361,320.243,0.992361,1.543,1.0,91.349,1.0,6.907,1.0,0.713,0.997917,0.139419531422,0.940277777778,46.5193124259,1.0,195.480913024,0.990972222222,-9999,-9999,12.5851552543,1.0,-9999,-9999,20.2311127449,1.0,355.737840575,0.990972222222,383.18,1.0,11.93,12.485,12.373,1.0,1.0,1.0,35.641,45.593,1.0,1.0,-9999,1.0,14.0356,0.998611,-9999,0.184883,9.27585,1.0,-9999,0.293559,-0.754313,0.988194,0.0329452,-0.795839,-0.770613,-0.760047,0.992361,0.989583,0.988194,4.16656,4.10557,4.15773,4.17611,4.92826,4.89646,4.92583,4.9442,3.47873,3.47755,3.67891,3.92255,4.90211,4.67889,4.85235,4.90211,-9999,-9999
201010,4.265,1.0,209.803,92.311,0.979167,284.652,1.0,1.585,1.0,91.401,1.0,0.961,1.0,0.874,0.997984,0.127054564028,0.896505376344,21.6416925767,0.998655913978,179.338490908,0.926747311828,-9999,-9999,27.2452081301,1.0,-9999,-9999,26.0702456693,1.0,327.60287164,1.0,395.846,1.0,7.936,8.196,8.983,1.0,1.0,1.0,31.514,45.06,1.0,1.0,-9999,1.0,7.78937,1.0,-9999,0.121325,7.49691,0.989247,-9999,0.376449,0.574247,0.97043,0.0305987,0.519412,0.567544,0.587616,0.963038,0.971102,0.985887,2.3083,2.30251,2.31785,2.33594,1.71995,1.70723,1.74707,1.82691,2.46148,2.37276,2.46628,2.57276,1.90287,1.83337,1.87258,1.91395,-9999,-9999
201011,3.112,1.0,130.01,34.454,0.949306,289.914,0.240278,0.765,1.0,90.415,1.0,2.08,1.0,0.974,0.996528,0.129469414303,0.9125,-9999,-9999,68.3544616222,0.933333333333,-9999,-9999,-9999,-9999,-9999,-9999,-9999,-9999,-9999,-9999,405.58,1.0,6.509,6.663,7.152,1.0,1.0,1.0,36.487,46.476,1.0,1.0,-9999,1.0,2.23798,0.939583,-9999,0.0591002,-1.73904,0.996528,-9999,0.275351,1.1775,0.945833,0.0117108,1.17548,1.18076,1.18905,0.951389,0.970833,0.9375,1.52526,1.52527,1.5432,1.58121,0.356649,0.346312,0.35906,0.389565,1.62942,1.57937,1.69764,1.77624,0.377649,0.37967,0.442249,0.458251,-9999,-9999
201012,-6.648,1.0,93.7764,22.486,0.600134,269.215,0.0,0.127,1.0,90.465,1.0,1.503,1.0,0.96,0.830645,0.15367710853,0.681451612903,-9999,-9999,38.3452901638,0.527553763441,-9999,-9999,-9999,-9999,-9999,-9999,-9999,-9999,-9999,-9999,393.217,0.883065,2.968,3.208,3.989,1.0,1.0,1.0,39.005,47.567,1.0,1.0,-9999,1.0,0.705909,0.0,-9999,0.0364597,-3.73621,0.507392,-9999,0.179567,0.919943,0.668011,0.00624622,0.902527,0.910016,0.93573,0.697581,0.676747,0.646505,0.877141,0.85619,0.87923,0.885089,-0.02831,-0.0839012,-0.0297136,-0.0255655,0.883383,0.856455,0.884206,0.914479,0.0341752,0.0332943,0.0394396,0.0455612,-9999,-9999
201101,-3.871,1.0,110.54,36.293,0.640457,279.449,0.0,0.239,1.0,91.446,0.0,1.955,1.0,0.888,0.882392,0.115404825448,0.773521505376,-9999,-9999,79.502324822,0.549059139785,-9999,-9999,-9999,-9999,-9999,-9999,-9999,-9999,-9999,-9999,392.592,0.00403226,2.222,2.447,3.241,0.0873656,0.0873656,0.0873656,40.046,47.291,1.0,1.0,-9999,1.0,0.303927,0.453629,-9999,0.0194381,-5.30055,0.913306,-9999,0.180232,0.750642,0.657258,0.00461635,0.708194,0.736541,0.74563,0.766801,0.571237,0.638441,0.695332,0.692378,0.711003,0.746128,-0.0100107,-0.0151013,-0.00306051,0.00217516,0.624406,0.629697,0.705982,0.76973,0.00011138,0.0,0.0,0.0151782,-9999,-9999
201102,-5.14,1.0,174.219,84.868,0.799107,259.551,0.0,0.743,1.0,91.463,0.0,0.579,1.0,0.824,0.969494,0.123396120118,0.737351190476,-9999,-9999,157.411064804,0.746279761905,-9999,-9999,-9999,-9999,-9999,-9999,-9999,-9999,-9999,-9999,394.714,0.855655,1.9,2.017,3.137,0.0,0.0,0.0,37.698,46.451,1.0,1.0,-9999,1.0,0.869755,0.563988,-9999,0.0322514,-3.92943,0.94122,-9999,0.227249,0.68248,0.793155,0.00741855,0.624708,0.675111,0.694719,0.877232,0.80506,0.705357,0.609308,0.599617,0.622553,0.647826,-0.0348057,-0.0468742,-0.0356189,-0.027281,0.614524,0.569879,0.642682,0.703343,0.0244189,0.0091424,0.0110379,0.0381127,-9999,-9999
201103,1.081,1.0,268.929,137.05,1.0,269.25,0.0,1.887,1.0,91.792,0.0,0.897,1.0,0.904,0.993952,0.138094775518,0.882392473118,-9999,-9999,244.895852408,1.0,-9999,-9999,-9999,-9999,-9999,-9999,-9999,-9999,-9999,-9999,401.095,1.0,2.312,2.292,3.066,0.683468,0.683468,0.0,42.416,47.123,1.0,1.0,-9999,1.0,5.78378,0.847446,-9999,0.143425,0.590861,0.999328,-9999,0.446623,0.692742,0.948925,0.00879473,0.665076,0.685926,0.699513,0.99328,0.944892,0.952285,0.977309,0.911031,0.948881,0.965774,0.336401,0.245366,0.262805,0.281779,0.995558,0.804633,0.86539,0.920092,0.212661,0.161709,0.190693,0.221083,-9999,-9999
201104,6.695,1.0,370.219,153.169,0.981944,293.486,0.558333,2.913,1.0,91.372,0.0,3.513,1.0,0.806,0.970139,0.140869870615,0.90625,-9999,-9999,274.930572483,0.965972222222,-9999,-9999,-9999,-9999,-9999,-9999,-9999,-9999,-9999,-9999,408.027,1.0,6.591,6.405,3.077,1.0,1.0,0.0,41.286,46.725,1.0,1.0,-9999,1.0,18.3885,1.0,-9999,0.181175,19.1938,1.0,-9999,0.475211,-0.35672,0.959722,0.0272356,-0.358467,-0.320138,-0.301816,0.9875,0.954861,0.964583,2.77837,2.66668,2.77837,2.82631,3.12509,3.00312,3.09608,3.12509,2.66448,2.16697,2.44212,2.74351,3.09497,2.84342,2.96524,3.09497,-9999,-9999
201105,10.532,0.799059,448.396,226.411,0.886425,298.82,0.884409,4.232,0.799059,91.614,0.0,3.045,1.0,0.726,0.994624,0.144913840541,0.925403225806,115.497537474,0.859543010753,398.783894178,0.850134408602,-9999,-9999,26.9146801676,0.854166666667,-9999,-9999,42.0838423402,0.854166666667,362.694912521,0.854166666667,403.321,1.0,10.895,10.706,3.077,0.883737,0.883737,0.0,35.932,45.216,0.884409,0.884409,-9999,1.0,39.2287,0.995296,-9999,0.305147,31.266,0.997984,-9999,0.381061,-3.04537,0.881048,0.0377162,-3.22589,-3.10675,-3.05054,0.9375,0.886425,0.854167,5.32078,5.07486,5.20907,5.32078,8.39752,8.17047,8.31409,8.50744,3.84333,3.86375,4.00265,4.08469,7.65476,7.41,7.45723,7.55325,-9999,-9999
201106,13.106,0.99375,484.128,181.621,0.994444,340.873,0.99375,3.354,0.99375,91.316,0.0,4.493,1.0,0.531,0.993056,0.141575396409,0.927777777778,111.806395672,0.9875,328.725084919,0.986805555556,-9999,-9999,15.9457449908,0.988194444444,-9999,-9999,31.8134213957,0.988194444444,381.039325179,0.988194444444,406.859,1.0,15.035,14.835,3.077,0.99375,0.99375,0.0,37.067,45.465,0.99375,0.99375,-9999,1.0,31.5189,0.9875,-9999,0.316682,22.9131,1.0,-9999,0.336191,-2.94982,0.93125,0.0560943,-3.04143,-3.00813,-2.95828,0.988889,0.847917,0.96875,6.56269,6.55517,6.64092,6.69703,9.50839,9.57562,9.63361,9.7104,7.11417,5.87226,6.55291,6.9794,10.1368,9.21627,9.63156,10.0777,-9999,-9999
201107,12.955,1.0,467.191,160.104,0.998656,349.561,1.0,2.964,1.0,90.886,0.0,8.348,1.0,0.54,0.999328,0.124069605065,0.921370967742,97.2955809318,1.0,285.221457009,0.999327956989,-9999,-9999,22.4069254158,1.0,-9999,-9999,28.338381271,1.0,384.446711022,1.0,415.746,1.0,15.523,15.459,3.077,1.0,1.0,0.0,39.032,45.48,1.0,1.0,-9999,1.0,18.8373,0.998656,-9999,0.254332,26.9286,0.999328,-9999,0.378092,1.41399,0.935484,0.0753449,1.33521,1.40338,1.50736,0.909274,0.900538,0.987903,5.41885,5.43507,5.46984,5.58476,3.96991,3.94571,4.11348,4.22118,4.82489,4.88045,4.97507,5.12092,3.92054,3.9084,3.96763,4.03221,-9999,-9999
201108,15.432,1.0,402.57,192.69,1.0,339.464,1.0,4.837,1.0,91.366,0.0,2.729,1.0,0.604,0.994624,0.107100675481,0.626344086022,103.0117549,0.997311827957,348.476568727,0.998655913978,-9999,-9999,23.7574297698,1.0,-9999,-9999,34.2165053041,1.0,394.108783602,1.0,411.937,0.93414,17.045,16.926,2.757,1.0,1.0,0.0,34.526,44.724,1.0,1.0,-9999,1.0,24.6043,0.914651,-9999,0.229826,18.4624,0.999328,-9999,0.325849,-1.00637,0.661962,0.0502308,-1.31377,-1.15062,-0.70837,0.730511,0.822581,0.61828,6.59379,6.49458,6.62673,6.69974,7.78188,7.35611,7.65121,7.86505,4.3634,5.04128,5.71097,5.99687,7.15767,6.7244,7.19221,7.67562,-9999,-9999
201109,12.425,1.0,309.608,156.702,1.0,317.328,1.0,4.135,1.0,91.552,0.0,1.28,1.0,0.638,0.975694,0.122159482068,0.885416666667,68.7972781638,0.997222222222,282.247490569,0.998611111111,-9999,-9999,16.7568002872,1.0,-9999,-9999,30.4370346741,1.0,373.349127083,1.0,393.649,1.0,15.005,15.071,5.192,1.0,1.0,0.0,17.74,40.467,1.0,1.0,-9999,1.0,17.5482,0.984722,-9999,0.203427,14.4109,1.0,-9999,0.340556,-0.949512,0.909722,0.0351294,-1.04222,-0.977677,-0.882043,0.977778,0.970833,0.904861,5.44291,5.13092,5.45056,5.54583,6.4985,6.22695,6.36802,6.48947,4.20653,4.47549,4.69731,5.00572,6.1876,6.05151,6.21188,6.31987,-9999,-9999
201110,5.306,1.0,209.803,82.181,1.0,302.767,1.0,2.014,1.0,91.805,0.0,2.155,1.0,0.683,0.995968,0.119222632553,0.931451612903,28.608801814,0.998655913978,146.576593092,1.0,-9999,-9999,10.0163885582,1.0,-9999,-9999,16.8806249676,1.0,338.81031922,1.0,395.285,1.0,9.964,10.173,5.993,1.0,1.0,0.0,24.794,43.449,1.0,1.0,-9999,1.0,8.3853,0.998656,-9999,0.136066,7.90544,1.0,-9999,0.326011,0.393732,0.979839,0.0182181,0.292005,0.352575,0.379815,0.99664,0.987231,0.966398,2.8675,2.76151,2.85276,2.89263,2.52394,2.45267,2.48526,2.52394,2.4264,2.35711,2.48393,2.83853,2.53044,2.41202,2.44931,2.6145,-9999,-9999
201111,0.873,1.0,130.01,56.534,0.998611,271.768,1.0,1.701,1.0,92.102,0.0,0.139,1.0,0.882,0.993056,0.111560148118,0.874305555556,-1.75205463385,0.996527777778,102.324253267,0.997222222222,-9999,-9999,-9999,-9999,-9999,-9999,15.607593662,1.0,314.120647222,1.0,406.789,1.0,7.299,7.519,5.993,0.551389,0.552778,0.0,25.765,44.329,1.0,1.0,-9999,1.0,2.30967,1.0,-9999,0.0786507,1.32942,1.0,-9999,0.328454,0.692812,0.899306,0.00880831,0.63262,0.663754,0.690424,0.84375,0.834722,0.869444,1.33083,1.26759,1.34502,1.39194,0.609726,0.612048,0.6768,0.726039,0.769228,0.914496,1.05024,1.14311,0.491527,0.500183,0.543593,0.730137,-9999,-9999
201112,-2.288,1.0,93.7764,20.372,0.852823,301.413,0.995296,0.25,1.0,91.051,0.0,1.994,0.999328,0.772,0.765457,0.111781128724,0.569892473118,5.60611677904,0.656586021505,29.5766758521,0.74126344086,-9999,-9999,-9999,-9999,-9999,-9999,12.0541275725,1.0,300.942791667,1.0,405.645,0.908602,7.112,7.364,5.994,0.0,0.0,0.0,32.423,46.118,1.0,1.0,-9999,1.0,0.00547676,0.896505,-9999,0.0349174,-2.88902,0.891801,-9999,0.179063,0.720615,0.807796,0.00750149,0.687752,0.71312,0.741258,0.840054,0.817204,0.800403,0.694346,0.705414,0.725955,0.737056,-0.00368195,-0.00368195,0.0119248,0.0509735,0.968011,0.81446,0.8658,0.933649,0.0812955,0.0428379,0.0649257,0.0956415,-9999,-9999
201201,-4.535,1.0,110.54,30.354,0.817204,281.763,0.90121,0.294,1.0,91.271,0.0,5.714,0.876344,0.649,0.567876,-9999,-9999,-5.49029948254,0.528225806452,66.8772737784,0.726478494624,-9999,-9999,-9999,-9999,-9999,-9999,23.6039668862,0.774193548387,290.307492187,0.774193548387,408.272,0.997984,5.684,5.827,4.58,0.0,0.0,0.0,35.825,47.089,1.0,1.0,-9999,1.0,0.214531,0.869624,-9999,0.0485519,-1.3855,0.87836,-9999,0.330105,0.954622,0.81922,0.00876567,0.922791,0.936079,0.954402,0.862231,0.828629,0.81922,0.888654,0.840152,0.874335,0.898626,-0.0493862,-0.0874339,-0.055211,-0.0298477,0.721404,0.687363,0.798002,1.27751,0.00713037,0.000284901,0.00370289,0.0113414,-9999,-9999
201202,-9.403,1.0,175.724,63.644,0.971264,254.731,0.968391,0.53,1.0,91.725,0.0,2.998,0.890805,0.624,0.718391,0.221739521631,0.502873563218,-5.90972302242,0.727729885057,132.763667753,0.931034482759,-9999,-9999,-9999,-9999,-9999,-9999,53.9961565556,0.827586206897,268.409544271,0.827586206897,415.887,0.507902,1.908,1.719,1.475,0.0,0.0,0.0,36.679,47.394,1.0,1.0,-9999,1.0,0.815257,0.887213,-9999,0.0434735,0.413476,0.78592,-9999,0.538904,0.882037,0.573276,0.0106965,0.858828,0.886042,0.962792,0.5625,0.573994,0.557471,1.04479,0.97388,1.04479,1.14371,0.103991,0.0890936,0.0995599,0.182319,0.634797,0.804788,0.828761,0.976419,0.0,0.000802057,0.00232476,0.0184092,-9999,-9999
201203,1.104,1.0,272.351,125.389,1.0,269.825,1.0,2.105,1.0,91.912,0.0,2.123,1.0,0.688,0.840726,0.176146322939,0.728494623656,24.0126204852,0.959677419355,247.088094925,0.953629032258,-9999,-9999,-9999,-9999,-9999,-9999,63.3950733677,1.0,306.587424059,1.0,417.054,0.99328,2.485,2.172,4.398,0.046371,0.046371,0.0537634,44.343,48.374,1.0,1.0,-9999,1.0,2.37873,0.998656,-9999,0.0946982,-20.3575,0.997984,-9999,0.529084,1.389,0.967742,0.0132576,1.33674,1.39306,1.42168,0.950941,0.971102,0.983871,1.43865,1.31315,1.38006,1.42496,-0.00618586,-0.0259502,-0.0123628,0.000420759,1.27589,1.36393,1.51121,1.72133,0.214597,0.0505928,0.168558,0.232643,-9999,-9999
201204,5.116,1.0,373.278,165.811,0.988194,293.801,0.993056,3.69,1.0,90.452,0.0,1.173,0.972222,0.975,0.767361,0.151561717306,0.613888888889,72.5725662152,0.989583333333,317.293713777,0.989583333333,-9999,-9999,-9999,-9999,-9999,-9999,45.0073695627,0.989583333333,342.95385303,0.989583333333,415.296,1.0,4.822,4.442,6.188,0.965278,0.965278,0.327083,38.857,47.253,1.0,1.0,-9999,1.0,15.366,0.996528,-9999,0.224752,16.7451,0.997222,-9999,0.421928,0.922078,0.917361,0.0171253,0.865072,0.889325,0.922078,0.886806,0.899306,0.917361,1.3661,1.29496,1.33545,1.35374,0.432882,0.420656,0.42892,0.449729,1.54545,1.35564,1.47182,1.53926,0.535977,0.51214,0.545667,0.582858,-9999,-9999
201205,11.674,0.989919,450.326,216.507,0.989247,308.267,0.989919,6.148,0.989919,91.282,0.0,1.39,0.987903,0.873,0.866263,0.161738734087,0.807795698925,110.759263178,0.987903225806,414.71391794,0.987903225806,-9999,-9999,27.6563340371,0.728494623656,-9999,-9999,40.3737863289,0.987903225806,371.99284422,0.987903225806,407.473,1.0,12.552,11.761,11.404,0.934812,0.934812,0.689516,27.444,43.741,0.989247,0.989247,-9999,1.0,48.6735,1.0,-9999,0.358793,29.6638,1.0,-9999,0.415745,-1.63029,0.926075,0.0305797,-1.74477,-1.64598,-1.58382,0.945565,0.929435,0.914651,4.17961,4.03573,4.09237,4.21287,5.76518,5.73677,5.76447,5.86216,3.63605,3.59752,3.76323,4.11798,5.5591,5.42644,5.53824,5.80343,-9999,-9999
201206,15.121,0.968056,484.421,189.125,0.969444,348.76,0.968056,4.407,0.968056,91.168,0.0,5.86,0.961806,0.495,0.840278,0.118279150502,0.786111111111,115.003568884,0.933333333333,361.189117523,0.933333333333,-9999,-9999,16.5632342083,0.933333333333,-9999,-9999,32.4052231721,0.933333333333,384.760843006,0.933333333333,405.648,0.966667,17.161,16.502,15.178,0.968056,0.968056,0.968056,22.874,44.145,0.968056,0.968056,-9999,1.0,42.7102,0.964583,-9999,0.353175,26.3138,0.964583,-9999,0.281615,-1.52316,0.756944,0.0363418,-1.54543,-1.5026,-1.48532,0.871528,0.913194,0.728472,5.63078,5.55613,5.65404,5.76615,7.13613,7.07766,7.17495,7.27637,6.06831,5.96619,6.12671,8.09648,7.36206,7.40047,7.51063,8.3909,-9999,-9999
201207,17.623,0.999328,465.78,209.556,1.0,351.389,1.0,6.483,0.999328,91.328,0.0,5.026,1.0,0.553,0.90793,0.125728196972,0.844086021505,125.594829542,1.0,412.56732791,1.0,-9999,-9999,28.8026213043,1.0,-9999,-9999,38.6068481149,1.0,396.549647849,1.0,396.815,1.0,19.581,19.019,17.867,1.0,1.0,1.0,10.873,41.798,1.0,0.982527,-9999,1.0,39.1174,1.0,-9999,0.368229,29.4066,0.999328,-9999,0.330021,0.458986,0.877688,0.0313364,0.375327,0.425175,0.478514,0.960349,0.975134,0.987903,5.50529,5.31168,5.38471,5.50529,5.12303,4.91629,5.01051,5.06085,6.18576,5.71062,5.97788,6.32416,5.11624,5.03098,5.13474,5.28203,-9999,-9999
201208,17.533,1.0,399.873,194.613,1.0,334.124,1.0,7.377,1.0,91.505,0.0,1.69,1.0,0.527,0.915323,0.123910446278,0.793682795699,100.70432596,1.0,385.038309503,1.0,-9999,-9999,25.7716461266,1.0,-9999,-9999,34.6910351127,1.0,392.951075941,1.0,398.346,1.0,18.708,18.38,17.709,1.0,1.0,1.0,10.878,40.35,1.0,0.924059,-9999,1.0,45.6116,0.999328,-9999,0.386391,23.2526,0.999328,-9999,0.350624,0.873851,0.807124,0.0344868,0.887683,0.918169,0.981326,0.801075,0.780242,0.780914,5.34848,5.04961,5.12973,5.28192,4.21456,4.15354,4.23048,4.31069,5.00691,4.44989,4.75936,5.2359,4.43544,3.92642,4.06254,4.34482,-9999,-9999
201209,12.922,1.0,306.307,132.265,1.0,323.303,1.0,3.458,1.0,91.409,0.0,2.587,1.0,0.686,0.870833,0.145809938983,0.792361111111,60.7326851719,1.0,254.935989383,1.0,-9999,-9999,13.7046186526,1.0,-9999,-9999,24.6249219978,1.0,369.990770139,1.0,405.545,1.0,15.037,15.161,15.285,1.0,1.0,1.0,8.945,39.552,1.0,1.0,-9999,1.0,26.3407,1.0,-9999,0.267841,11.5533,0.999306,-9999,0.343243,-0.021518,0.916667,0.0279043,-0.145884,-0.0255443,-0.00220101,0.986111,0.911111,0.890972,3.92384,3.90385,4.07871,4.20665,4.00445,4.02872,4.10167,4.19456,3.95712,4.2582,4.36359,4.6211,4.51547,4.36084,4.42193,4.49992,-9999,-9999
201210,7.386,1.0,206.719,79.952,1.0,308.81,1.0,1.861,1.0,91.137,0.0,3.822,0.859543,0.77,0.827957,0.12766337884,0.671370967742,27.0587632731,1.0,149.045038843,1.0,-9999,-9999,16.261326631,1.0,-9999,-9999,19.2109520809,1.0,342.088760753,1.0,418.505,1.0,10.457,10.907,11.663,1.0,1.0,1.0,16.714,45.449,1.0,1.0,-9999,1.0,11.2975,0.998656,-9999,0.178878,6.46298,0.995968,-9999,0.301004,0.555596,0.965726,0.0223789,0.523237,0.543198,0.578466,0.954301,0.991935,0.93414,2.64088,2.5974,2.73209,2.81644,2.10003,2.07302,2.13859,2.22863,2.8255,2.23776,2.79136,2.8871,2.33278,2.11727,2.33119,2.3802,-9999,-9999
201211,4.577,0.976389,128.04,30.991,0.978472,310.827,0.976389,0.483,0.976389,91.222,0.0,1.397,0.915278,1.043,0.99375,0.279593230554,0.752777777778,7.62719553166,0.950694444444,56.6271660092,0.942361111111,-9999,-9999,5.30453774422,0.950694444444,-9999,-9999,6.43367133491,0.950694444444,327.535471836,0.950694444444,386.224,1.0,6.496,6.916,7.724,0.976389,0.976389,0.976389,20.82,45.94,0.976389,0.976389,-9999,1.0,3.87977,0.999306,-9999,0.241489,-1.94189,0.999306,-9999,0.368981,0.92187,0.994444,0.021394,0.912788,0.917059,0.92634,0.994444,0.994444,0.994444,1.83057,1.8166,1.82182,1.82876,0.894021,0.895108,0.901371,0.907254,1.76714,1.72376,1.76247,1.79991,0.878794,0.881481,0.889653,0.899633,-9999,-9999
201212,-3.397,1.0,93.4577,26.58,0.756048,285.315,1.0,0.329,1.0,91.006,0.0,2.058,1.0,0.871,0.898522,0.245548341783,0.527553763441,-1.89586438346,0.57997311828,42.919367212,0.655913978495,-9999,-9999,31.5180280781,0.743951612903,-9999,-9999,16.7497482786,0.877016129032,289.455625,1.0,416.027,1.0,3.46,4.018,5.112,1.0,1.0,1.0,22.581,46.084,1.0,1.0,-9999,1.0,-0.199794,0.971102,-9999,0.135792,-3.35894,0.910618,-9999,0.287154,0.993767,0.846102,0.0125519,0.985601,0.991076,0.997316,0.870968,0.884409,0.846102,0.995134,0.987116,0.996295,1.01096,0.0122592,-0.00287327,0.011073,0.0131139,1.04786,1.03602,1.0443,1.04915,0.0436983,0.0368041,0.0436404,0.0534563,-9999,-9999
