TIMESTAMP,TA_F,TA_F_QC,SW_IN_POT,SW_IN_F,SW_IN_F_QC,LW_IN_F,LW_IN_F_QC,VPD_F,VPD_F_QC,PA_F,PA_F_QC,P_F,P_F_QC,WS_F,WS_F_QC,USTAR,USTAR_QC,NETRAD,NETRAD_QC,PPFD_IN,PPFD_IN_QC,SW_OUT,SW_OUT_QC,LW_OUT,LW_OUT_QC,CO2_F_MDS,CO2_F_MDS_QC,TS_F_MDS_1,TS_F_MDS_2,TS_F_MDS_3,TS_F_MDS_1_QC,TS_F_MDS_2_QC,TS_F_MDS_3_QC,SWC_F_MDS_1,SWC_F_MDS_2,SWC_F_MDS_1_QC,SWC_F_MDS_2_QC,G_F_MDS,G_F_MDS_QC,LE_F_MDS,LE_F_MDS_QC,LE_CORR,LE_RANDUNC,H_F_MDS,H_F_MDS_QC,H_CORR,H_RANDUNC,NEE_VUT_REF,NEE_VUT_REF_QC,NEE_VUT_REF_RANDUNC,NEE_VUT_25,NEE_VUT_50,NEE_VUT_75,NEE_VUT_25_QC,NEE_VUT_50_QC,NEE_VUT_75_QC,RECO_NT_VUT_REF,RECO_NT_VUT_25,RECO_NT_VUT_50,RECO_NT_VUT_75,GPP_NT_VUT_REF,GPP_NT_VUT_25,GPP_NT_VUT_50,GPP_NT_VUT_75,RECO_DT_VUT_REF,RECO_DT_VUT_25,RECO_DT_VUT_50,RECO_DT_VUT_75,GPP_DT_VUT_REF,GPP_DT_VUT_25,GPP_DT_VUT_50,GPP_DT_VUT_75,RECO_SR,RECO_SR_N
200801,-3.202,0.0,136.455,62.324,0.653898,248.863,0.0,2.103,0.0,78.549,0.0,1.801,0.0,1.07,0.0,-9999,-9999,-9999,-9999,-9999,-9999,-9999,-9999,-9999,-9999,-9999,-9999,-9999,-9999,-9999,-9999,-9999,-9999,-9999,-9999,-9999,-9999,-9999,1.0,97.7346,0.0,257.136,-9999,32.5303,0.0,85.5859,-9999,-4.12967,0.0,-9999,-4.33588,-4.22429,-4.12039,0.0,0.0,0.0,2.30704,1.90218,1.99797,2.52228,6.76105,6.17895,6.27701,6.81554,1.97354,1.81943,2.00144,5.33557,2.86405,2.38665,2.86003,3.64168,-9999,0.0
200802,-2.449,0.0,201.194,120.037,0.594109,239.343,0.0,2.262,0.0,78.979,0.0,0.475,0.0,0.776,0.0,-9999,-9999,-9999,-9999,-9999,-9999,-9999,-9999,-9999,-9999,-9999,-9999,-9999,-9999,-9999,-9999,-9999,-9999,-9999,-9999,-9999,-9999,-9999,1.0,97.8577,0.0,106.748,-9999,32.7713,0.0,35.7485,-9999,-4.16797,0.0,-9999,-4.3662,-4.25651,-4.15813,0.0,0.0,0.0,2.38611,1.98129,2.08086,2.65222,6.83358,6.29004,6.37274,6.93027,2.01214,1.85502,2.04059,5.43994,4.85521,4.18866,4.84876,6.00205,-9999,0.0
200803,-2.155,0.0,293.843,170.177,0.530914,251.013,0.0,2.149,0.0,77.358,0.0,1.467,0.0,1.569,0.0,-9999,-9999,-9999,-9999,-9999,-9999,-9999,-9999,-9999,-9999,-9999,-9999,-9999,-9999,-9999,-9999,-9999,-9999,-9999,-9999,-9999,-9999,9.02313,0.676747,97.7346,0.0,106.614,-9999,32.5303,0.0,35.4857,-9999,-4.12967,0.0,-9999,-4.33588,-4.22429,-4.12039,0.0,0.0,0.0,2.417,2.0109,2.11191,2.69902,6.81896,6.29289,6.37974,6.9188,2.0287,1.87028,2.05738,5.48471,6.34242,5.57528,6.33424,7.69148,-9999,0.0
200804,0.677,0.0,387.291,196.227,0.466667,267.959,0.0,2.343,0.0,77.712,0.0,2.267,0.0,1.391,0.0,-9999,-9999,-9999,-9999,-9999,-9999,-9999,-9999,-9999,-9999,-9999,-9999,-9999,-9999,-9999,-9999,-9999,-9999,-9999,-9999,-9999,-9999,9.28183,0.0,98.186,0.0,274.448,-9999,32.8616,0.0,91.854,-9999,-4.28103,0.0,-9999,-4.48888,-4.43989,-4.4249,0.0,0.0,0.0,2.71304,2.28403,2.42038,3.46758,7.22997,6.74517,6.82065,7.61976,2.17559,2.00571,2.20635,5.89887,7.10799,6.28352,7.09889,8.55165,-9999,0.0
200805,6.405,0.0,456.272,240.333,0.40457,286.436,0.0,3.266,0.0,78.266,0.0,1.648,0.0,1.175,0.0,-9999,-9999,-9999,-9999,-9999,-9999,-9999,-9999,-9999,-9999,-9999,-9999,-9999,-9999,-9999,-9999,-9999,-9999,-9999,-9999,-9999,-9999,9.51844,0.0,98.3997,0.0,442.751,-9999,32.9909,0.0,148.443,-9999,-4.24626,0.0,-9999,-4.49752,-4.47075,-4.43713,0.0,0.0,0.0,3.29984,2.90875,3.05246,4.62649,7.51937,7.31535,7.50402,8.69889,2.44647,2.27148,2.48106,7.10072,8.42804,7.51093,8.4174,9.97821,-9999,0.0
200806,9.817,0.442361,485.957,230.305,0.604167,307.956,0.442361,3.416,0.442361,78.605,0.347222,2.213,0.364583,1.234,0.365972,-9999,-9999,-9999,-9999,-9999,-9999,-9999,-9999,-9999,-9999,-9999,-9999,-9999,-9999,-9999,-9999,-9999,-9999,-9999,-9999,-9999,-9999,9.32151,0.443056,99.9211,0.442361,106.648,0.681623,33.171,0.441667,35.4042,0.260137,-4.64115,0.329861,0.13236,-4.75739,-4.72551,-4.64115,0.336111,0.336111,0.329861,3.85922,3.55951,3.74187,5.08987,8.28757,8.22693,8.37895,9.64902,2.7399,2.33631,2.60332,7.52014,8.04632,7.14177,8.03613,9.5791,1.64162,0.866667
200807,10.534,1.0,469.457,264.612,1.0,304.687,1.0,4.212,1.0,78.705,0.877016,2.65,0.995968,1.455,0.988575,0.145189686765,0.903225806452,149.589230126,0.993279569892,524.240398559,0.992607526882,52.3002897036,0.995967741935,368.415084949,0.995967741935,371.343,0.995296,13.057,13.136,11.506,1.0,1.0,1.0,13.614,20.08,1.0,1.0,4.49589,1.0,103.242,1.0,110.193,0.727898,32.6792,1.0,34.8793,0.400139,-4.07202,0.964382,0.0639805,-4.22119,-4.15277,-4.08021,0.974462,0.974462,0.964382,5.18192,4.70937,5.17233,5.45617,9.14954,8.92696,9.3251,9.49299,3.24393,4.04869,4.4536,6.50089,8.82913,8.65342,8.87998,9.62063,1.68252,1.0
200808,10.578,1.0,410.753,235.031,1.0,308.094,1.0,3.692,1.0,78.682,0.874328,1.858,0.995968,1.431,0.981855,0.1383952842,0.864919354839,130.988617748,0.991935483871,467.855732293,0.993951612903,45.7304999139,0.993951612903,367.859680694,0.995967741935,369.436,0.997984,12.944,13.082,11.948,1.0,1.0,1.0,13.994,19.001,1.0,1.0,2.40467,1.0,84.8316,1.0,91.9302,0.576478,32.9121,1.0,35.6661,0.35632,-1.6474,0.979839,0.0429266,-1.82446,-1.77937,-1.6482,0.981183,0.983199,0.979839,5.46746,5.16714,5.55276,5.93829,7.02887,6.98479,7.25183,7.58569,4.71888,4.47098,4.88306,5.90834,7.46904,6.77022,7.07413,7.43179,1.69285,1.0
200809,5.823,1.0,325.092,166.422,1.0,297.064,1.0,1.995,1.0,78.487,0.784722,2.161,0.993056,1.191,0.966667,0.118749474422,0.842361111111,85.4208639113,0.990277777778,331.752641469,0.991666666667,34.0273238874,0.991666666667,345.322154379,0.993055555556,371.953,0.998611,9.056,10.209,10.298,1.0,1.0,1.0,17.656,19.08,1.0,1.0,-1.34448,1.0,47.8423,1.0,50.9308,0.547009,32.8752,0.999306,34.9975,0.353077,-0.448687,0.890972,0.0337776,-0.581929,-0.540055,-0.455153,0.977083,0.983333,0.7875,3.74965,3.49028,3.55868,3.63451,4.26472,3.97709,4.04128,4.10556,3.14208,2.85693,3.52422,5.89498,4.60638,4.10713,4.31209,5.26829,1.93696,1.0
200810,3.917,0.985887,230.864,124.346,0.954973,282.409,0.950269,2.184,0.985887,78.541,0.814516,1.792,0.834005,1.13,0.940188,0.108406347186,0.786290322581,52.922827692,0.859543010753,275.448195083,0.861559139785,33.4154654274,0.959677419355,330.924229595,0.962365591398,373.312,0.956989,4.976,6.704,7.278,1.0,1.0,1.0,13.924,18.424,1.0,1.0,-2.92952,1.0,24.0275,0.974462,22.985,0.296873,26.9082,0.979839,25.7408,0.342958,-0.399113,0.87836,0.0243355,-0.378704,-0.293016,-0.247565,0.840726,0.924059,0.936828,1.47196,1.52789,1.64389,1.71167,1.77626,1.82749,1.96574,2.04397,1.04296,1.17775,2.22308,2.63081,1.99997,1.72516,2.01853,2.28364,2.23945,1.0
200811,-2.368,1.0,153.846,76.879,0.892361,254.143,0.877778,1.313,1.0,77.992,0.508333,2.694,0.0,1.072,0.715972,0.0675533350722,0.520138888889,-19.1352102634,0.627083333333,183.876331404,0.629861111111,67.3983711423,0.992361111111,286.629898088,0.995138888889,389.312,0.870833,0.943,2.549,3.796,1.0,1.0,1.0,23.676,22.643,0.950694,0.950694,-3.16672,0.950694,1.18148,0.874306,5.47752,0.167027,-4.706,0.934722,-21.8177,0.18552,1.24319,0.516667,0.115072,1.11457,1.24345,1.39234,0.478472,0.516667,0.676389,1.79682,1.63336,1.8089,1.97582,0.782351,0.42137,0.604913,0.710586,1.64395,1.86709,3.54939,4.2019,1.68985,0.606994,1.41988,1.83231,2.51161,1.0
200812,-4.677,0.981183,119.027,56.33,0.884409,244.124,0.86828,1.597,0.981183,77.94,0.571237,2.441,0.0,1.371,0.995968,0.10590208373,0.897177419355,-30.3188296909,0.504032258065,145.937307936,0.508064516129,57.5573370004,0.889784946237,277.033817182,0.913978494624,387.623,0.90121,0.946,1.627,2.547,1.0,1.0,1.0,25.246,22.144,1.0,1.0,-2.54562,1.0,7.35125,0.897849,19.3408,0.303271,-14.2701,0.998656,-37.5439,0.430229,2.82208,0.721102,0.022655,2.35474,2.63586,2.87085,0.739919,0.750672,0.729167,2.4338,2.34137,2.3861,2.46872,-0.0142153,-0.427342,-0.201297,-0.0104995,3.03567,2.99662,3.11369,3.34859,0.323858,0.269571,0.362243,0.371036,2.5113,1.0
200901,-7.381,0.974462,136.455,72.629,0.90793,223.138,0.898522,1.359,0.974462,77.566,0.775538,1.102,0.0,0.965,0.999328,0.0662727860412,0.91935483871,-44.4703003487,0.693548387097,169.933482291,0.695564516129,78.4775630828,0.924731182796,261.91311989,0.928091397849,384.634,0.941532,0.904,1.409,2.239,0.142473,0.142473,0.142473,27.407,22.199,1.0,1.0,-2.15996,1.0,0.794667,0.950941,2.09073,0.0908689,-6.13542,0.997312,-16.142,0.189748,2.02767,0.47379,0.0365369,1.70479,1.93959,2.40255,0.587366,0.492608,0.31586,1.77748,1.75028,1.75813,1.88901,-0.134897,-0.459195,-0.19634,0.0486389,2.31049,1.94692,2.40461,2.57704,0.240112,0.07688,0.229235,0.293626,1.28867,1.0
200902,-4.803,0.65997,199.731,110.1,0.693452,245.772,0.595238,0.828,0.65997,77.447,0.819196,1.763,0.0,1.708,0.953869,0.110317822105,0.852678571429,-9999,-9999,-9999,-9999,-9999,-9999,-9999,-9999,389.053,0.948661,0.904,1.389,2.211,0.0,0.0,0.0,29.26,22.356,1.0,1.0,-1.97922,1.0,6.72478,0.948661,7.33572,0.282095,-13.7172,0.985119,-14.9634,0.402429,2.39429,0.712054,0.0216439,2.21668,2.31992,2.53176,0.755208,0.723958,0.686012,2.00902,1.97386,2.05647,2.26822,-0.28034,-0.28034,-0.244569,-0.203776,2.51272,2.11732,2.61507,2.80259,0.329365,0.109502,0.318159,0.390913,1.28871,1.0
200903,-2.831,0.982527,290.617,163.22,0.885081,251.004,0.875672,1.507,0.982527,77.686,0.732527,1.96,0.0,1.589,0.94422,0.120192098036,0.825940860215,-1.73447518904,0.700268817204,384.67315678,0.700268817204,138.652846934,0.944220430108,290.284591998,0.94623655914,387.723,0.911962,0.907,1.379,2.196,0.0,0.0,0.0,33.787,25.732,1.0,1.0,-2.02588,1.0,14.1861,0.925403,15.4749,0.403398,-15.2274,0.972446,-16.6108,0.492595,2.05369,0.813844,0.0160169,1.94682,2.0378,2.08981,0.844086,0.819892,0.80914,2.08171,1.95867,2.08171,2.16237,0.0828118,0.0140857,0.0283803,0.0613533,2.15049,2.15049,2.45621,2.76125,0.268766,0.192898,0.268766,0.373724,1.29065,1.0
200904,0.719,0.980556,384.509,178.045,0.870833,280.134,0.858333,1.392,0.980556,78.049,0.59375,3.094,0.0,1.123,0.914583,0.0898542664763,0.698611111111,24.1974306096,0.720138888889,378.273077952,0.717361111111,130.548772088,0.954861111111,308.922332201,0.956944444444,387.332,0.858333,0.909,1.372,2.186,0.0,0.0,0.0,37.482,27.746,1.0,1.0,-1.7469,1.0,6.13388,0.894444,17.1453,0.258085,-7.23549,0.957639,-20.2245,0.23671,1.92836,0.602778,0.0323975,1.68925,1.87718,2.01583,0.734722,0.611111,0.565278,2.00484,1.78871,2.00263,2.69848,0.224548,0.0684979,0.122847,0.224548,1.53706,1.51725,1.6699,1.84548,0.103872,0.00268269,0.029133,0.103872,1.2913,1.0
200905,6.685,0.979839,454.572,233.338,0.981183,293.615,0.979839,3.89,0.979839,78.713,0.840726,1.401,0.247312,1.293,0.993952,0.104869551754,0.895833333333,84.2142596276,0.941532258065,477.745581046,0.941532258065,119.723260715,0.944892473118,331.080865041,0.944892473118,385.812,0.999328,0.908,1.372,2.187,0.0,0.0,0.0,41.002,40.641,1.0,1.0,1.40447,1.0,14.9663,0.997312,67.3408,0.519984,2.01841,1.0,9.08185,0.61601,1.45419,0.853495,0.0400301,1.38347,1.41497,1.45419,0.895833,0.86828,0.853495,1.78827,1.75523,1.78823,2.04792,0.370899,0.370899,0.377115,0.550312,2.31778,1.81669,2.032,2.37163,0.721022,0.484299,0.635344,0.762923,1.29126,1.0
200906,9.344,0.845833,485.71,271.015,0.855556,296.493,0.845833,4.463,0.845833,78.456,0.159722,1.835,0.760417,1.421,0.172917,-9999,-9999,160.521525779,0.75,567.623877086,0.75,55.5613329817,0.75,368.894981409,0.75,377.374,0.345139,0.89,2.215,3.631,0.0,0.0,0.0,20.215,24.774,0.897917,0.897917,8.47206,0.897917,73.0563,0.352778,206.854,0.610838,41.8663,0.360417,118.542,0.623165,-2.52993,0.26875,0.0684244,-2.53757,-2.515,-2.48395,0.259722,0.269444,0.28125,3.81117,3.45675,3.7672,3.79441,6.24575,5.92778,6.24575,6.30553,2.43822,2.3801,3.14713,4.19098,6.14439,5.18777,5.84352,6.57205,1.29595,1.0
200907,10.913,1.0,470.701,270.221,1.0,307.375,1.0,3.921,1.0,78.794,0.841398,1.056,0.99328,1.403,0.942876,0.149029475305,0.848790322581,155.064941281,0.989919354839,539.083180562,0.990591397849,53.2693018197,0.992607526882,371.457914667,0.993279569892,372.63,0.999328,0.882,2.338,3.844,0.0,0.0,0.0,11.233,18.423,1.0,1.0,6.40962,1.0,90.384,0.998656,105.149,0.634956,36.1927,0.999328,42.1053,0.366548,-4.73388,0.963038,0.0581694,-4.84756,-4.82063,-4.4714,0.975134,0.975806,0.94086,4.16876,4.27065,4.33494,5.30687,9.0233,9.11684,9.15855,9.72828,3.72058,3.65563,3.84314,4.20454,9.05248,8.81013,8.96755,9.24903,1.29246,1.0
200908,12.072,1.0,413.182,239.44,1.0,314.593,1.0,4.016,1.0,78.995,0.891129,1.491,0.994624,1.389,0.992608,0.128335012038,0.893817204301,134.013090487,0.994623655914,476.624111417,0.994623655914,45.8979643826,0.994623655914,375.400603499,0.994623655914,370.377,1.0,0.856,2.292,3.809,0.0,0.0,0.0,11.652,15.468,1.0,1.0,4.27097,1.0,75.7065,1.0,87.8259,0.541736,35.4247,1.0,41.0957,0.311948,-2.44298,0.917339,0.0429524,-2.49967,-2.41268,-2.39593,0.930108,0.697581,0.994624,3.98021,4.04072,4.21575,4.24411,6.49269,6.51741,6.62383,6.66219,4.38346,3.70869,4.33375,5.23823,6.79175,6.5241,6.81617,7.61025,1.27821,1.0
200909,7.976,1.0,328.161,181.247,1.0,300.511,1.0,2.908,1.0,78.837,0.807639,1.766,0.980556,1.318,0.957639,0.126033010735,0.860416666667,94.1817594814,0.976388888889,366.832484178,0.976388888889,37.1934271801,0.979861111111,354.78859616,0.980555555556,369.367,0.999306,0.653,1.702,3.317,0.0,0.0,0.0,13.728,15.386,1.0,1.0,0.16009,1.0,47.4457,1.0,52.4118,0.466622,35.2163,0.999306,38.9023,0.350572,-0.736488,0.9875,0.0336002,-0.736488,-0.648409,-0.567562,0.9875,0.970833,0.990972,2.33606,2.58803,2.88262,3.55319,3.11408,3.30156,3.44324,4.17884,2.69607,2.69607,3.10795,4.28968,3.69882,3.42576,3.69882,4.35347,1.19435,1.0
200910,4.012,1.0,233.832,138.447,1.0,265.444,1.0,3.574,1.0,78.35,0.935484,0.795,0.986559,1.475,0.980511,0.13336731863,0.845430107527,40.1285082497,0.98252688172,278.188141821,0.984543010753,37.7255963401,0.984543010753,328.051409393,0.986559139785,371.857,1.0,0.601,1.748,3.376,0.0114247,0.0114247,0.0114247,14.671,15.923,1.0,1.0,-3.9966,1.0,23.7133,1.0,21.5081,0.312485,24.0519,1.0,21.8153,0.473904,0.0756375,0.967742,0.018305,0.0358585,0.0756256,0.158702,0.979839,0.978495,0.90121,2.1043,2.08665,2.13147,2.29886,2.04977,2.04099,2.05782,2.13775,1.39726,1.39726,1.64919,1.89398,1.7826,1.6253,1.76121,1.84525,1.15659,1.0
200911,0.115,1.0,155.81,77.955,0.940278,261.441,0.931944,2.114,1.0,77.958,0.86875,2.306,0.332639,0.987,0.999306,0.105080238414,0.835416666667,-4.5285326167,0.797916666667,182.214562032,0.798611111111,50.47005883,0.996527777778,300.683646528,0.998611111111,376.029,0.959722,0.544,1.655,3.153,0.903472,0.903472,0.903472,19.915,21.259,1.0,1.0,-3.40457,1.0,6.68487,0.971528,-1.19854,0.263105,-1.2902,1.0,0.231322,0.428161,1.21184,0.884028,0.0161366,1.20181,1.21184,1.22581,0.895139,0.884028,0.928472,1.42791,1.37674,1.42594,1.4767,0.217523,0.15928,0.211588,0.254362,1.2731,1.36484,1.824,2.07992,0.462055,0.395209,0.450225,0.648353,1.18088,1.0
200912,-5.195,1.0,119.35,62.797,0.913306,240.003,0.902554,1.698,1.0,77.187,0.71371,2.128,0.0,1.243,0.985887,0.121843139783,0.851478494624,-24.0252647536,0.706989247312,145.540881738,0.709677419355,62.9010841547,0.992607526882,269.614667797,0.996639784946,377.626,0.959005,-0.297,0.436,1.724,1.0,1.0,1.0,19.956,19.556,1.0,1.0,-2.89335,1.0,5.10994,0.965054,15.2317,0.238062,-12.3315,0.992608,-36.7577,0.468147,1.69252,0.864919,0.0110281,1.576,1.65117,1.74561,0.883737,0.865591,0.854839,1.69276,1.58844,1.69226,1.74363,0.0489122,0.00444255,0.0174513,0.0335108,1.87413,1.30053,1.70576,2.02114,0.752443,0.381748,0.529576,0.752443,0.714897,1.0
201001,-6.647,1.0,136.455,75.522,0.950269,234.963,0.950941,1.736,1.0,77.327,0.797043,0.831,0.0,1.113,0.997984,0.0893621098216,0.877688172043,-19.0169228398,0.798387096774,166.125160742,0.786962365591,74.625379678,0.967069892473,260.23841979,0.969086021505,381.407,0.969758,-0.615,0.086,1.221,1.0,1.0,1.0,18.892,17.214,1.0,1.0,-2.47617,1.0,1.99794,0.973118,5.09616,0.120389,-7.90696,0.997984,-20.1683,0.287305,1.43751,0.810484,0.012373,1.30429,1.37863,1.54997,0.844758,0.827957,0.755376,1.44976,1.38162,1.46181,1.51279,0.0952009,-0.0282556,0.0678145,0.0874641,2.6275,2.62054,2.64111,2.80834,0.240014,0.222115,0.231595,0.253877,1.09312,1.0
201002,-6.732,0.994048,199.731,108.111,0.855655,236.697,0.845982,1.185,0.994048,76.943,0.726935,1.553,0.0,1.043,0.999256,0.0874668378542,0.870535714286,-9999,-9999,268.272114938,0.53869047619,106.039931628,0.928571428571,267.794272708,0.931547619048,382.087,0.924851,-0.503,-0.134,0.876,1.0,1.0,1.0,18.072,16.079,1.0,1.0,-1.48924,1.0,2.80794,0.956845,10.6529,0.115456,-5.80709,0.99256,-22.0311,0.255571,1.29125,0.750744,0.0230026,1.25418,1.28423,1.39662,0.796875,0.75744,0.677083,1.14302,1.10792,1.12549,1.13902,-0.137699,-0.238165,-0.148809,-0.101034,1.8886,1.8583,2.47818,2.54746,0.319445,0.157833,0.273089,0.319445,1.10301,1.0
201003,-3.87,1.0,290.617,156.094,0.908602,251.346,0.91129,1.552,1.0,77.942,0.782258,1.323,0.0,1.205,1.0,0.0962740060485,0.833333333333,-0.585453489706,0.751344086022,345.596915914,0.769489247312,127.296406804,0.969758064516,285.126923694,0.972446236559,393.14,0.932124,-0.234,0.09,0.892,1.0,1.0,1.0,18.267,19.228,1.0,1.0,-1.39462,1.0,5.77957,0.942876,20.503,0.220074,-6.07381,0.997984,-21.5468,0.312512,1.677,0.802419,0.0232495,1.65719,1.67556,1.747,0.81922,0.833333,0.759409,1.74002,1.74002,1.8757,1.90627,0.0851607,0.0824175,0.127461,0.225569,1.62959,1.57435,1.90959,2.45132,0.243482,0.0443236,0.0688338,0.308065,1.12818,1.0
201004,0.833,1.0,384.509,209.173,0.956944,264.698,0.955556,2.304,1.0,78.282,0.872222,1.38,0.0,1.213,0.998611,0.0886630842625,0.878472222222,28.0348796331,0.879166666667,437.154224708,0.861111111111,144.164833586,0.989583333333,303.205776081,0.993055555556,393.17,0.972222,0.149,0.431,0.983,1.0,1.0,1.0,27.639,31.057,1.0,1.0,-1.40898,1.0,5.99405,0.976389,15.9839,0.233311,-5.28923,0.998611,-14.1044,0.191022,1.70447,0.711111,0.01352,1.53278,1.58492,1.80802,0.803472,0.779861,0.620833,1.46825,1.36709,1.467,1.68922,-0.186386,-0.178511,-0.168852,-0.147526,1.34669,1.29222,1.46365,2.17776,0.0434928,0.0361013,0.0571071,0.111061,1.16488,1.0
201005,3.456,1.0,454.572,207.548,0.922715,290.189,0.922715,1.962,1.0,77.965,0.694892,4.999,0.323253,1.456,0.897849,0.14358667026,0.605510752688,76.9957071541,0.825268817204,472.430002386,0.825940860215,103.00290793,1.0,330.531989247,1.0,390.416,0.911962,2.572,2.234,1.864,1.0,1.0,1.0,44.727,32.222,1.0,1.0,2.86378,1.0,23.4762,0.944892,41.9232,0.443356,11.44,0.953629,20.4291,0.381778,1.35822,0.648522,0.0143602,1.3065,1.33822,1.43619,0.715054,0.686828,0.547043,1.74561,1.66525,1.74561,1.85785,0.362476,0.362476,0.397635,0.415059,1.85657,1.85657,1.91427,2.44359,0.54333,0.495653,0.54333,0.814454,1.52086,1.0
201006,8.727,1.0,485.71,228.021,1.0,311.013,1.0,2.446,1.0,78.409,0.841667,4.194,1.0,1.429,0.990278,0.13940884404,0.840972222222,129.039673803,0.999305555556,457.517933109,0.999305555556,42.1705791667,1.0,367.319097222,1.0,380.232,1.0,10.813,9.643,7.841,1.0,1.0,1.0,35.617,28.272,1.0,1.0,6.69645,1.0,68.3706,1.0,76.5164,0.75417,41.3246,1.0,46.2481,0.367209,-2.57904,0.942361,0.0583634,-2.71145,-2.55974,-2.51885,0.934722,0.936806,0.945139,3.03453,3.05995,3.0914,3.39664,5.59561,5.58802,5.65202,6.24464,3.76375,3.75191,3.81009,3.92296,5.901,5.74067,5.82891,5.87255,2.96991,1.0
201007,12.7,1.0,470.701,282.851,1.0,308.929,1.0,4.679,1.0,78.95,0.99664,0.75,0.983871,1.552,0.998656,0.149056176107,0.907930107527,152.684000281,0.967069892473,565.905097836,1.0,57.6719722222,0.967741935484,381.560208333,0.967741935484,375.477,0.999328,14.136,12.985,11.135,1.0,1.0,1.0,27.637,21.125,1.0,1.0,6.40157,1.0,100.736,1.0,108.54,0.626986,35.5194,1.0,38.2709,0.367948,-4.44154,0.965726,0.0484937,-4.60249,-4.57941,-4.31624,0.976478,0.979167,0.956989,3.86175,3.86175,3.93045,4.91418,8.46734,8.45837,8.48374,9.2166,5.4229,5.00684,5.49955,5.89608,9.83462,9.36622,9.56252,9.737,3.96343,1.0
201008,10.161,1.0,413.182,230.059,1.0,301.943,1.0,4.038,1.0,78.669,0.896505,3.864,1.0,1.456,0.999328,0.151039659105,0.903897849462,114.450711965,0.997983870968,456.383462273,0.95497311828,48.8825537634,1.0,367.850268817,1.0,380.65,1.0,12.03,11.347,10.414,1.0,1.0,1.0,26.607,19.783,1.0,1.0,3.60301,1.0,74.0615,0.999328,76.4249,0.545027,33.9968,0.999328,35.0817,0.369331,-1.78256,0.987231,0.0330813,-1.83529,-1.7817,-1.71083,0.993952,0.994624,0.960349,3.66668,3.68253,3.78327,4.03389,5.51161,5.51992,5.58234,5.76462,4.34505,4.34505,4.69501,5.18806,6.25161,6.0109,6.22062,6.51818,3.34464,1.0
201009,6.81,1.0,328.161,197.488,1.0,282.273,1.0,3.281,1.0,78.428,0.981944,0.884,1.0,1.331,0.998611,0.127441408155,0.9,85.1971722222,1.0,387.588926166,0.995138888889,45.3501868056,1.0,349.745,1.0,381.926,1.0,9.256,9.343,9.261,1.0,1.0,1.0,24.1,17.904,1.0,1.0,0.502784,1.0,51.2191,1.0,47.884,0.448088,39.1479,0.999306,36.5988,0.34252,-0.964266,0.980556,0.0271135,-1.03404,-0.996206,-0.95479,0.99375,0.992361,0.976389,2.65606,2.42529,2.64604,2.97526,3.51961,3.47309,3.58552,3.93698,2.45273,2.47477,2.75712,3.97477,3.59581,3.44185,3.59581,4.12278,2.65867,1.0
201010,2.384,1.0,233.832,120.399,0.977151,272.05,0.975134,1.903,1.0,78.129,0.99664,1.644,0.934812,1.203,0.985215,0.116625790497,0.816532258065,34.8475438218,0.935483870968,245.21630905,0.933467741935,34.8462110215,1.0,325.699596774,1.0,382.67,0.983871,4.707,5.473,6.354,1.0,1.0,1.0,24.811,20.576,1.0,1.0,-2.24668,1.0,22.0153,0.988575,15.7949,0.440606,26.8309,0.997312,19.2499,0.455451,-0.0706962,0.979839,0.0185223,-0.123454,-0.111281,-0.0892893,0.963038,0.981855,0.979839,1.38556,1.26684,1.37625,1.48486,1.44514,1.3912,1.45741,1.60027,1.05328,1.0645,1.14434,1.45603,1.39213,1.32494,1.38395,1.51028,1.79035,1.0
201011,-2.291,1.0,155.81,68.863,0.926389,267.37,0.936806,1.508,1.0,77.369,0.96875,2.335,0.0,1.129,0.946528,0.0926262569445,0.800694444444,-22.1299000149,0.779861111111,146.48382811,0.756944444444,68.4786986111,1.0,289.203611111,1.0,390.007,0.95625,1.033,1.933,3.122,1.0,1.0,1.0,29.775,24.574,1.0,1.0,-3.74633,1.0,5.09757,0.964583,9.90163,0.276099,-6.20833,0.980556,-12.0592,0.317393,1.47568,0.839583,0.020507,1.40524,1.4282,1.50539,0.896528,0.88125,0.834722,1.49925,1.46963,1.49692,1.57595,0.0439948,0.0408467,0.0557646,0.0663238,0.906525,1.02383,1.18232,1.35719,0.0441932,0.0211925,0.0409944,0.240006,1.25556,1.0
201012,-5.697,1.0,119.35,54.483,0.925403,240.748,0.921371,1.63,1.0,77.336,0.899194,1.847,0.0,1.544,0.870968,0.127909652049,0.747311827957,-35.6071551944,0.70564516129,131.660817108,0.703629032258,67.3182446237,1.0,268.49327957,1.0,390.891,0.921371,0.079,0.786,1.819,0.992608,0.992608,0.992608,29.738,24.045,0.992608,0.992608,-2.99252,0.992608,6.17561,0.924731,19.5606,0.278163,-14.5693,0.962366,-46.1467,0.408812,1.51334,0.825941,0.016256,1.452,1.49128,1.61806,0.857527,0.832661,0.77621,1.29336,1.29184,1.3053,1.41424,-0.184066,-0.22879,-0.184066,-0.153791,1.52168,1.6008,1.91465,2.41246,0.0,0.0,0.0,0.0,1.15814,1.0
201101,-4.291,1.0,136.455,80.736,0.986559,230.722,0.985215,2.111,1.0,78.009,1.0,0.684,0.0,1.075,1.0,0.0846643269125,0.734543010753,-37.0477081026,0.952284946237,166.120121491,0.950268817204,78.5840759409,1.0,270.199462366,1.0,393.793,0.995968,0.372,0.913,1.692,1.0,1.0,1.0,28.956,23.942,1.0,1.0,-2.32252,1.0,2.45625,0.99664,7.77992,0.174569,-7.74059,0.995296,-24.5175,0.310403,1.59865,0.840726,0.0131331,1.51067,1.59191,1.86606,0.892473,0.83871,0.71371,1.3882,1.4198,1.49483,1.7048,-0.188745,-0.212801,-0.155874,-0.0332421,0.927153,0.936755,1.21573,1.68314,0.0,0.0,0.0,0.00223448,1.26499,1.0
201102,-1.368,1.0,199.731,112.687,0.927083,237.23,0.944196,3.197,1.0,78.014,1.0,0.895,0.0,1.136,0.998512,0.0883469103403,0.769345238095,-40.5177267637,0.838541666667,237.618206835,0.82068452381,108.670344494,1.0,281.094642857,1.0,394.937,0.944196,0.214,0.69,1.38,1.0,1.0,1.0,28.423,23.83,1.0,1.0,-1.98937,1.0,5.53794,0.970982,14.0299,0.16898,-8.33441,0.998512,-21.1145,0.292162,1.60003,0.796131,0.0216284,1.43035,1.49399,1.73077,0.841518,0.816964,0.745536,1.31226,1.24664,1.31226,1.57647,-0.177504,-0.197043,-0.177504,-0.135146,1.34647,1.34647,1.58612,1.99018,0.0,0.0,0.0,0.00311673,1.25997,1.0
201103,-1.249,1.0,290.617,166.609,0.922043,246.058,0.919355,1.853,1.0,78.34,0.986559,1.31,0.0,1.115,0.97043,0.0795644015782,0.698924731183,-8.10151920627,0.787634408602,368.683957214,0.762096774194,132.90871707,1.0,293.746706989,1.0,400.156,0.930108,0.282,0.694,1.283,1.0,1.0,1.0,29.315,25.742,1.0,1.0,-1.85879,1.0,5.81034,0.962366,7.95186,0.203431,-4.54954,0.981855,-6.22637,0.234686,1.63845,0.650538,0.0151445,1.4724,1.60473,1.70683,0.80914,0.698925,0.573925,1.16914,1.08001,1.16914,1.41305,-0.355366,-0.454218,-0.397429,-0.362907,1.39948,1.39948,1.48974,1.80734,0.0,0.0,0.0,0.00190173,1.26212,1.0
201104,3.999,1.0,384.509,226.903,1.0,269.446,1.0,3.751,1.0,78.426,1.0,0.839,0.634028,1.613,0.964583,0.145436304819,0.772916666667,75.7922233501,0.997222222222,454.062992195,0.990277777778,89.3483673611,1.0,331.721909722,1.0,393.283,0.995833,3.274,2.991,2.574,1.0,1.0,1.0,37.657,29.343,1.0,1.0,1.98815,1.0,26.1211,0.998611,35.7485,0.4324,27.7974,0.999306,38.0428,0.645896,0.308771,0.961111,0.017088,0.250291,0.263872,0.283417,0.947222,0.911111,0.938194,1.17235,1.19743,1.23831,1.31881,0.882211,0.909242,0.984386,1.04609,1.56246,1.68258,1.79295,1.83046,1.38028,1.27297,1.30245,1.3313,1.36487,1.0
201105,6.71,1.0,454.572,264.038,1.0,283.434,1.0,3.363,1.0,78.683,0.995968,1.589,1.0,1.676,0.965054,0.150918615303,0.825940860215,138.667409946,1.0,528.864782405,0.987231182796,50.4088313172,1.0,358.480241935,1.0,390.808,1.0,9.144,7.991,6.422,0.997312,0.997312,0.997312,30.841,24.023,0.997312,0.997312,5.9132,0.997312,57.6167,0.998656,64.8328,0.521576,60.3063,0.997984,67.8592,0.422944,-1.895,0.946909,0.0368536,-1.94304,-1.90171,-1.88721,0.915323,0.913978,0.940188,2.36944,2.32002,2.35275,2.43218,4.26051,4.2293,4.26211,4.40427,1.60701,1.60587,2.47146,2.75518,4.04535,3.61916,4.0115,4.26108,1.58364,1.0
201106,8.917,1.0,485.71,234.05,1.0,308.094,1.0,3.441,1.0,78.675,0.982639,6.278,1.0,1.404,0.940278,0.136234467373,0.751388888889,130.225479339,0.994444444444,469.28623575,0.990972222222,47.6442458333,1.0,363.806597222,1.0,387.752,0.995139,11.364,10.416,8.96,1.0,1.0,1.0,33.903,26.934,1.0,1.0,5.80622,1.0,76.2677,0.999306,87.0488,0.700625,33.6513,0.999306,38.4082,0.356662,-3.21805,0.902778,0.0423126,-3.31247,-3.25644,-3.10255,0.958333,0.96875,0.897917,3.47901,3.13351,3.56963,4.44679,6.65345,6.44598,6.73529,7.28806,2.74918,2.69291,3.58183,4.74473,6.46284,6.07218,6.46284,7.09766,1.67344,1.0
201107,8.904,1.0,470.701,246.412,1.0,298.278,1.0,3.16,1.0,78.394,0.998656,2.901,0.99664,1.393,0.979839,0.141365513941,0.8125,131.496104895,0.994623655914,493.7347838,0.993951612903,47.2791239529,0.996639784946,362.699601463,0.996639784946,376.689,0.999328,12.494,11.912,10.903,0.997984,0.997984,0.997984,30.063,23.226,0.997984,0.997984,3.29543,0.997984,82.8313,0.998656,89.2043,0.576447,38.016,1.0,40.9409,0.361376,-3.16456,0.96371,0.0425859,-3.21413,-3.16624,-3.12846,0.969086,0.896505,0.969086,4.45607,3.57304,4.45607,4.92911,7.55327,6.81759,7.61794,8.01515,4.769,3.96532,4.769,5.32931,7.25107,7.35858,7.74887,8.01557,1.72056,1.0
201108,11.905,1.0,413.182,239.597,1.0,306.318,1.0,4.766,1.0,78.855,0.906586,1.757,1.0,1.42,0.939516,0.136515509201,0.835349462366,123.615534946,1.0,482.749655182,0.936155913978,47.6893938172,1.0,374.609475806,1.0,377.454,0.998656,13.672,12.791,11.531,1.0,1.0,1.0,26.857,18.771,1.0,1.0,4.85372,1.0,86.0977,0.998656,84.5481,0.628661,34.5905,0.998656,33.9679,0.343961,-2.10289,0.955645,0.0367956,-2.34896,-2.21596,-2.13908,0.992608,0.952285,0.956989,4.31589,4.19705,4.32245,4.3742,6.50481,6.38304,6.51583,6.60069,5.76644,5.09001,5.39103,5.73241,6.78222,6.79321,6.88134,7.01595,1.77253,1.0
201109,10.01,1.0,328.161,202.528,1.0,296.77,1.0,3.858,1.0,78.893,0.992361,2.64,1.0,1.42,0.965972,0.129667571173,0.834027777778,91.6061138889,1.0,399.800202775,0.986805555556,43.6672791667,1.0,364.097638889,1.0,381.092,1.0,11.637,11.481,11.034,1.0,1.0,1.0,28.352,20.362,1.0,1.0,2.12762,1.0,64.4273,0.999306,58.3733,0.501294,34.3674,0.998611,31.138,0.318635,-1.12118,0.950694,0.0308187,-1.28545,-1.20216,-1.06737,0.978472,0.969444,0.872917,3.28268,3.23401,3.28363,3.3493,4.48897,4.38454,4.45943,4.5138,3.88238,3.84988,4.10793,4.5002,4.93179,4.62109,4.77516,4.92599,1.68389,1.0
201110,4.418,1.0,233.832,143.299,0.968414,259.401,0.966398,3.83,1.0,78.731,0.995296,1.02,0.612903,1.36,0.994624,0.115683743873,0.82997311828,35.2860830088,0.859543010753,316.500300879,0.829301075269,48.4383481183,1.0,327.457862903,1.0,386.542,0.966398,5.18,6.238,7.4,1.0,1.0,1.0,25.397,18.844,1.0,1.0,-2.8303,1.0,32.8564,0.984543,21.6761,0.437008,20.0907,0.994624,13.2543,0.525443,-0.237827,0.8125,0.0211299,-0.378186,-0.268097,0.0982065,0.918011,0.881048,0.626344,1.53389,1.53389,1.67774,1.97011,1.91306,1.83918,1.95984,2.04396,1.63025,1.62751,2.55496,3.14031,2.36983,1.8223,2.255,2.43544,1.43313,1.0
201111,1.635,1.0,155.81,86.169,1.0,254.92,1.0,2.882,1.0,78.665,0.930556,4.409,0.966667,1.115,0.895833,0.0808878374613,0.729166666667,1.73014882277,0.954861111111,166.563916481,0.993055555556,28.2698200779,0.954861111111,311.676557286,0.954861111111,392.743,0.999306,0.674,1.668,3.199,1.0,1.0,1.0,32.25,25.078,1.0,1.0,-3.8748,1.0,9.82715,0.999306,2.06956,0.238203,16.5998,0.999306,3.49585,0.37636,0.474881,0.381944,0.0139651,0.415791,0.489716,0.524049,0.990972,0.79375,0.376389,1.09808,0.747507,1.06602,1.24438,0.586985,0.331958,0.460343,0.605599,0.795844,0.833123,1.34889,1.69988,0.510269,0.353723,0.50811,0.631333,1.27564,1.0
201112,-2.641,1.0,119.35,59.278,0.900538,240.504,0.893145,2.05,1.0,78.082,0.998656,1.947,0.12836,1.538,0.997984,0.137876958508,0.875672043011,-34.5564976779,0.634408602151,152.465885683,0.623655913978,54.9294784946,1.0,284.710416667,1.0,392.017,0.913306,-0.166,0.385,1.518,1.0,1.0,1.0,30.619,24.085,1.0,1.0,-3.19179,1.0,6.569,0.921371,14.372,0.28985,-8.0259,0.999328,-17.5595,0.44399,1.28438,0.869624,0.0137899,1.20596,1.25705,1.34722,0.879704,0.873656,0.862903,1.29632,1.1935,1.29775,1.37551,0.0420307,-0.0448561,0.0291345,0.0521921,1.66077,1.5613,1.65612,1.85558,0.0839477,0.080056,0.0845722,0.131555,1.24809,1.0
201201,-2.543,1.0,136.455,74.467,0.916667,233.002,0.906586,2.734,1.0,78.231,1.0,1.535,0.0,1.608,0.998656,0.157854965598,0.887096774194,-43.7699917628,0.723790322581,174.650168398,0.724462365591,70.8918010753,1.0,278.232392473,1.0,394.35,0.912634,0.37,0.844,1.639,1.0,1.0,1.0,30.044,24.187,1.0,1.0,-2.26026,1.0,9.83837,0.927419,40.9779,0.438079,-17.3903,0.999328,-72.4323,0.562949,1.60328,0.80914,0.0158496,1.50939,1.57474,1.68056,0.829973,0.815188,0.791667,1.40308,1.3725,1.39622,1.43664,-0.19433,-0.251404,-0.19222,-0.148804,1.4427,1.43491,1.59178,1.62015,0.0,0.0,0.0,0.000764039,1.08245,1.0
201202,-5.622,1.0,201.194,137.803,0.975575,216.682,0.985632,2.606,1.0,77.975,1.0,0.167,0.0,1.362,0.998563,0.117959240666,0.871408045977,-27.396729295,0.951867816092,272.56474723,0.92816091954,117.658461207,1.0,269.092492816,1.0,395.664,0.979885,0.105,0.565,1.301,1.0,1.0,1.0,29.413,23.797,1.0,1.0,-1.97976,1.0,5.73965,0.97773,14.5409,0.230337,-9.80239,1.0,-24.8335,0.369126,1.66506,0.906609,0.0161311,1.5646,1.64458,1.78822,0.939655,0.907328,0.882902,1.35184,1.34425,1.36056,1.47834,-0.31031,-0.316795,-0.280792,-0.228342,1.69347,1.55529,1.58136,1.63858,0.0,0.0,0.0,0.00168954,1.0599,1.0
201203,1.968,1.0,293.843,190.342,0.961694,247.846,0.957661,3.854,1.0,78.823,0.995968,0.753,0.000672043,1.375,0.997312,0.110099039708,0.893817204301,5.18335103776,0.89314516129,407.922658103,0.864919354839,132.607659274,1.0,302.964314516,1.0,398.408,0.973118,0.296,0.61,1.146,1.0,1.0,1.0,33.493,28.026,1.0,1.0,-1.53618,1.0,11.8799,0.984543,10.7123,0.246344,-4.22513,0.99664,-3.80988,0.315524,1.54505,0.885081,0.0117728,1.45452,1.52682,1.58688,0.903226,0.889113,0.78629,1.35478,1.19338,1.34845,1.45307,-0.252706,-0.25693,-0.240635,-0.16085,1.99156,1.85361,1.95589,1.98486,0.0,0.0,0.0,0.0123444,1.07601,1.0
201204,-0.219,1.0,387.291,167.272,0.84375,275.29,0.85,1.589,1.0,77.392,0.928472,2.783,0.0993056,1.194,0.970139,0.115203678625,0.745833333333,26.3431898844,0.668055555556,347.303763969,0.633333333333,121.039526389,1.0,306.178125,1.0,392.313,0.888889,0.444,0.649,1.138,1.0,1.0,1.0,34.615,28.287,1.0,1.0,-1.50284,1.0,9.90203,0.911806,20.0836,0.330379,1.1147,0.991667,2.26087,0.316813,1.32512,0.802778,0.0100034,1.32457,1.33869,1.35513,0.823611,0.836111,0.851389,1.13218,1.13218,1.1545,1.18253,-0.185243,-0.208916,-0.182015,-0.161927,1.34764,1.34263,1.42191,1.51388,0.0137543,0.00860768,0.015248,0.0301596,1.08954,1.0
201205,5.367,1.0,456.272,229.315,0.97043,285.71,0.977823,3.147,1.0,78.414,0.961022,2.292,0.742608,1.464,0.920699,0.131636390229,0.743279569892,99.8617350926,0.952284946237,477.804594522,0.952284946237,75.620093414,1.0,344.881854839,1.0,391.868,0.953629,5.296,4.511,3.405,1.0,1.0,1.0,35.992,28.396,1.0,1.0,4.877,1.0,35.9133,0.983871,43.8996,0.440965,39.5086,0.993952,48.2945,0.435595,0.335215,0.835349,0.0271218,0.294087,0.313566,0.335215,0.87836,0.889113,0.835349,1.54344,1.50784,1.65182,1.78418,1.28792,1.19111,1.3166,1.44101,1.52566,1.51727,1.55734,1.67597,1.3394,1.32704,1.35099,1.40952,1.71703,1.0
201206,10.179,0.995139,485.957,257.065,0.995833,309.198,0.995139,3.953,0.995139,78.675,0.992361,2.74,0.992361,1.357,0.977083,0.144989320839,0.84375,141.40426088,0.991666666667,508.934663151,0.994444444444,45.6200939815,0.991666666667,373.477986111,0.991666666667,385.159,0.998611,12.15,10.932,8.84,0.995833,0.995833,0.995833,31.631,24.491,0.995833,0.995833,7.82981,0.995833,81.2899,1.0,90.1642,0.639235,42.5666,1.0,47.2135,0.420069,-2.91398,0.968056,0.0544629,-2.81993,-2.71944,-2.64438,0.979167,0.9875,0.991667,3.03935,3.03935,3.10313,3.16303,5.79347,5.7716,5.88352,6.01411,3.45851,3.52428,3.97157,4.13688,6.37899,6.16574,6.34101,6.49575,2.88191,1.0
201207,11.54,1.0,469.457,266.063,1.0,301.579,1.0,5.706,1.0,78.79,0.995296,3.093,1.0,1.501,0.925403,0.179583129312,0.823252688172,144.163510081,1.0,527.396866313,0.99126344086,50.8649180108,1.0,372.613776882,1.0,372.611,0.999328,13.235,12.529,11.125,1.0,1.0,1.0,29.494,21.085,1.0,1.0,5.23189,1.0,95.2594,1.0,103.7,0.716828,32.0263,1.0,34.864,0.399643,-3.11205,0.983199,0.0439327,-3.0934,-3.04121,-2.94713,0.984543,0.987231,0.964382,4.57083,4.46382,4.62505,4.84259,7.68054,7.48524,7.66424,7.76779,3.873,3.8514,4.03225,4.60765,7.47678,7.36143,7.42475,7.7646,3.10985,1.0
201208,12.463,1.0,410.753,234.45,1.0,309.728,1.0,4.867,1.0,79.02,0.997312,2.029,1.0,1.357,0.981183,0.136812539862,0.876344086022,120.619906586,1.0,468.462615048,0.992607526882,46.454172043,1.0,377.103696237,1.0,369.737,1.0,13.84,13.286,12.028,1.0,1.0,1.0,24.488,17.004,1.0,1.0,4.63754,1.0,71.8406,0.999328,79.1538,0.573905,33.2755,1.0,36.6629,0.31618,-1.47571,0.948925,0.0544733,-1.72467,-1.61659,-1.55316,0.889785,0.981855,0.979167,4.71219,4.44526,4.71219,5.06413,6.33609,6.06294,6.24517,6.7317,4.8435,4.55735,5.79617,6.66189,7.24353,6.27416,6.9567,7.24378,3.28138,1.0
201209,7.749,1.0,325.092,179.157,1.0,294.14,1.0,3.407,1.0,78.638,1.0,1.748,0.96875,1.325,0.990278,0.141406125494,0.865277777778,75.7072582756,0.96875,352.898836195,0.998611111111,34.7822110513,0.96875,353.31068953,0.96875,374.299,0.998611,10.231,10.424,10.286,1.0,1.0,1.0,22.32,15.367,1.0,1.0,1.47952,1.0,43.6365,0.998611,43.8862,0.422199,35.2824,1.0,35.4843,0.339135,-0.365539,0.9625,0.0232385,-0.56946,-0.483165,-0.330083,0.988194,0.971528,0.909028,2.87396,2.66245,2.95622,3.09033,3.27063,3.23367,3.32994,3.4157,3.31018,3.24045,3.52148,3.78999,3.72398,3.55601,3.63539,3.83509,2.45936,1.0
201210,4.476,1.0,230.864,113.842,0.971774,280.959,0.971102,2.978,1.0,78.209,0.961694,1.48,1.0,1.203,0.960349,0.12331829493,0.774865591398,29.6732750114,0.897177419355,238.82323552,0.853494623656,39.5229643817,1.0,331.316935484,1.0,379.875,0.991263,6.182,6.818,7.535,1.0,1.0,1.0,24.541,19.494,1.0,1.0,-1.6418,1.0,21.2129,0.990591,13.715,0.294398,24.1088,0.99664,15.5873,0.387666,0.382893,0.827957,0.0171293,0.229665,0.370905,0.488814,0.941532,0.826613,0.791667,1.65197,1.33361,1.60391,1.8307,1.2093,1.12287,1.20502,1.31945,1.31598,1.32485,1.63053,1.82427,1.39722,1.20494,1.38915,1.42308,1.76528,1.0
201211,0.256,1.0,153.846,76.598,0.925694,257.182,0.924306,2.036,1.0,78.013,0.977778,3.114,1.0,1.054,0.938194,0.101648257565,0.746527777778,-33.3249448174,0.789583333333,181.124144219,0.773611111111,72.5977548611,1.0,297.580347222,1.0,384.785,0.93125,1.232,2.137,3.631,1.0,1.0,1.0,27.799,22.977,1.0,1.0,-4.41097,1.0,5.08935,0.940278,9.26094,0.202396,-2.18597,0.970139,-3.97774,0.273962,1.2235,0.839583,0.0134827,1.15172,1.21947,1.25758,0.897222,0.843056,0.748611,1.34805,1.22838,1.36466,1.44237,0.142102,0.0811599,0.141155,0.199648,1.36067,1.21344,1.28669,1.36853,0.0899038,0.0251626,0.0906324,0.103649,1.16044,1.0
201212,-4.879,1.0,119.027,57.727,0.899866,248.541,0.902554,1.714,1.0,77.806,0.967742,2.676,1.0,1.269,0.999328,0.140766431495,0.897177419355,-25.9064044715,0.702284946237,124.646910413,0.663306451613,66.6331276882,1.0,271.807258065,1.0,384.729,0.950941,0.944,1.513,2.512,0.997312,0.997312,0.997312,28.192,23.674,0.997312,0.997312,-3.13025,0.997312,5.36208,0.96371,16.0476,0.229783,-12.014,0.997312,-35.9555,0.348328,1.62444,0.857527,0.0155216,1.56098,1.60421,1.7068,0.897849,0.865591,0.816532,1.3625,1.35401,1.36225,1.50923,-0.260046,-0.231882,-0.217847,-0.192601,2.18385,2.19013,2.361,2.95342,0.0018354,0.0,0.00181712,0.00716777,1.13285,1.0
201301,-3.179,1.0,136.455,82.064,1.0,231.473,1.0,3.065,1.0,77.632,1.0,0.782,0.0,1.356,0.995968,0.125645538363,0.877016129032,-39.9927694892,1.0,165.282414454,0.995295698925,84.3309489247,1.0,269.434744624,1.0,384.096,0.997984,0.432,0.972,1.912,1.0,1.0,1.0,28.154,23.518,1.0,1.0,-2.78339,1.0,5.1142,0.998656,17.4305,0.191266,-12.6128,0.999328,-42.9874,0.357774,1.48629,0.941532,0.0120188,1.42139,1.45964,1.54124,0.977151,0.954973,0.887769,1.30144,1.26533,1.29472,1.31456,-0.164553,-0.201226,-0.166863,-0.155154,1.60467,1.46436,1.57338,1.6029,0.0264499,0.0274083,0.0317951,0.0376211,1.24016,1.0
201302,-7.861,1.0,199.731,116.066,0.87872,229.57,0.891369,1.414,1.0,77.299,0.988095,1.362,0.0,1.533,0.973214,0.131006597752,0.852678571429,-27.8321430258,0.65625,263.019461516,0.63318452381,112.661165179,1.0,260.320535714,1.0,386.738,0.922619,-0.08,0.428,1.335,1.0,1.0,1.0,27.452,22.587,1.0,1.0,-2.44954,1.0,5.25848,0.944196,20.1068,0.178791,-9.9126,0.991071,-37.9028,0.343618,1.64262,0.723214,0.0171574,1.4996,1.57456,1.75216,0.785714,0.729167,0.616815,0.994308,1.04684,1.08635,1.1277,-0.548238,-0.584846,-0.527713,-0.480446,1.42565,1.42565,1.54581,1.66546,0.00535723,0.00540991,0.00742221,0.0097758,1.19252,1.0
201303,-3.763,1.0,290.617,157.515,0.890457,238.014,0.881048,1.671,1.0,77.161,0.998656,1.625,0.0,1.182,0.972446,0.107683265136,0.820564516129,-22.2679217198,0.71438172043,375.7375496,0.713037634409,144.261973118,1.0,280.145766129,1.0,385.461,0.916667,0.013,0.419,1.151,1.0,1.0,1.0,26.935,22.382,1.0,1.0,-2.01718,1.0,4.54335,0.932124,17.3724,0.146299,-5.29454,0.987903,-20.2447,0.248484,1.62507,0.741935,0.0188445,1.46516,1.56529,1.63923,0.788306,0.75,0.737231,1.27016,1.21351,1.28875,1.3815,-0.293199,-0.27586,-0.250859,-0.190919,1.64898,1.65057,2.29983,2.48878,0.040043,0.0,0.0264132,0.0404772,1.20091,1.0
201304,1.434,1.0,384.509,179.127,0.89375,278.678,0.8875,1.877,1.0,78.082,0.994444,3.242,0.0,1.061,0.970833,0.10396640659,0.791666666667,14.1157855578,0.757638888889,394.215219459,0.738194444444,140.398509028,1.0,306.022361111,1.0,388.741,0.913889,0.245,0.568,1.12,1.0,1.0,1.0,32.34,27.223,1.0,1.0,-1.65376,1.0,3.85976,0.921528,8.22257,0.339285,-4.7265,0.985417,-10.069,0.24539,1.49621,0.509722,0.0507633,1.33046,1.43204,1.55053,0.696528,0.579861,0.411806,1.50384,1.23183,1.50149,1.5962,0.0931735,-0.0812199,0.00253677,0.0694556,2.16695,1.94831,2.02933,2.20137,0.0865127,0.0900717,0.0958616,0.124996,1.22231,1.0
201305,2.346,1.0,454.572,218.733,0.880376,275.809,0.875672,2.141,1.0,77.905,0.975134,4.33,0.0,1.588,0.921371,0.14910052975,0.710349462366,50.8439244872,0.790994623656,435.539683287,0.780241935484,136.026150538,1.0,315.201209677,1.0,375.654,0.891801,0.806,0.987,1.298,1.0,1.0,1.0,47.755,39.711,1.0,1.0,-0.712304,1.0,19.389,0.920699,41.305,0.494483,1.99535,0.971102,4.25075,0.562209,1.22424,0.804435,0.019704,1.17585,1.22469,1.30105,0.834005,0.80578,0.741263,1.5405,1.4177,1.54295,1.72742,0.320006,0.2461,0.316155,0.399169,1.76263,1.70006,1.71636,1.78178,0.203427,0.18715,0.213128,0.293791,1.28429,1.0
201306,8.216,1.0,485.71,255.237,0.997222,292.036,1.0,3.766,1.0,78.698,0.985417,1.639,0.0,1.715,0.977083,0.178467003767,0.806944444444,135.337104529,0.998611111111,426.394269815,0.948611111111,51.5245451389,1.0,363.551111111,1.0,375.863,0.997917,9.029,8.001,6.064,1.0,1.0,1.0,34.494,28.12,1.0,1.0,8.10309,1.0,61.4042,1.0,66.1893,0.604015,56.7584,0.999306,61.1814,0.58711,-1.33948,0.943056,0.0404407,-1.48304,-1.39214,-1.31976,0.978472,0.949306,0.936806,2.19313,2.06136,2.19197,2.37442,3.53275,3.53275,3.58172,3.66296,2.59437,2.55032,2.64369,3.05019,3.8303,3.75741,3.83184,4.05275,2.49172,1.0
201307,11.929,0.980511,470.701,244.101,0.981855,312.322,0.980511,3.863,0.980511,79.095,0.86828,3.193,0.0,1.397,0.885753,0.150213066354,0.70564516129,140.941393795,0.956317204301,367.53985858,0.608870967742,44.1270612679,0.956317204301,378.003140681,0.956317204301,377.972,0.993952,13.052,12.032,10.114,0.980511,0.980511,0.980511,28.645,22.361,0.980511,0.980511,7.15638,0.980511,104.105,0.998656,92.0721,0.668101,43.0342,0.99664,38.06,0.380537,-4.21443,0.901882,0.0521261,-4.27555,-4.21443,-3.59861,0.929435,0.901882,0.888441,4.06461,3.11032,3.3904,3.99534,7.6371,6.94682,7.38596,7.93409,5.07576,4.87262,5.31962,6.17775,8.02805,8.03282,8.3305,8.84833,3.32617,1.0
201308,10.951,1.0,413.182,235.517,0.998656,306.027,1.0,3.801,1.0,78.952,0.994624,2.053,0.0,1.357,0.965054,0.155400150527,0.79502688172,125.967060713,0.999327956989,478.768859268,0.730510752688,44.727561828,1.0,370.833602151,1.0,375.13,1.0,12.983,12.571,11.5,1.0,1.0,1.0,29.016,21.934,1.0,1.0,3.9662,1.0,104.936,1.0,88.4725,0.640018,40.1293,1.0,33.8333,0.396296,-4.01916,0.960349,0.0522019,-4.30096,-4.13637,-3.92766,0.984543,0.965054,0.935484,3.83165,3.45387,4.28338,4.60462,8.0596,7.73857,8.40609,8.5371,4.85952,4.86265,5.96488,6.29898,8.87394,8.36138,8.75019,8.9493,3.31933,1.0
201309,8.711,1.0,328.161,194.731,1.0,288.928,1.0,4.255,1.0,78.638,0.965278,1.938,0.0,1.3,0.964583,0.158648411935,0.767361111111,89.7985213895,0.954861111111,388.033858864,0.99375,41.4078401928,0.954861111111,357.770877364,0.954861111111,383.864,1.0,9.998,10.057,9.797,1.0,1.0,1.0,26.654,19.91,1.0,1.0,1.61618,1.0,73.5113,1.0,54.9496,0.656666,40.213,1.0,30.0592,0.403842,-1.71356,0.997222,0.0454093,-1.96656,-1.71957,-1.61567,0.998611,0.997222,0.996528,3.35305,2.81914,3.37509,3.72757,5.06041,4.80542,5.13056,5.29633,3.53398,3.04227,3.25637,3.55728,5.13378,4.97974,5.09006,5.27527,2.64508,1.0
201310,4.437,1.0,233.832,115.123,0.979839,292.975,0.977823,2.095,1.0,78.631,0.999328,2.344,0.0,1.116,0.992608,0.137785456408,0.816532258065,36.0675776596,0.951612903226,229.331481472,0.943548387097,40.4790208333,1.0,334.770295699,1.0,389.365,0.983871,6.371,6.815,7.353,1.0,1.0,1.0,29.928,24.546,1.0,1.0,-1.17107,1.0,29.87,0.989919,21.6776,0.592321,20.2804,0.999328,14.7181,0.560788,-0.287082,0.983199,0.0361253,-0.232803,-0.196653,-0.127477,0.983871,0.986559,0.775538,1.95412,1.76302,1.8764,2.04097,2.03899,2.00264,2.06254,2.15979,1.6387,1.51925,1.6387,2.25983,2.22103,1.87113,2.05801,2.22514,1.98541,1.0
201311,-1.261,1.0,155.81,70.133,0.946528,260.565,0.926389,1.967,1.0,77.874,0.989583,2.425,0.0,1.279,0.949306,0.133074436867,0.756944444444,-19.4446534215,0.773611111111,168.040015928,0.786111111111,61.3247798611,1.0,290.874930556,1.0,390.243,0.9375,2.013,2.822,4.147,1.0,1.0,1.0,32.892,27.701,1.0,1.0,-4.72289,1.0,10.2746,0.945833,-22.2802,0.33714,-5.8831,0.984722,12.7574,0.434401,0.85238,0.802778,0.0229973,0.830885,0.932948,0.964333,0.80625,0.91875,0.846528,1.40646,1.29904,1.33243,1.40646,0.454001,0.365684,0.466743,0.538459,1.12019,1.12019,1.40155,1.89738,0.626739,0.44824,0.531292,0.922877,1.40347,1.0
201312,-0.461,1.0,119.35,65.658,0.950269,234.484,0.948925,3.696,1.0,78.626,0.995968,1.898,0.0,1.196,0.997312,0.0940395773778,0.895161290323,-52.341518017,0.82997311828,157.240263731,0.825268817204,72.9959018817,1.0,275.887096774,1.0,394.06,0.961022,0.397,1.066,2.27,1.0,1.0,1.0,31.098,26.09,1.0,1.0,-3.71325,1.0,5.46906,0.96371,-11.8595,0.258161,-9.27605,0.997984,20.1149,0.394384,1.5827,0.854839,0.014713,1.51474,1.55706,1.62434,0.889785,0.875672,0.842742,1.39791,1.3782,1.40459,1.41342,-0.137321,-0.254475,-0.135355,-0.103563,1.73215,0.853557,1.33425,2.2815,0.0,0.0,0.135739,0.586561,1.23713,1.0
201401,-3.341,1.0,136.455,66.384,0.899866,252.064,0.906586,1.802,1.0,77.61,0.994624,2.221,0.0,1.042,0.999328,0.0980084658626,0.889112903226,-31.7450417984,0.719086021505,151.5357168,0.704301075269,74.2954126344,1.0,276.979502688,1.0,390.287,0.938844,0.641,1.062,1.868,1.0,1.0,1.0,30.57,26.054,1.0,1.0,-2.39279,1.0,2.1263,0.936828,7.2292,0.161456,-6.53025,1.0,-22.2022,0.180984,1.56985,0.832661,0.0151223,1.3595,1.51882,1.57483,0.862903,0.844086,0.822581,1.34553,1.25837,1.34553,1.44184,-0.148601,-0.143866,-0.123808,-0.0933243,1.53081,1.53081,1.55681,1.66615,0.00295347,0.00295347,0.0104996,0.0179385,-9999,-9999
201402,-4.938,1.0,199.731,86.045,0.816964,259.492,0.837798,1.037,1.0,77.6,1.0,2.6,0.0,1.077,1.0,0.109706484057,0.870535714286,-26.5309010089,0.525297619048,-9999,-9999,89.0095275298,1.0,277.150967262,1.0,392.965,0.857143,0.48,0.891,1.584,1.0,1.0,1.0,30.762,26.621,1.0,1.0,-2.12081,1.0,1.19928,0.859375,4.07742,0.218274,-6.29651,0.991815,-21.4075,0.256743,1.72701,0.778274,0.0182716,1.58617,1.69275,1.74528,0.811756,0.790923,0.773065,1.59932,1.53627,1.57135,1.60005,-0.111208,-0.144521,-0.102816,-0.0498994,1.59971,1.58183,1.79883,1.90997,0.0,0.0,0.0,0.0,-9999,-9999
201403,-0.244,1.0,290.617,185.068,0.893817,238.845,0.91129,3.258,1.0,78.131,1.0,1.116,0.0,1.312,0.999328,0.117125235295,0.873655913978,-22.6535798333,0.782258064516,437.983959254,0.754704301075,159.534221774,1.0,290.694422043,1.0,397.389,0.928091,0.323,0.681,1.282,1.0,1.0,1.0,32.509,28.577,1.0,1.0,-1.86324,1.0,9.0416,0.938844,25.9565,0.280567,-8.93895,0.995296,-25.6618,0.299547,1.5918,0.847446,0.0156474,1.53065,1.57201,1.61479,0.893817,0.855511,0.836022,1.24972,1.2295,1.24965,1.26557,-0.317133,-0.348581,-0.313799,-0.29521,1.60866,1.56035,1.66141,1.86088,0.0280977,0.0,0.0,0.0274481,-9999,-9999
201404,2.811,1.0,384.509,213.818,0.909722,264.437,0.911111,2.83,1.0,78.065,0.979167,1.836,0.0,1.376,0.976389,0.12729756959,0.868055555556,25.4063267692,0.807638888889,480.573815803,0.753472222222,152.263894444,1.0,309.750277778,1.0,388.767,0.920833,0.223,0.493,0.988,1.0,1.0,1.0,36.808,32.869,1.0,1.0,-1.44251,1.0,19.3919,0.915278,45.4095,0.579337,-6.6193,0.983333,-15.5002,0.439076,1.46961,0.817361,0.0190402,1.42758,1.45444,1.48802,0.861806,0.8375,0.808333,1.22183,1.24117,1.2671,1.28604,-0.220831,-0.223944,-0.184104,-0.146257,1.39217,1.37281,1.39916,1.43127,0.0167263,0.00653392,0.00754069,0.0115557,-9999,-9999
201405,3.945,1.0,454.572,227.588,0.998656,280.683,1.0,2.723,1.0,78.316,0.994624,1.777,0.0,1.656,0.975134,0.166179193216,0.823924731183,95.9459851436,0.999327956989,448.734146918,0.992607526882,73.9079677419,1.0,339.077352151,1.0,390.944,0.993952,5.171,4.597,3.544,1.0,1.0,1.0,35.918,30.889,1.0,1.0,4.78279,1.0,45.221,0.995296,47.7225,0.67868,41.2379,0.999328,43.519,0.601111,-0.131012,0.969758,0.0224562,-0.239853,-0.15665,-0.132199,0.975806,0.972446,0.965726,1.48059,1.31582,1.47806,1.51099,1.62388,1.54071,1.62349,1.64892,1.63796,1.69527,1.8161,1.85238,1.82673,1.72834,1.82013,1.86393,-9999,-9999
201406,9.207,1.0,485.71,253.868,1.0,303.387,1.0,3.926,1.0,78.716,1.0,2.57,0.0,1.496,0.990278,0.151647670429,0.825694444444,140.587031606,0.995138888889,495.408191201,1.0,46.864646189,0.995138888889,367.781737805,0.995138888889,377.045,1.0,11.382,10.445,8.551,1.0,1.0,1.0,29.8,24.064,1.0,1.0,6.65621,1.0,101.61,1.0,90.7911,0.841281,49.5505,1.0,44.2745,0.410862,-3.24184,0.946528,0.0721615,-3.97162,-3.46388,-3.29156,0.996528,0.895833,0.920833,3.59438,2.15831,3.55473,4.01902,6.99563,6.1316,7.0,7.26404,4.64532,4.29268,4.69137,4.9822,7.56429,7.56429,7.85428,8.08284,-9999,-9999
201407,9.724,1.0,470.701,216.38,1.0,314.311,1.0,3.119,1.0,78.624,0.992608,4.279,0.0,1.317,0.962366,0.148913026033,0.773521505376,122.835167339,1.0,423.425658522,1.0,40.7699375,1.0,367.086626344,1.0,376.815,0.999328,12.034,11.442,10.185,1.0,1.0,1.0,33.501,28.2,1.0,1.0,4.81421,1.0,97.3113,0.999328,87.6912,0.830745,33.5919,1.0,30.271,0.427764,-3.94916,0.981855,0.0846677,-4.23871,-3.97297,-3.8511,0.993952,0.988575,0.979839,4.00703,3.5113,4.0074,4.53022,8.05658,7.80385,7.98,8.36256,5.92118,5.79289,6.85239,7.32705,9.94501,9.67275,10.0121,10.4456,-9999,-9999
201408,9.087,1.0,413.182,223.792,1.0,302.229,1.0,2.955,1.0,78.607,1.0,2.729,0.0,1.268,0.99664,0.156879700252,0.836693548387,119.485876201,0.999327956989,433.57420791,1.0,44.3585262097,1.0,361.978293011,1.0,373.947,1.0,12.129,11.864,11.007,1.0,1.0,1.0,31.879,27.278,1.0,1.0,3.32431,1.0,92.7361,1.0,79.6092,0.673059,42.7066,0.999328,36.6614,0.360679,-2.3885,0.986559,0.0520954,-2.65658,-2.35337,-2.22802,0.980511,0.985215,0.971774,5.7088,5.03112,5.35939,5.45711,8.09922,7.58533,7.75241,7.85815,5.06865,5.06865,5.65369,5.93998,8.28832,7.92957,8.23193,8.36773,-9999,-9999
201409,8.114,1.0,328.161,182.917,1.0,296.332,1.0,3.127,1.0,78.748,0.997222,1.727,0.0,1.248,0.985417,0.136864942629,0.806944444444,86.0558652778,1.0,355.271782687,1.0,37.3920631944,1.0,355.805902778,1.0,380.108,1.0,10.356,10.417,10.119,1.0,1.0,1.0,27.444,22.54,1.0,1.0,1.42432,1.0,65.7469,1.0,52.6027,0.582359,39.9015,0.999306,31.9244,0.400653,-1.36418,0.991667,0.0593281,-1.36689,-1.31186,-1.16292,0.994444,0.977778,0.997917,3.44367,3.48985,3.54176,3.82633,4.8301,4.80552,4.85215,4.98892,3.71175,3.55506,3.85413,4.39823,5.25689,5.05843,5.19683,5.2911,-9999,-9999
201410,5.961,1.0,233.832,124.176,1.0,286.471,1.0,2.973,1.0,78.702,1.0,1.966,0.0,1.213,0.998656,0.135360999865,0.834677419355,41.5968272849,1.0,243.543405362,0.999327956989,29.2939543011,1.0,339.799462366,1.0,387.218,0.999328,7.146,7.551,7.988,1.0,1.0,1.0,29.255,25.846,1.0,1.0,-1.01261,1.0,37.1957,0.999328,23.7385,0.541333,29.2558,0.999328,18.6712,0.445322,0.218616,0.989919,0.0327004,0.0867271,0.176232,0.219938,0.948925,0.995296,0.973118,2.41213,2.22488,2.31947,2.40713,2.17556,2.12905,2.15221,2.18231,2.08682,2.18659,2.52206,3.04418,2.4301,2.40222,2.55683,2.73416,-9999,-9999
201411,1.544,1.0,155.81,60.965,0.882639,276.825,0.870833,1.761,1.0,78.049,0.938194,5.539,0.0,1.083,0.835417,0.0932189798351,0.552083333333,-18.8967049635,0.644444444444,154.775835311,0.640972222222,54.095975,1.0,307.874236111,1.0,389.237,0.907639,1.92,2.647,4.014,1.0,1.0,1.0,33.114,29.403,1.0,1.0,-4.43771,1.0,8.0535,0.93125,-21.2071,0.313267,-0.106312,0.95625,0.279948,0.346862,1.34812,0.718056,0.0369869,1.17949,1.26446,1.34474,0.825694,0.865972,0.73125,1.63295,1.6253,1.76427,1.92756,0.477303,0.421493,0.51531,0.574217,1.71254,1.26715,1.42304,1.62334,0.552993,0.513572,0.568138,0.582472,-9999,-9999
201412,-1.701,1.0,119.35,60.702,0.96707,240.443,0.964382,2.552,1.0,78.21,1.0,0.92,0.0,1.401,0.991935,0.10695402265,0.867607526882,-46.1656811923,0.875672043011,138.002777334,0.868951612903,66.1518017473,1.0,282.440322581,1.0,391.089,0.974462,0.806,1.398,2.452,1.0,1.0,1.0,33.419,29.38,1.0,1.0,-3.36794,1.0,6.99194,0.973118,-18.4117,0.308641,-13.2334,0.998656,34.8473,0.425139,1.6991,0.944892,0.0167531,1.63117,1.68304,1.72865,0.952957,0.944892,0.942876,1.61984,1.60915,1.63169,1.69575,-0.0456551,-0.0455218,-0.0335436,-0.0212375,1.19459,1.27688,1.45268,1.62276,0.00900797,0.00528339,0.00878818,0.115263,-9999,-9999
