TIMESTAMP,TA_F,TA_F_QC,SW_IN_POT,SW_IN_F,SW_IN_F_QC,LW_IN_F,LW_IN_F_QC,VPD_F,VPD_F_QC,PA_F,PA_F_QC,P_F,P_F_QC,WS_F,WS_F_QC,USTAR,USTAR_QC,NETRAD,NETRAD_QC,PPFD_IN,PPFD_IN_QC,PPFD_OUT,PPFD_OUT_QC,SW_OUT,SW_OUT_QC,LW_OUT,LW_OUT_QC,CO2_F_MDS,CO2_F_MDS_QC,TS_F_MDS_1,TS_F_MDS_2,TS_F_MDS_3,TS_F_MDS_4,TS_F_MDS_5,TS_F_MDS_1_QC,TS_F_MDS_2_QC,TS_F_MDS_3_QC,TS_F_MDS_4_QC,TS_F_MDS_5_QC,SWC_F_MDS_1,SWC_F_MDS_2,SWC_F_MDS_3,SWC_F_MDS_1_QC,SWC_F_MDS_2_QC,SWC_F_MDS_3_QC,G_F_MDS,G_F_MDS_QC,LE_F_MDS,LE_F_MDS_QC,LE_CORR,LE_RANDUNC,H_F_MDS,H_F_MDS_QC,H_CORR,H_RANDUNC,NEE_VUT_REF,NEE_VUT_REF_QC,NEE_VUT_REF_RANDUNC,NEE_VUT_25,NEE_VUT_50,NEE_VUT_75,NEE_VUT_25_QC,NEE_VUT_50_QC,NEE_VUT_75_QC,RECO_NT_VUT_REF,RECO_NT_VUT_25,RECO_NT_VUT_50,RECO_NT_VUT_75,GPP_NT_VUT_REF,GPP_NT_VUT_25,GPP_NT_VUT_50,GPP_NT_VUT_75,RECO_DT_VUT_REF,RECO_DT_VUT_25,RECO_DT_VUT_50,RECO_DT_VUT_75,GPP_DT_VUT_REF,GPP_DT_VUT_25,GPP_DT_VUT_50,GPP_DT_VUT_75,RECO_SR,RECO_SR_N
200801,-0.117,1.0,101.507,33.456,1.0,284.694,1.0,0.485,1.0,92.448,1.0,3.18,1.0,4.505,0.602823,0.86237197853,0.592741935484,0.375880056754,0.998655913978,-9999,-9999,-9999,-9999,3.18620933871,1.0,314.370046371,1.0,-9999,-9999,-9999,-9999,-9999,-9999,-9999,-9999,-9999,-9999,-9999,-9999,-9999,-9999,-9999,-9999,-9999,-9999,-0.266949,1.0,11.2598,0.252016,5.0839,0.428552,21.5074,0.990591,9.71079,1.23493,0.982232,0.247312,0.0333473,0.967073,0.972146,0.995398,0.251344,0.247312,0.245296,1.22118,1.20579,1.22137,1.23243,0.251263,0.22116,0.242898,0.253486,1.22926,1.05013,1.1395,1.30497,0.372589,0.346938,0.374531,0.431761,-9999,-9999
200802,0.961,1.0,166.636,63.568,1.0,276.519,1.0,1.161,1.0,93.084,1.0,1.265,1.0,3.644,0.5,-9999,-9999,15.1953202604,0.999281609195,-9999,-9999,-9999,-9999,4.64837572629,1.0,319.925813218,1.0,396.894,0.716954,-9999,-9999,-9999,-9999,-9999,-9999,-9999,-9999,-9999,-9999,-9999,-9999,-9999,-9999,-9999,-9999,-1.04696,1.0,9.09151,0.716954,8.35569,0.284276,34.5876,0.717672,31.7883,0.917956,0.321645,0.501437,0.0273978,0.311405,0.321645,0.350112,0.502155,0.501437,0.499282,1.29786,1.29633,1.32753,1.36831,0.976518,0.985201,1.00041,1.0208,0.901833,0.861618,0.906664,1.01893,0.546388,0.525085,0.546388,0.616409,-9999,-9999
200803,0.329,1.0,264.499,100.024,1.0,275.721,1.0,0.852,1.0,91.252,1.0,4.111,1.0,4.208,0.832661,0.74411205823,0.832661290323,49.3590050948,1.0,-9999,-9999,-9999,-9999,9.62257786761,1.0,316.874573925,1.0,393.557,0.989247,-9999,-9999,-9999,-9999,-9999,-9999,-9999,-9999,-9999,-9999,-9999,-9999,-9999,-9999,-9999,-9999,-1.87438,1.0,11.5113,0.988575,10.5796,0.313818,44.3662,0.989247,40.7754,1.20157,-0.188561,0.981855,0.0333664,-0.199161,-0.188561,-0.155598,0.984543,0.981855,0.979167,1.6761,1.65858,1.68184,1.71437,1.8708,1.85636,1.86607,1.87829,1.12064,1.16021,1.20381,1.40067,1.46497,1.47529,1.52507,1.56174,-9999,-9999
200804,4.344,1.0,368.013,136.272,1.0,298.121,1.0,1.22,1.0,91.941,1.0,4.266,1.0,2.866,0.972222,0.452038303377,0.972222222222,87.6101569686,0.997916666667,-9999,-9999,-9999,-9999,9.06158715069,1.0,336.489418056,1.0,391.516,1.0,-9999,-9999,-9999,-9999,-9999,-9999,-9999,-9999,-9999,-9999,-9999,-9999,-9999,-9999,-9999,-9999,1.60302,1.0,29.4495,0.999306,39.0658,0.543367,35.974,0.999306,47.7208,0.856616,-1.84233,0.9125,0.0509214,-2.02846,-1.92494,-1.86656,0.938194,0.916667,0.909722,2.27418,2.27204,2.36498,2.44122,4.19911,4.16745,4.3005,4.36193,3.0307,2.73311,3.0307,3.40951,4.76278,4.73216,4.86578,5.03278,-9999,-9999
200805,11.632,1.0,447.966,217.038,1.0,306.93,1.0,3.878,1.0,92.465,0.979167,0.585,1.0,2.792,0.699597,0.46021598138,0.662634408602,136.712792621,1.0,-9999,-9999,-9999,-9999,13.7248294032,1.0,373.530622984,1.0,382.763,0.963038,-9999,-9999,-9999,-9999,-9999,-9999,-9999,-9999,-9999,-9999,-9999,-9999,-9999,-9999,-9999,-9999,4.40478,1.0,47.6519,0.961022,59.129,0.655338,57.8409,0.963038,71.7721,0.857062,-3.84204,0.854167,0.093307,-3.94151,-3.86673,-3.72562,0.762769,0.817876,0.880376,5.61531,5.59221,5.62474,5.68824,9.43879,9.31975,9.57118,9.8614,5.77987,4.77294,5.40808,6.28368,9.70994,8.74667,9.50791,9.87713,-9999,-9999
200806,14.422,1.0,483.684,218.22,1.0,326.924,1.0,4.618,1.0,92.338,1.0,1.631,1.0,2.84,0.991667,0.476313877791,0.990972222222,140.945902256,1.0,-9999,-9999,-9999,-9999,15.7285429583,1.0,388.470115278,1.0,377.222,1.0,-9999,-9999,-9999,-9999,-9999,-9999,-9999,-9999,-9999,-9999,-9999,-9999,-9999,-9999,-9999,-9999,3.39052,1.0,53.5569,1.0,65.4886,0.730945,58.9247,0.999306,72.0522,0.971235,-3.35642,0.8875,0.0876819,-3.52553,-3.35642,-3.0848,0.940972,0.8875,0.875,7.37225,7.30626,7.43468,7.8323,10.7196,10.7522,10.9071,11.1693,7.89807,6.61769,7.73996,9.39243,11.9126,10.5664,11.8212,12.6542,-9999,-9999
200807,15.2,1.0,464.252,203.754,1.0,338.776,1.0,4.581,1.0,91.979,0.997312,2.653,1.0,3.116,0.999328,0.551499631234,0.999327956989,135.692734902,1.0,-9999,-9999,-9999,-9999,14.1274968757,1.0,392.709247312,1.0,380.516,1.0,-9999,-9999,-9999,-9999,-9999,-9999,-9999,-9999,-9999,-9999,-9999,-9999,-9999,-9999,-9999,-9999,3.14747,1.0,60.5632,0.998656,76.3265,0.74098,44.427,0.999328,55.9904,1.0381,-2.65259,0.94086,0.0775429,-2.85172,-2.69742,-2.602,0.940188,0.939516,0.945565,8.03233,7.83414,7.89211,8.03482,10.5978,10.5012,10.5306,10.6202,7.26139,7.17377,7.47565,7.86973,10.1948,10.1948,10.3391,10.6018,-9999,-9999
200808,14.569,1.0,395.729,174.171,1.0,332.835,1.0,3.699,1.0,91.898,0.999328,2.954,1.0,3.056,0.999328,0.601349465225,0.999327956989,106.234200011,1.0,-9999,-9999,-9999,-9999,12.0643342392,1.0,388.707033602,1.0,374.223,1.0,-9999,-9999,-9999,-9999,-9999,-9999,-9999,-9999,-9999,-9999,-9999,-9999,-9999,-9999,-9999,-9999,1.09342,1.0,53.1532,1.0,62.4925,0.666692,36.3145,0.999328,42.6951,1.06504,-1.53042,0.981855,0.0757838,-1.6029,-1.55693,-1.53723,0.991935,0.964382,0.981855,7.9789,7.77716,7.85161,7.89023,9.47472,9.36837,9.39934,9.45347,7.67794,7.21444,7.44708,7.6065,9.42361,9.09594,9.29775,9.39112,-9999,-9999
200809,9.492,1.0,299.379,114.146,1.0,317.221,1.0,1.663,1.0,93.312,0.0,1.971,1.0,2.903,0.998611,0.467913186022,0.998611111111,61.2261820958,0.998611111111,-9999,-9999,-9999,-9999,7.81053097083,1.0,361.5957875,1.0,380.071,1.0,-9999,-9999,-9999,-9999,-9999,-9999,-9999,-9999,-9999,-9999,-9999,-9999,-9999,-9999,-9999,-9999,-1.70212,1.0,28.3415,1.0,37.3377,0.493647,19.8432,1.0,26.1419,0.786,-1.28,0.972222,0.0679079,-1.35128,-1.28515,-1.25317,0.954167,0.764583,0.9625,4.40065,4.50878,4.81002,5.06542,5.60866,5.73509,6.17945,6.33716,6.86988,5.29682,6.27485,6.93051,7.14447,6.46183,7.00165,7.23177,-9999,-9999
200810,6.548,1.0,198.027,76.001,1.0,299.441,1.0,0.971,1.0,91.788,0.698253,3.449,1.0,3.219,0.997312,0.612252542038,0.997311827957,23.2088103326,1.0,-9999,-9999,-9999,-9999,5.65492100538,1.0,346.57824328,1.0,382.572,1.0,-9999,-9999,-9999,-9999,-9999,-9999,-9999,-9999,-9999,-9999,-9999,-9999,-9999,-9999,-9999,-9999,-2.62078,1.0,19.393,1.0,24.196,0.449604,1.30932,1.0,1.6336,0.932432,1.07098,0.984543,0.0526073,1.00244,1.06166,1.1472,0.994624,0.984543,0.983199,5.44832,5.33514,5.58083,5.63651,4.42424,4.33613,4.45827,4.50985,4.67916,4.43156,4.73292,4.91161,4.13739,4.01648,4.1852,4.27698,-9999,-9999
200811,2.79,1.0,118.973,36.917,1.0,295.086,1.0,0.474,1.0,90.819,1.0,1.77,1.0,3.837,0.929861,0.715362109547,0.913888888889,0.884721344439,1.0,-9999,-9999,-9999,-9999,3.55809071597,1.0,327.560068056,1.0,397.811,1.0,-9999,-9999,-9999,-9999,-9999,-9999,-9999,-9999,-9999,-9999,-9999,-9999,-9999,-9999,-9999,-9999,-3.2246,1.0,4.77764,1.0,5.9609,0.31417,21.8037,1.0,27.2038,1.09582,1.20771,0.992361,0.0463956,1.17543,1.20935,1.23283,0.995833,0.992361,0.982639,2.62943,2.62943,2.67699,2.69653,1.44132,1.44593,1.46019,1.47121,2.18261,2.16688,2.20899,2.24387,1.36703,1.3672,1.40728,1.41982,-9999,-9999
200812,-1.679,1.0,84.6216,20.076,1.0,287.421,1.0,0.153,1.0,91.138,1.0,2.648,1.0,3.778,0.924059,0.675369669508,0.924059139785,-2.31590502335,0.998655913978,-9999,-9999,-9999,-9999,3.5154447211,1.0,306.318498656,1.0,407.406,1.0,-9999,-9999,-9999,-9999,-9999,-9999,-9999,-9999,-9999,-9999,-9999,-9999,-9999,-9999,-9999,-9999,-6.50366,1.0,2.47826,1.0,1.05936,0.214826,15.9395,1.0,6.81356,1.15256,1.47349,0.995968,0.0270862,1.45596,1.47349,1.48127,0.994624,0.995968,0.995968,1.63978,1.60189,1.62052,1.63978,0.15851,0.143215,0.15851,0.170012,1.44282,1.20734,1.23734,1.39956,0.189652,0.153037,0.166405,0.18501,-9999,-9999
200901,-4.001,1.0,101.507,34.515,1.0,261.824,1.0,0.639,0.221102,92.942,1.0,0.982,1.0,3.443,0.907258,0.55915476138,0.874327956989,-4.88472400336,1.0,-9999,-9999,-9999,-9999,4.57045026411,1.0,296.652804435,1.0,401.876,1.0,-9999,-9999,-9999,-9999,-9999,-9999,-9999,-9999,-9999,-9999,-9999,-9999,-9999,-9999,-9999,-9999,-2.72848,1.0,7.30416,1.0,3.2979,0.368118,-1.27055,1.0,-0.573666,1.79159,1.41805,0.993952,0.0307982,1.39145,1.40796,1.42564,0.993952,0.993952,0.993952,1.39252,1.40542,1.44208,1.48999,0.00211623,-0.00648133,0.0513292,0.0720387,1.51046,1.20827,1.24646,1.33451,0.180925,0.114622,0.14413,0.15866,-9999,0.0
200902,-2.826,1.0,165.12,37.877,1.0,286.505,1.0,0.738,0.0,92.667,1.0,4.929,1.0,3.975,0.776786,0.653873975338,0.736607142857,16.1974933653,1.0,-9999,-9999,-9999,-9999,6.35857094048,1.0,301.960136161,1.0,400.393,1.0,-9999,-9999,-9999,-9999,-9999,-9999,-9999,-9999,-9999,-9999,-9999,-9999,-9999,-9999,-9999,-9999,-1.05982,1.0,2.39578,1.0,1.08172,-9999,35.8256,1.0,16.1756,-9999,0.685686,1.0,-9999,0.681201,0.684555,0.688889,1.0,0.994048,0.99628,0.991997,0.973703,0.983717,0.992621,0.3105,0.288231,0.298691,0.307463,0.753227,0.867496,0.89864,0.962454,0.11932,0.123845,0.142486,0.163086,-9999,0.0
200903,0.57,1.0,261.012,74.778,1.0,299.348,1.0,1.207,0.0,92.798,1.0,3.516,1.0,3.86,0.940188,0.683283500524,0.940188172043,50.5259271458,1.0,-9999,-9999,-9999,-9999,6.32529080511,1.0,317.275040995,1.0,393.296,1.0,-9999,-9999,-9999,-9999,-9999,-9999,-9999,-9999,-9999,-9999,-9999,-9999,-9999,-9999,-9999,-9999,-0.330969,1.0,10.2239,1.0,11.6305,-9999,34.4823,1.0,39.2264,-9999,0.0405988,0.997984,-9999,0.0298801,0.0401131,0.0472943,0.997984,0.997984,0.997984,1.38617,1.37178,1.40166,1.42861,1.3318,1.32561,1.35924,1.39054,1.21966,1.16304,1.20545,1.28898,1.32279,1.27565,1.30953,1.33911,-9999,0.0
200904,10.021,1.0,364.857,202.672,1.0,284.648,1.0,3.98,0.0,93.189,1.0,0.896,1.0,3.301,1.0,0.511433097222,1.0,107.770284573,0.997916666667,-9999,-9999,-9999,-9999,13.5320621967,0.997916666667,365.045833519,0.997916666667,388.548,1.0,-9999,-9999,-9999,-9999,-9999,-9999,-9999,-9999,-9999,-9999,-9999,-9999,-9999,-9999,-9999,-9999,4.28627,1.0,53.5414,1.0,58.0838,-9999,42.5016,1.0,46.1074,-9999,-3.10501,1.0,-9999,-3.28148,-3.22977,-3.1551,0.997917,1.0,1.0,3.38012,3.34791,3.3934,3.41402,6.51578,6.53009,6.58709,6.6805,3.89684,2.78378,3.56944,3.85895,7.01657,6.43846,6.72098,6.88189,2.27162,0.782639
200905,10.5,1.0,445.952,194.787,1.0,314.414,1.0,4.348,0.582661,93.596,1.0,3.975,1.0,3.185,0.998656,0.562511628346,0.998655913978,127.638516758,0.999327956989,384.546273676,1.0,9.93999425941,1.0,13.6344145951,0.999327956989,367.634288535,0.999327956989,381.617,1.0,8.462,8.471,8.128,-9999,-9999,1.0,1.0,1.0,-9999,-9999,-9999,-9999,-9999,-9999,-9999,-9999,2.51019,1.0,53.1069,0.999328,61.7807,0.694082,54.6841,1.0,63.6154,1.01958,-3.03011,0.99328,0.095186,-3.16194,-3.04505,-3.00061,0.972446,0.992608,0.992608,5.15675,5.15148,5.16261,5.17773,8.22262,8.14585,8.20976,8.28791,4.93651,5.00493,5.25948,5.80092,8.10772,8.15605,8.24758,8.78089,2.64168,1.0
200906,11.442,0.686111,483.374,167.318,0.689583,334.346,0.686111,2.544,0.686111,93.282,0.977778,4.772,1.0,3.147,0.948611,0.582904526908,0.948611111111,102.598442307,0.653472222222,273.970951529,0.653472222222,7.6876468153,0.653472222222,10.5636328465,0.653472222222,370.099452191,0.653472222222,383.765,1.0,9.763,9.852,9.43,-9999,-9999,0.686111,0.686111,0.686111,-9999,-9999,35.894,20.586,25.861,0.685417,0.685417,0.685417,3.16455,0.686111,43.4046,0.998611,59.5543,0.463287,43.3768,1.0,59.5161,0.831949,-2.72851,0.804167,0.0674859,-2.86893,-2.80122,-2.61532,0.709028,0.822917,0.852083,6.38606,6.25641,6.34684,6.47244,9.16225,8.91642,9.14543,9.25941,7.11689,6.29013,6.75727,7.13303,9.91611,9.34764,9.72232,10.0377,2.87898,1.0
200907,15.033,1.0,465.726,207.122,0.999328,337.664,1.0,4.809,1.0,93.331,1.0,4.462,1.0,2.889,0.4375,-9999,-9999,-9999,-9999,404.179418429,1.0,9.51384838978,1.0,-9999,-9999,392.368240591,1.0,379.736,0.78629,13.294,13.38,13.002,-9999,-9999,1.0,1.0,1.0,-9999,-9999,36.857,20.969,25.686,1.0,1.0,1.0,2.72771,1.0,72.8153,0.793011,96.1564,0.822199,35.3518,0.801747,46.684,0.778226,-2.41868,0.504032,0.0934978,-2.48832,-2.39891,-2.28901,0.543011,0.504704,0.498656,6.51936,6.41391,6.51936,6.84869,8.9273,8.88083,8.97087,9.23847,7.38001,7.13379,7.3601,7.67073,10.8278,10.2821,10.5499,10.8813,3.58843,1.0
200908,15.887,1.0,398.522,213.352,0.999328,327.658,1.0,6.09,1.0,93.642,1.0,3.245,1.0,2.914,0.995296,0.508796065898,0.995295698925,130.345940007,1.0,417.588890757,1.0,9.23245646505,1.0,14.6443105887,1.0,396.758235887,1.0,374.817,1.0,13.635,13.659,13.45,-9999,-9999,1.0,1.0,1.0,-9999,-9999,36.735,20.744,25.342,1.0,1.0,1.0,1.95053,1.0,69.633,1.0,88.3665,0.777905,31.4435,1.0,39.9029,0.907478,-2.24307,0.93414,0.0865806,-2.29906,-2.22273,-2.16985,0.971102,0.868952,0.893817,7.72353,7.54337,7.77784,8.70856,9.94374,9.84242,9.99987,10.786,9.16008,7.07305,7.99721,9.10844,10.3554,9.5955,9.90032,10.5529,3.66313,1.0
200909,12.435,1.0,302.761,131.038,0.998611,322.027,1.0,3.363,1.0,93.743,1.0,1.362,1.0,2.892,0.996528,0.491855237993,0.996527777778,67.7990124222,1.0,257.5302039,1.0,6.19709485347,1.0,9.21382722708,1.0,376.659811806,1.0,379.851,1.0,11.357,11.37,11.409,-9999,-9999,1.0,1.0,1.0,-9999,-9999,34.139,19.739,24.153,1.0,1.0,1.0,-0.374839,1.0,34.3048,1.0,42.0239,0.553783,21.3466,1.0,26.15,0.792089,-1.11919,0.9375,0.0741645,-1.23028,-1.166,-1.01247,0.988889,0.942361,0.921528,6.1065,6.02249,6.23116,6.55422,7.31253,7.20647,7.31253,7.51975,6.94167,5.85085,6.29777,7.41365,7.27687,7.13541,7.38597,7.90579,3.16818,1.0
200910,4.522,1.0,201.147,61.656,1.0,312.432,1.0,0.893,0.998656,93.247,1.0,5.083,1.0,3.427,0.924731,0.610108032509,0.911290322581,32.4333723703,1.0,123.162809491,1.0,4.11756293952,1.0,5.14219756653,1.0,336.726564516,1.0,398.545,0.944892,5.11,5.115,5.468,-9999,-9999,1.0,1.0,1.0,-9999,-9999,39.852,21.798,27.392,0.915995,0.915995,0.915995,-4.8127,1.0,10.67,0.944892,21.9813,0.387307,7.68261,0.998656,15.827,0.833975,1.11339,0.946909,0.0532276,1.08308,1.12457,1.22166,0.951613,0.950269,0.876344,3.8845,3.81594,3.87163,3.88364,2.75993,2.62692,2.73615,2.7668,3.78981,3.31145,3.37936,3.55445,3.05877,2.85013,2.92585,2.9806,2.16389,1.0
200911,4.378,1.0,120.939,42.357,1.0,289.424,1.0,1.68,1.0,92.607,1.0,1.654,1.0,3.53,0.875,0.771370213456,0.861805555556,-7.67846458056,1.0,87.3075723972,1.0,2.52358712153,1.0,3.94488599514,1.0,335.514766667,1.0,399.399,0.748611,3.903,3.9,4.035,-9999,-9999,1.0,1.0,1.0,-9999,-9999,39.692,21.399,27.169,1.0,1.0,1.0,-1.82894,1.0,13.3334,0.747917,16.5838,0.454177,-10.637,1.0,-13.2302,1.31242,1.504,0.729861,0.0442377,1.49337,1.5107,1.51733,0.727778,0.733333,0.73125,3.33699,3.31048,3.32429,3.34248,1.81218,1.8053,1.8172,1.82644,2.9212,2.80227,2.86515,2.89385,2.30962,2.26098,2.32854,2.35279,1.96994,1.0
200912,-2.758,1.0,84.9374,23.046,1.0,285.265,1.0,0.451,1.0,92.337,1.0,2.998,1.0,3.452,0.953629,0.629509603263,0.953629032258,0.684623830295,0.998655913978,40.857672125,1.0,4.51936305645,1.0,4.94318633669,1.0,302.421915323,1.0,401.369,1.0,0.291,0.255,0.663,-9999,-9999,1.0,1.0,1.0,-9999,-9999,39.458,21.892,28.272,1.0,1.0,1.0,-4.42948,1.0,2.87101,1.0,1.22725,0.250839,9.05912,1.0,3.87244,1.36763,1.45471,0.992608,0.0422098,1.46726,1.48346,1.51998,0.993952,0.993952,0.991935,1.61222,1.59591,1.60271,1.61957,0.142775,0.0835206,0.135155,0.146742,2.83639,2.39878,2.78593,2.92564,0.500582,0.366963,0.397191,0.451526,1.55811,1.0
201001,-7.007,1.0,101.507,13.434,0.985887,283.533,1.0,0.157,1.0,92.79,1.0,2.034,1.0,3.148,0.807796,0.502245718267,0.763440860215,-9999,-9999,33.0349339207,1.0,8.70249821304,1.0,6.16829259618,0.993951612903,283.105474462,1.0,409.501,0.991935,-0.424,-0.429,-0.261,-9999,-9999,1.0,1.0,1.0,-9999,-9999,37.49,20.943,27.199,1.0,1.0,1.0,-3.49557,1.0,1.78137,0.991935,0.761471,0.0999492,38.399,0.991935,16.4141,0.944304,0.737889,0.979839,0.0268233,0.729676,0.747741,0.783453,0.981855,0.981855,0.978495,0.788204,0.792822,0.817632,0.828921,0.0575691,0.0462386,0.0580059,0.0671485,1.00406,0.787449,0.926376,0.973057,0.178591,0.0579239,0.141525,0.170391,1.01175,1.0
201002,-3.672,1.0,165.12,50.811,0.982887,276.06,1.0,0.522,1.0,92.034,1.0,1.445,1.0,3.218,0.673363,0.637982470794,0.645833333333,-9999,-9999,102.55578383,0.987351190476,14.6504318502,0.987351190476,9.54403975618,0.998511904762,297.286631696,1.0,406.693,0.94122,-0.314,-0.318,-0.216,-9999,-9999,1.0,1.0,1.0,-9999,-9999,36.466,20.391,26.589,1.0,1.0,1.0,-1.17981,1.0,2.54348,0.941964,3.11904,0.147435,24.081,0.941964,29.5302,1.10801,1.19084,0.928571,0.0324359,1.10188,1.18399,1.23223,0.929315,0.929315,0.928571,1.40455,1.32884,1.40606,1.43553,0.256596,0.203555,0.219381,0.256596,1.80051,1.54527,1.78211,1.80514,0.386852,0.345887,0.37604,0.387566,1.02157,1.0
201003,0.837,1.0,261.012,107.557,1.0,274.076,1.0,1.704,1.0,93.064,1.0,2.407,1.0,3.847,0.850806,0.666924719624,0.819892473118,54.4754287009,1.0,209.568827384,1.0,9.14610747648,1.0,9.69303440323,1.0,317.891189516,1.0,394.765,0.998656,-0.101,-0.151,-0.053,-9999,-9999,1.0,1.0,1.0,-9999,-9999,40.344,23.07,29.364,1.0,1.0,1.0,-0.998294,1.0,10.9567,0.998656,13.4361,0.33475,34.1522,0.999328,41.8804,0.99397,-0.554582,0.982527,0.0398853,-0.600787,-0.556168,-0.519882,0.978495,0.982527,0.993952,1.71345,1.70371,1.71733,1.73816,2.22511,2.22676,2.27483,2.31959,1.69536,1.43727,1.48052,1.5697,2.38967,2.24935,2.28835,2.31222,1.04264,1.0
201004,5.95,1.0,364.857,172.622,1.0,278.448,1.0,3.573,1.0,93.428,1.0,1.669,1.0,3.022,0.986111,0.5193501014,0.985416666667,96.3481280215,1.0,330.986574292,1.0,7.24579901597,1.0,11.8479768931,1.0,342.873051389,1.0,397.902,1.0,3.304,3.285,3.007,-9999,-9999,1.0,1.0,1.0,-9999,-9999,39.182,21.649,27.607,1.0,1.0,1.0,2.25431,1.0,33.8982,0.998611,38.5159,0.472188,48.7783,0.999306,55.423,0.913644,-3.41927,0.952083,0.0575375,-3.45717,-3.40436,-3.35411,0.927778,0.972222,0.970139,2.14515,2.11689,2.14515,2.27882,5.49564,5.52091,5.56401,5.65442,2.57353,1.97429,2.29699,2.53344,5.87627,5.57117,5.71088,5.88963,1.43641,1.0
201005,7.655,1.0,445.952,123.874,1.0,328.872,1.0,1.555,1.0,92.955,1.0,3.41,1.0,3.168,0.962366,0.533982777235,0.946908602151,92.4661136505,1.0,241.345470633,1.0,5.21678693683,1.0,8.09178171102,1.0,352.187732527,1.0,394.624,1.0,6.721,6.8,6.404,-9999,-9999,1.0,1.0,1.0,-9999,-9999,40.855,22.033,27.138,1.0,1.0,1.0,2.21921,1.0,27.9601,0.997984,40.1728,0.435646,34.4138,1.0,49.4456,0.686929,-2.01688,0.977823,0.053439,-2.11264,-2.01537,-1.95391,0.991263,0.715726,0.976478,3.66968,3.6564,3.7329,3.88566,5.73439,5.74131,5.83961,5.86282,4.70192,4.37381,4.57595,4.71409,6.31675,6.26692,6.31675,6.39554,1.9244,1.0
201006,13.926,1.0,483.374,234.108,1.0,323.623,1.0,5.935,1.0,93.299,1.0,2.026,1.0,2.983,0.964583,0.503400883824,0.988194444444,155.491005026,1.0,449.233620004,1.0,9.96124548611,1.0,17.0899927903,1.0,385.150067361,1.0,378.5,1.0,10.902,10.992,10.45,-9999,-9999,1.0,1.0,1.0,-9999,-9999,37.974,20.808,25.256,1.0,1.0,1.0,4.15688,1.0,53.9107,0.999306,67.5062,0.635388,66.9021,1.0,83.7739,0.777227,-3.23151,0.905556,0.0665391,-3.39655,-3.25809,-3.19017,0.501389,0.909722,0.825,6.81961,6.58017,6.74067,6.84478,10.0322,9.77762,10.0158,10.0834,6.99039,6.45402,7.13327,7.637,9.63624,9.2845,9.93748,10.283,2.81458,1.0
201007,18.271,1.0,465.726,230.233,1.0,343.547,1.0,9.056,1.0,93.53,1.0,6.34,1.0,2.695,0.943548,0.484330079738,0.926075268817,149.242200061,1.0,458.225108058,1.0,10.0301165531,1.0,16.3686008911,1.0,408.139293011,1.0,379.386,0.997312,14.455,14.481,13.921,-9999,-9999,1.0,1.0,1.0,-9999,-9999,32.738,20.505,24.748,1.0,1.0,1.0,3.39266,1.0,61.9344,0.99664,79.0983,0.808877,52.3045,0.99328,66.7996,0.848756,-3.07916,0.908602,0.0808711,-3.10996,-3.01216,-2.96706,0.889113,0.90793,0.910618,7.66556,7.42983,7.71268,8.03946,10.6351,10.3969,10.7934,11.1191,5.95162,5.9163,6.52406,7.49336,9.50781,9.00419,9.24469,9.81032,3.83449,1.0
201008,14.493,1.0,398.522,150.717,1.0,347.46,1.0,4.101,1.0,93.171,1.0,9.435,1.0,2.848,0.646505,0.62222405649,0.646505376344,101.170234324,1.0,300.929261423,1.0,6.12857326277,1.0,10.6135390349,1.0,386.393150538,1.0,386.928,0.951613,13.058,13.118,12.889,-9999,-9999,1.0,1.0,1.0,-9999,-9999,40.673,22.182,26.706,1.0,1.0,1.0,0.786027,1.0,64.6923,0.949597,78.2272,0.796608,17.5684,0.948925,21.2441,0.805554,-1.5334,0.800403,0.0796615,-1.69588,-1.51044,-1.46941,0.762769,0.803091,0.807796,6.99054,7.08778,7.17386,7.23589,8.47777,8.59142,8.66785,9.01039,6.78174,6.41445,6.77245,6.86263,8.46721,8.17428,8.37351,8.4294,3.36552,1.0
201009,9.489,0.938889,302.761,110.187,0.940972,311.698,0.939583,2.444,0.938889,93.259,1.0,5.723,1.0,3.313,0.802083,0.636066308261,0.763888888889,55.4837546575,0.923611111111,221.758963717,0.923611111111,4.47757367827,0.923611111111,8.59176335154,0.923611111111,361.10698455,0.923611111111,387.644,0.938889,8.955,8.933,8.895,-9999,-9999,0.938889,0.938889,0.938889,-9999,-9999,41.482,22.265,26.946,0.938889,0.938889,0.938889,-1.70186,0.938889,28.2922,0.938194,31.8947,0.583238,22.0574,0.9375,24.866,1.06736,-0.518696,0.9125,0.0590497,-0.543626,-0.518696,-0.50257,0.911111,0.9125,0.913194,4.95912,4.92203,4.95321,4.97524,5.46037,5.43773,5.48067,5.50615,4.48569,4.41376,4.55291,4.70894,5.06243,5.05429,5.15873,5.35581,2.33511,1.0
201010,5.113,0.975806,201.147,93.596,0.976478,283.804,0.975806,1.983,0.975806,93.169,1.0,1.287,1.0,3.512,0.823253,0.654213339903,0.823252688172,31.564919937,0.963709677419,176.035419354,0.963709677419,3.35485008393,0.963709677419,7.12666823571,0.963709677419,337.9602375,0.963709677419,399.877,0.974462,5.018,4.984,5.331,-9999,-9999,0.975806,0.975806,0.975806,-9999,-9999,39.644,20.937,26.173,0.975806,0.975806,0.975806,-3.30028,0.975806,22.7664,0.971774,17.2705,0.49515,21.2773,0.974462,16.1409,1.00157,-0.289168,0.973118,0.0471382,-0.301621,-0.285676,-0.279074,0.968414,0.97379,0.973118,3.09019,3.0815,3.10634,3.23204,3.37633,3.3691,3.38978,3.50401,2.74896,2.5283,2.62869,2.74896,3.33863,3.19969,3.30408,3.35672,1.66046,1.0
201011,2.199,1.0,120.939,31.251,0.996528,297.218,1.0,0.99,1.0,92.226,1.0,4.503,0.966667,3.456,0.928472,0.655419884591,0.885416666667,1.59876848245,0.999305555556,62.7147520583,1.0,2.58429262569,1.0,2.78827927431,1.0,324.43891875,1.0,406.424,1.0,3.616,3.619,3.815,-9999,-9999,1.0,1.0,1.0,-9999,-9999,41.926,22.121,27.932,1.0,1.0,1.0,-3.24914,1.0,12.9517,1.0,9.8251,0.492101,12.0719,1.0,9.15774,1.03129,1.41159,0.98125,0.043005,1.33202,1.38778,1.40925,0.988889,0.975,0.979861,2.58912,2.53401,2.58181,2.59721,1.17123,1.18122,1.19106,1.21406,2.71012,1.94314,2.23993,2.65504,0.926596,0.918688,0.960758,1.12367,1.47958,1.0
201012,-6.266,1.0,84.9374,21.141,0.990591,261.376,1.0,0.322,1.0,92.432,1.0,4.473,0.870968,3.812,0.571909,0.629042671239,0.518817204301,-5.08713775739,1.0,38.6527703871,1.0,7.1598449496,1.0,3.8998321418,1.0,284.982724462,1.0,411.658,0.929435,0.667,0.642,0.865,-9999,-9999,1.0,1.0,1.0,-9999,-9999,42.398,22.391,28.706,1.0,1.0,1.0,-3.23832,1.0,4.01959,0.929435,2.71253,0.302891,8.58518,0.929435,5.79352,1.08954,1.45562,0.817204,0.0310521,1.39159,1.45562,1.48208,0.854839,0.817204,0.814516,1.50925,1.4828,1.50764,1.52206,0.11766,0.0293064,0.0505315,0.0866847,1.54534,1.45252,1.51523,1.57333,0.0655322,0.0278038,0.0655322,0.108695,1.114,1.0
201101,-1.575,1.0,101.507,30.983,0.988575,276.352,1.0,0.677,1.0,93.173,1.0,3.297,1.0,3.473,0.803091,0.701237063685,0.792338709677,-0.407990591398,1.0,53.4955051762,0.998655913978,5.59969086022,1.0,3.89407258065,1.0,305.256740591,1.0,409.348,0.997984,0.384,0.446,0.604,0.957,1.658,1.0,1.0,1.0,1.0,1.0,43.001,23.082,29.495,1.0,1.0,1.0,-1.96123,1.0,6.46656,0.997984,6.74253,0.400002,-12.8527,0.997984,-13.4012,1.04882,1.04425,0.881048,0.029058,1.03534,1.05614,1.11465,0.880376,0.877016,0.875672,1.37504,1.35836,1.37404,1.38539,0.342324,0.249906,0.317241,0.33929,0.935653,0.867544,1.11567,1.22863,0.566442,0.524689,0.546995,0.558487,1.17978,1.0
201102,-2.82,1.0,165.12,69.964,0.968006,250.321,1.0,1.271,1.0,93.22,1.0,1.536,1.0,3.741,0.975446,0.711070234697,0.965029761905,16.0572916667,1.0,117.580582415,0.997023809524,6.84800595238,1.0,6.5662797619,1.0,299.952209821,1.0,407.796,1.0,-0.037,0.163,0.231,0.58,1.22,1.0,1.0,1.0,1.0,1.0,41.643,22.224,29.146,1.0,1.0,1.0,-2.38489,1.0,8.40176,1.0,8.76032,0.447812,9.29864,0.999256,9.69547,1.15169,1.33054,0.949405,0.0313277,1.27087,1.33374,1.38448,0.954613,0.952381,0.921875,1.60926,1.60926,1.63883,1.66712,0.27552,0.262862,0.282573,0.313483,1.81314,1.68707,1.80913,2.10899,0.383638,0.368485,0.403938,0.499295,1.14263,1.0
201103,2.661,1.0,261.012,131.177,1.0,259.886,1.0,2.28,1.0,93.652,0.860215,1.384,1.0,3.22,0.99664,0.533538686302,0.98185483871,55.4839180108,1.0,243.901216398,1.0,4.93583333333,1.0,9.5822311828,1.0,326.153232527,1.0,405.135,1.0,0.197,0.195,0.214,0.379,0.797,1.0,1.0,1.0,1.0,1.0,41.384,22.377,28.988,1.0,1.0,1.0,-0.136045,1.0,14.8035,1.0,19.3605,0.347561,27.7249,1.0,36.2595,0.861819,-0.73122,0.892473,0.0397496,-0.734704,-0.73122,-0.699037,0.981183,0.892473,0.829973,1.76959,1.76399,1.78902,1.81646,2.50153,2.45885,2.50503,2.52024,1.38938,1.53188,1.63637,1.81656,2.26514,2.33957,2.46831,2.61595,1.16753,1.0
201104,8.728,1.0,364.857,172.037,1.0,294.852,1.0,4.137,1.0,93.46,0.997222,2.1,1.0,3.585,0.959722,0.564038943503,0.938888888889,98.4149791667,1.0,331.307587914,0.997916666667,6.71209027778,1.0,12.0850208333,1.0,356.336256944,1.0,396.74,1.0,5.469,5.131,5.046,4.591,3.781,1.0,1.0,1.0,1.0,1.0,40.242,21.6,27.608,1.0,1.0,1.0,2.96684,1.0,37.0344,1.0,52.1779,0.538621,30.712,1.0,43.2703,0.817753,-2.59398,0.76875,0.0549763,-2.73078,-2.6095,-2.56735,0.898611,0.725694,0.750694,3.34691,3.02623,3.32531,3.5054,5.9442,5.65589,5.91928,6.1171,3.07588,3.07588,3.40096,4.17514,5.72749,5.50161,5.66865,5.97754,1.77125,1.0
201105,11.327,1.0,445.952,246.93,1.0,297.313,1.0,5.751,1.0,93.594,1.0,2.281,1.0,3.0,0.987231,0.563818175187,0.976478494624,155.153548387,1.0,475.293381091,0.998655913978,10.4785551075,1.0,18.1695026882,1.0,370.938897849,1.0,391.431,0.999328,8.156,7.798,7.704,7.225,6.302,1.0,1.0,1.0,1.0,1.0,39.646,21.226,26.547,1.0,1.0,1.0,2.90744,1.0,61.057,0.999328,77.6361,0.762274,58.5847,1.0,74.4924,1.04625,-3.76869,0.921371,0.0737891,-3.9293,-3.86703,-3.82195,0.961694,0.951613,0.903898,5.12359,5.04117,5.12359,5.256,8.93457,8.90774,8.97522,9.15122,4.88879,5.0125,5.29932,6.26651,8.90129,9.01925,9.17058,9.72133,2.19665,1.0
201106,13.996,1.0,483.374,220.968,1.0,332.558,1.0,4.803,1.0,93.407,1.0,2.707,1.0,3.184,0.652778,0.563220527176,0.629861111111,152.338948138,0.998611111111,429.337064716,0.999305555556,8.52065972222,1.0,15.7633472222,1.0,384.672736111,1.0,382.865,0.971528,11.752,11.398,11.301,10.764,9.561,1.0,1.0,1.0,1.0,1.0,38.539,20.824,25.168,1.0,1.0,1.0,2.8777,1.0,64.6232,0.970833,91.6211,0.824399,40.5843,0.970139,57.5394,0.926752,-3.51251,0.880556,0.0783208,-3.5153,-3.4468,-3.3436,0.895833,0.816667,0.930556,7.18906,7.09712,7.15412,7.21805,10.6485,10.46,10.6444,10.7,8.79051,7.19541,8.12429,8.56482,11.4871,10.6878,11.1176,11.4027,2.85009,1.0
201107,13.445,1.0,465.726,181.049,1.0,337.586,1.0,3.993,1.0,93.019,1.0,7.265,1.0,3.401,0.947581,0.645029157054,0.932123655914,124.494670699,1.0,355.883340197,0.998655913978,7.04673387097,1.0,12.2010685484,1.0,381.816061828,1.0,382.284,1.0,11.844,11.677,11.624,11.343,10.62,1.0,1.0,1.0,1.0,1.0,40.978,22.018,26.973,1.0,1.0,1.0,1.78834,1.0,62.8195,1.0,80.7644,0.784858,32.6401,0.999328,41.964,0.931757,-3.40754,0.954973,0.0758889,-3.54694,-3.41836,-3.36208,0.875,0.979167,0.959677,5.74954,5.64669,5.71908,5.92118,9.16241,9.05423,9.16241,9.34004,6.67678,5.87542,6.17633,6.50052,9.09884,8.68951,9.06422,9.33011,2.8755,1.0
201108,15.808,1.0,398.522,184.918,1.0,338.115,1.0,4.714,1.0,93.334,1.0,3.0,1.0,2.821,0.999328,0.560068595183,0.990591397849,117.674025538,1.0,363.372249056,0.999327956989,7.10343413978,1.0,12.1148924731,1.0,393.274751344,1.0,382.936,0.999328,13.634,13.387,13.302,12.893,11.922,1.0,1.0,1.0,1.0,1.0,41.458,21.795,26.89,1.0,1.0,1.0,2.6638,1.0,73.138,0.999328,96.3066,0.877916,13.9735,0.999328,18.4,0.879319,-1.90118,0.954973,0.076961,-2.11417,-1.95488,-1.90118,0.97379,0.946237,0.954973,7.20713,6.93911,7.21399,7.65118,9.17763,8.99919,9.17763,9.60606,8.89286,7.12828,7.55942,8.48915,9.50814,8.73898,9.0269,9.50814,3.31432,1.0
201109,13.634,1.0,302.761,149.154,1.0,317.24,1.0,4.311,1.0,93.51,1.0,1.697,1.0,2.708,0.997222,0.526782914649,0.984027777778,75.6008055556,1.0,291.032503405,0.997222222222,5.87344444444,1.0,10.2213611111,1.0,380.534625,1.0,385.852,0.756944,11.603,11.529,11.566,11.513,11.312,1.0,1.0,1.0,1.0,1.0,35.555,21.138,25.912,1.0,1.0,1.0,0.133747,1.0,41.7487,1.0,68.4021,0.659052,4.31203,1.0,7.06495,0.844733,-1.98608,0.635417,0.0911155,-2.14213,-2.05311,-1.89841,0.691667,0.635417,0.627778,4.2116,4.13776,4.28687,4.55549,6.26471,6.17341,6.26157,6.46328,6.11165,5.75989,6.93478,7.72517,7.84115,7.73849,8.13779,8.58161,2.82183,1.0
201110,7.351,1.0,201.147,85.697,1.0,299.235,1.0,2.399,1.0,93.63,1.0,1.79,1.0,3.45,0.778226,0.706759061301,0.715053763441,29.3511176367,0.998655913978,167.341111121,0.997983870968,3.29683467742,1.0,6.01940188172,1.0,349.220840054,1.0,393.939,0.977151,7.072,7.444,7.518,7.96,8.703,1.0,1.0,1.0,1.0,1.0,32.512,20.767,25.952,1.0,1.0,1.0,-2.94016,1.0,6.91287,0.977151,11.3262,0.327409,7.42884,0.984543,12.1716,0.927137,0.20464,0.96371,0.0580706,0.119392,0.20464,0.373964,0.96371,0.96371,0.959677,1.76074,1.65437,1.76074,1.97762,1.56211,1.54578,1.56211,1.63432,2.61754,2.92024,3.01435,3.29144,1.93263,1.91578,1.99445,2.08601,2.029,1.0
201111,4.433,1.0,120.939,60.977,1.0,261.931,1.0,2.22,1.0,93.678,1.0,0.193,1.0,3.34,0.933333,0.663305137849,0.900694444444,-15.4437638889,1.0,120.862171986,0.998611111111,2.66646527778,1.0,5.073375,1.0,333.247340278,1.0,392.061,1.0,4.024,4.507,4.604,5.153,6.083,1.0,1.0,1.0,1.0,1.0,32.286,19.421,25.15,1.0,1.0,1.0,-3.23486,1.0,7.22618,1.0,4.3984,0.369469,-11.3509,1.0,-6.909,1.12772,1.06527,0.9625,0.058171,1.06146,1.07756,1.1184,0.9625,0.970833,0.925,3.04691,3.03679,3.07731,3.12619,1.97975,1.97975,2.00055,2.04225,1.96521,2.19761,2.40622,2.48165,1.48449,1.48449,1.65745,1.72066,1.57092,1.0
201112,0.01,1.0,84.9374,19.931,1.0,284.23,1.0,0.388,1.0,92.691,0.985887,4.081,1.0,4.544,0.754032,-9999,-9999,-11.1648521505,1.0,39.9405400652,0.998655913978,1.84637768817,1.0,1.57448252688,1.0,313.85358871,1.0,400.442,0.942204,1.118,1.596,1.698,2.317,3.509,1.0,1.0,1.0,1.0,1.0,34.639,22.341,28.345,1.0,1.0,1.0,-3.97858,1.0,0.879938,0.941532,0.535597,0.265033,-13.6309,0.999328,-8.29682,0.852203,1.16024,0.939516,0.0302566,1.1332,1.14177,1.14681,0.920699,0.940188,0.939516,1.63981,1.62473,1.63165,1.63981,0.493003,0.482538,0.490501,0.496166,1.12191,1.02044,1.06893,1.11821,0.323222,0.322732,0.324217,0.325107,1.25147,1.0
201201,-1.903,0.973118,101.507,29.352,0.971774,281.414,0.973118,0.338,0.973118,93.176,1.0,4.629,1.0,4.547,0.623656,0.891222676051,0.586693548387,3.76339046452,0.944892473118,58.5267941288,0.943548387097,5.90140884687,0.944892473118,3.85358251634,0.944892473118,305.725972747,0.944892473118,396.947,0.958333,0.579,0.857,0.921,1.316,2.119,0.973118,0.973118,0.973118,0.973118,0.973118,38.911,23.572,30.064,0.972446,0.972446,0.972446,-2.65421,0.973118,5.11988,0.958333,3.79373,0.312294,2.46451,0.958333,1.82615,0.911347,0.892889,0.856183,0.0160942,0.892889,0.894837,0.899533,0.856183,0.856855,0.858199,1.11459,1.09855,1.10717,1.11927,0.221622,0.203841,0.210301,0.219096,0.664078,0.67434,0.740479,0.800377,0.107754,0.121248,0.164642,0.182563,1.08241,1.0
201202,-6.744,1.0,166.636,58.719,0.983477,248.208,1.0,0.343,1.0,93.731,1.0,2.417,1.0,3.801,0.874282,0.629285834198,0.844109195402,18.1211278736,1.0,106.796673851,0.998563218391,9.95707614943,1.0,6.83086206897,1.0,284.371630747,1.0,400.751,0.997126,-0.298,0.003,0.068,0.472,1.256,1.0,1.0,1.0,1.0,1.0,38.037,22.677,29.383,1.0,1.0,1.0,-2.21152,1.0,4.69173,1.0,5.98408,0.231068,11.2498,1.0,14.3486,0.826529,0.71152,0.889368,0.0208128,0.689128,0.71164,0.983848,0.887213,0.760776,0.894397,0.770762,0.751858,0.758881,0.782257,0.0592419,-0.23148,0.0569982,0.0836824,0.49819,0.599382,0.696803,0.766818,0.120031,0.181558,0.214371,0.253738,0.992122,1.0
201203,4.043,1.0,264.499,123.026,1.0,278.189,1.0,2.44,1.0,93.949,1.0,1.129,1.0,3.752,0.961022,0.642972076153,0.933467741935,59.3922679307,0.999327956989,222.01980811,0.998655913978,4.7741733871,1.0,8.32623655914,1.0,333.161834677,1.0,400.085,1.0,1.693,1.686,1.659,1.659,1.71,1.0,1.0,1.0,1.0,1.0,40.026,23.695,29.981,1.0,1.0,1.0,0.232319,1.0,17.8031,0.999328,24.7954,0.358484,24.7957,1.0,34.5345,0.820799,-1.05829,0.982527,0.0354695,-1.06275,-1.05829,-1.04681,0.989919,0.982527,0.977823,2.01693,2.01852,2.06147,2.12873,3.07521,3.07521,3.11212,3.15581,1.45922,1.20515,1.45969,1.60624,2.54196,2.31099,2.46117,2.62011,1.22681,1.0
201204,5.529,1.0,368.013,162.886,1.0,286.684,1.0,3.384,1.0,92.352,1.0,1.59,1.0,3.137,0.997222,0.616721829606,0.984027777778,96.9330902778,1.0,296.862310431,0.998611111111,5.77563888889,1.0,11.026375,1.0,341.579548611,1.0,401.794,0.721528,3.664,3.493,3.433,3.252,3.02,1.0,1.0,1.0,1.0,1.0,38.787,22.353,28.28,1.0,1.0,1.0,1.64339,1.0,43.2429,1.0,47.4686,0.625198,43.5447,0.999306,47.7999,0.867618,-2.94314,0.684722,0.0516493,-2.96546,-2.93925,-2.91414,0.691667,0.690972,0.6875,2.54327,2.4449,2.45409,2.46151,5.48641,5.36084,5.38405,5.42745,2.09976,1.56248,1.71523,2.09976,6.54436,5.87593,6.27205,6.55133,1.5329,1.0
201205,12.094,1.0,447.966,232.58,1.0,308.836,1.0,6.036,1.0,93.318,1.0,1.377,1.0,3.189,0.997312,0.59812918395,0.987903225806,148.672350578,0.999327956989,422.251214539,0.997983870968,8.23621639785,1.0,16.9477688172,1.0,375.609717742,1.0,386.537,1.0,9.107,8.648,8.541,8.049,6.971,1.0,1.0,1.0,1.0,1.0,28.747,19.972,23.757,1.0,1.0,1.0,2.86189,1.0,52.4624,1.0,65.9227,0.593535,63.7174,0.999328,80.0655,0.87047,-3.89395,0.971102,0.0641697,-3.94985,-3.91429,-3.89109,0.959005,0.969758,0.983871,6.27088,6.20534,6.28211,6.33349,10.1648,10.0981,10.177,10.2485,6.02992,5.0598,5.60136,6.02992,9.64371,8.95549,9.26755,9.43851,2.57001,1.0
201206,13.177,1.0,483.684,199.431,1.0,333.76,1.0,4.257,1.0,93.177,1.0,3.8,1.0,2.921,0.99375,0.598121186842,0.985416666667,136.277668144,0.999305555556,366.289917701,0.997222222222,7.2184375,1.0,15.5963958333,1.0,380.794159722,1.0,399.641,0.980556,11.02,10.557,10.457,9.946,8.893,1.0,1.0,1.0,1.0,1.0,25.659,21.717,25.322,1.0,1.0,1.0,3.56891,1.0,62.6868,1.0,82.5403,0.775147,38.4629,0.998611,50.6444,0.915197,-3.97914,0.958333,0.0802265,-3.99881,-3.97914,-3.95604,0.9625,0.958333,0.958333,7.52233,7.58719,7.67778,7.87195,11.5015,11.5601,11.6719,11.7704,7.69343,7.63791,7.75685,7.93807,11.7045,11.7211,11.7934,11.9079,3.10771,1.0
201207,15.443,1.0,464.252,211.334,1.0,338.727,1.0,5.08,1.0,93.361,1.0,3.861,1.0,2.846,0.994624,0.566866373788,0.984543010753,141.111552419,1.0,383.726024508,0.999327956989,7.57133064516,1.0,16.4503897849,1.0,392.379899194,1.0,385.645,1.0,13.391,13.014,12.961,12.528,11.434,1.0,1.0,1.0,1.0,1.0,27.614,21.266,24.828,1.0,1.0,1.0,2.64176,1.0,71.4729,1.0,100.311,0.858876,27.1887,1.0,38.1589,0.929135,-3.63948,0.933468,0.0942941,-3.63948,-3.60672,-3.59387,0.933468,0.943548,0.961022,8.15986,8.08222,8.18662,8.71111,11.7993,11.6889,11.8573,12.3132,8.38914,7.53062,8.31248,8.57849,12.2824,11.8532,12.0606,12.35,3.8645,1.0
201208,16.511,0.874328,395.729,199.475,0.877016,331.553,0.874328,7.431,0.874328,93.548,1.0,1.929,0.590054,2.658,0.999328,0.502145754379,0.987903225806,124.517722091,0.849462365591,374.577064938,0.848790322581,7.65670228268,0.849462365591,16.3027715099,0.849462365591,398.77289422,0.849462365591,388.488,1.0,13.582,13.222,13.146,12.795,11.953,0.874328,0.874328,0.874328,0.874328,0.874328,18.926,16.051,18.442,0.873656,0.873656,0.873656,1.62485,0.874328,44.106,1.0,64.571,0.570683,36.826,1.0,53.9131,0.801858,-2.38031,0.864247,0.0839546,-2.44941,-2.37125,-2.33982,0.83871,0.87836,0.905242,5.94483,5.82014,5.96558,6.01839,8.32514,8.26696,8.32514,8.38598,7.82888,6.16489,6.92518,7.82888,9.44848,8.23519,8.81869,9.44848,3.94784,1.0
201209,11.681,0.941667,299.379,139.552,0.942361,311.924,0.941667,3.814,0.941667,93.367,1.0,1.757,0.886806,2.774,0.998611,0.533816566451,0.984722222222,70.1216978533,0.931944444444,250.885254243,0.931944444444,5.40520089286,0.933333333333,11.1680059524,0.933333333333,372.045386905,0.932638888889,386.056,1.0,10.505,10.665,10.661,10.796,10.862,0.941667,0.941667,0.941667,0.941667,0.941667,14.071,17.279,19.45,0.941667,0.941667,0.941667,-1.1456,0.941667,29.265,1.0,47.886,0.438634,14.3073,0.999306,23.4109,0.860067,-1.88804,0.917361,0.0629343,-2.07738,-1.998,-1.89791,0.890278,0.905556,0.940278,5.60937,5.47928,5.54877,5.5761,7.49742,7.40275,7.49742,7.57989,5.07914,4.98903,5.65014,5.87684,7.27096,7.27096,7.4716,7.70459,2.92382,1.0
201210,6.272,0.645833,198.027,81.795,0.647849,285.234,0.631048,2.471,0.645833,92.978,1.0,2.143,0.645161,3.176,0.969758,0.607268048533,0.948924731183,-9999,-9999,145.763604167,0.633064516129,4.87289375,0.633064516129,7.01477419355,0.63373655914,340.98025625,0.627016129032,395.079,1.0,6.495,7.055,7.062,7.579,8.339,0.645833,0.645833,0.645833,0.645833,0.645833,13.804,14.589,15.87,0.645833,0.645833,0.645833,-2.68543,0.645833,15.8865,1.0,20.5179,0.41637,-3.26777,1.0,-4.22044,0.92592,-0.227641,0.830645,0.0507292,-0.300067,-0.220945,-0.187111,0.780242,0.842742,0.854167,3.70642,3.66646,3.68682,3.70638,3.93406,3.82305,3.91687,3.98203,3.5794,3.58623,3.60181,3.66259,3.73279,3.36519,3.70171,3.73644,1.99392,1.0
201211,2.857,1.0,118.973,33.489,1.0,289.929,1.0,0.809,1.0,92.879,0.996528,3.042,0.951389,3.365,0.899306,0.71972899055,0.836111111111,-6.35100694444,1.0,60.9044213948,0.998611111111,1.69582638889,1.0,2.51418055556,1.0,327.257840278,1.0,401.506,1.0,3.265,3.863,3.891,4.447,5.425,1.0,1.0,1.0,1.0,1.0,17.061,19.96,23.005,1.0,1.0,1.0,-3.35786,1.0,5.53006,1.0,5.23576,0.389428,-8.69146,1.0,-8.2289,1.11201,1.2737,0.993056,0.0478183,1.27855,1.29098,1.32216,0.996528,0.993056,0.990972,3.07117,3.07291,3.10941,3.16717,1.79747,1.78637,1.79747,1.83538,2.69174,2.86387,2.92221,2.98456,1.59795,1.59375,1.65634,1.67833,1.41561,1.0
201212,-2.118,1.0,84.6216,26.982,1.0,270.268,1.0,0.531,1.0,92.625,1.0,3.755,0.870968,3.583,0.917339,0.73373766437,0.898521505376,-10.2248051075,1.0,48.0990201041,0.998655913978,5.36517473118,1.0,3.99406586022,1.0,303.485215054,1.0,412.821,0.999328,1.042,1.587,1.639,2.248,3.364,1.0,1.0,1.0,1.0,1.0,21.738,22.57,26.833,1.0,1.0,1.0,-3.79182,1.0,1.50824,0.999328,1.30153,0.215008,-22.6959,0.999328,-19.5853,1.15922,1.75792,0.987231,0.0354401,1.68586,1.76149,1.81182,0.989247,0.986559,0.982527,1.77289,1.68541,1.73247,1.77289,0.0149681,-0.0325276,1.27756e-05,0.0193398,1.40286,1.32977,1.33698,1.38851,0.232883,0.221709,0.226663,0.232883,1.13128,1.0
201301,-3.83,1.0,101.507,19.942,0.981855,283.325,1.0,0.285,1.0,92.756,1.0,4.39,1.0,3.508,0.889113,0.680062390016,0.860887096774,4.3083266129,1.0,25.8152842599,0.997311827957,4.99501344086,1.0,3.0236155914,1.0,297.340772849,1.0,418.289,1.0,-0.236,0.243,0.305,0.787,1.708,1.0,1.0,1.0,1.0,1.0,23.582,23.165,27.011,1.0,1.0,1.0,-4.33121,1.0,0.366163,0.998656,0.28528,0.108727,10.3983,1.0,8.10141,0.746671,0.78033,0.975806,0.0224082,0.73639,0.764842,0.78003,0.975134,0.980511,0.975806,0.832535,0.788154,0.817567,0.827983,0.0525981,0.0400338,0.05097,0.0659264,0.66778,0.664669,0.678255,0.798102,0.0773712,0.0764809,0.0781722,0.111358,0.99112,1.0
201302,-4.273,1.0,165.12,31.464,1.0,280.071,1.0,0.254,1.0,92.847,1.0,2.817,0.995536,2.947,0.754464,0.402893699206,0.733630952381,12.8898511905,1.0,48.5381032168,0.986607142857,7.16145089286,1.0,4.39549107143,1.0,294.888258929,1.0,414.159,0.999256,-0.473,-0.307,-0.32,0.036,0.778,1.0,1.0,1.0,1.0,1.0,30.304,22.539,26.658,1.0,1.0,1.0,-2.24901,1.0,2.63767,0.999256,2.04742,0.151951,16.7933,0.999256,13.0354,0.781762,0.659577,0.90253,0.0194689,0.659577,0.669726,0.683362,0.90253,0.838542,0.93006,0.755851,0.591999,0.74761,0.796835,0.116551,-0.0770301,0.0880329,0.125833,1.36478,1.27941,1.37647,1.47399,0.25135,0.252554,0.334929,0.347359,0.964496,1.0
201303,-4.263,1.0,261.012,99.158,0.982527,260.799,1.0,0.641,1.0,92.485,1.0,1.271,1.0,3.377,0.963038,0.586147950463,0.933467741935,55.1489717742,1.0,165.07947838,0.997983870968,8.55724462366,1.0,9.07702956989,1.0,296.025530914,1.0,406.101,1.0,-0.377,-0.192,-0.141,0.156,0.749,1.0,1.0,1.0,1.0,1.0,31.013,22.83,27.374,1.0,1.0,1.0,-1.37206,1.0,6.30137,0.999328,9.18811,0.211109,32.4263,1.0,47.2812,1.07334,0.738219,0.969758,0.0221137,0.681598,0.738219,0.788831,0.984543,0.969758,0.969758,0.863558,0.863558,0.880605,0.918458,0.144249,0.144249,0.154299,0.182146,0.808371,0.792686,0.824933,0.950494,0.227295,0.227295,0.238148,0.276506,0.97313,1.0
201304,5.197,1.0,364.857,133.855,0.997917,299.769,1.0,2.682,1.0,93.146,1.0,1.837,1.0,2.686,0.878472,0.454858006869,0.627777777778,84.6934375,1.0,235.798053191,0.998611111111,6.01347916667,1.0,9.71988888889,1.0,339.321361111,1.0,411.929,0.860417,2.211,1.879,1.82,1.657,1.486,1.0,1.0,1.0,1.0,1.0,31.629,23.138,27.883,1.0,1.0,1.0,1.9853,1.0,28.0278,0.851389,43.9683,0.505292,21.4793,0.99375,33.6954,0.752381,-2.65338,0.748611,0.0621517,-2.66426,-2.63118,-2.57936,0.785417,0.695833,0.713889,2.64989,2.46219,2.56589,2.65845,5.32811,5.00922,5.19151,5.31183,0.896461,0.890105,1.02257,1.37181,4.86065,4.74321,4.82134,4.92822,1.29737,1.0
201305,9.167,1.0,445.952,148.239,1.0,324.884,1.0,2.244,1.0,92.79,1.0,6.229,1.0,2.877,0.587366,0.600350871143,0.518817204301,103.040477151,1.0,266.540087366,0.998655913978,4.51003360215,1.0,10.2757258065,1.0,359.740564516,1.0,400.394,0.93078,7.74,7.373,7.255,6.839,5.9,1.0,1.0,1.0,1.0,1.0,33.716,23.113,25.963,1.0,1.0,1.0,2.96713,1.0,36.4843,0.925403,54.7872,0.472918,31.539,0.928763,47.361,0.781974,-2.91933,0.80578,0.0687139,-2.99141,-2.92389,-2.91759,0.686156,0.772177,0.811156,3.93338,3.96461,3.98652,4.02984,6.85097,6.87985,6.92985,7.02387,3.38944,3.15916,3.38944,4.0213,6.68057,6.45649,6.61218,6.77528,2.1198,1.0
201306,13.2,1.0,483.374,192.838,1.0,334.985,1.0,4.278,1.0,93.452,1.0,9.717,1.0,2.96,0.897917,0.526343643223,0.8875,131.134611111,1.0,347.693990544,0.997916666667,6.49315972222,1.0,15.3507083333,1.0,381.209159722,1.0,395.108,1.0,10.945,10.502,10.366,9.892,8.825,1.0,1.0,1.0,1.0,1.0,33.988,23.382,25.7,1.0,1.0,1.0,3.42988,1.0,53.9904,1.0,75.399,0.78708,37.1725,0.997917,51.9124,0.894388,-2.65344,0.947222,0.0727951,-2.79155,-2.74853,-2.65344,0.934722,0.917361,0.947222,6.78645,6.23257,6.55169,6.75844,9.36421,9.24776,9.34695,9.41188,5.50486,5.80102,6.34291,6.87699,8.88867,9.11691,9.47407,9.69551,2.93083,1.0
201307,17.353,1.0,465.726,242.606,1.0,336.548,1.0,7.791,1.0,93.779,1.0,1.165,1.0,2.504,0.821909,0.452366935583,0.813172043011,155.68375672,1.0,431.593474462,1.0,7.52985215054,1.0,20.1746236559,1.0,403.275087366,1.0,398.991,0.997312,13.722,12.94,12.793,12.152,10.882,1.0,1.0,1.0,1.0,1.0,24.64,18.372,19.295,1.0,1.0,1.0,3.77135,1.0,59.0987,0.997312,79.0458,0.686691,54.3558,0.997312,72.7021,0.747057,-4.54165,0.809812,0.0809844,-4.97768,-4.56192,-4.39943,0.722446,0.818548,0.829973,7.45373,6.96559,7.26207,7.42439,12.0156,11.5758,11.966,12.2629,9.67477,7.7814,8.36698,10.2909,13.5665,12.1576,12.7484,13.8419,3.71155,1.0
201308,15.96,1.0,398.522,193.583,1.0,331.183,1.0,6.903,1.0,93.634,1.0,1.535,1.0,2.585,0.844086,0.454709840952,0.841397849462,114.208649194,1.0,345.811700269,1.0,6.32840053763,1.0,15.7299327957,1.0,394.837170699,1.0,393.957,0.991935,13.332,13.066,12.98,12.729,12.045,1.0,1.0,1.0,1.0,1.0,15.186,15.329,16.046,1.0,1.0,1.0,1.11212,1.0,55.1312,0.991935,72.991,0.681191,29.9232,0.990591,39.6168,0.74059,-3.67301,0.821909,0.08249,-3.68451,-3.62886,-3.52314,0.818548,0.876344,0.807124,5.23799,4.96672,5.10616,5.43261,8.94396,8.43896,8.80346,9.07633,6.5997,6.39595,6.96132,7.95649,9.76799,9.76799,10.2072,10.7147,3.60403,1.0
201309,9.667,1.0,302.761,101.645,1.0,321.111,1.0,1.833,1.0,93.276,1.0,2.967,1.0,3.139,0.863194,0.611007137661,0.83125,53.4756041667,1.0,180.728746306,0.999305555556,3.47814583333,1.0,7.86900694444,1.0,361.384993056,1.0,399.672,0.995139,9.516,9.812,9.828,10.075,10.299,1.0,1.0,1.0,1.0,1.0,17.094,20.009,21.063,1.0,1.0,1.0,-1.82184,1.0,20.1328,0.995833,29.6904,0.403548,4.20111,0.995139,6.19548,0.716903,-0.387449,0.990278,0.0586658,-0.439156,-0.407036,-0.387449,0.990972,0.991667,0.990278,4.8054,4.63837,4.68459,4.75707,5.18723,5.03345,5.1369,5.1681,4.04244,3.76699,3.94177,4.04244,4.73452,4.57742,4.66905,4.77367,2.51235,1.0
201310,8.098,1.0,201.147,86.774,1.0,295.408,1.0,2.325,1.0,93.354,1.0,2.319,1.0,3.338,0.858199,0.687835718045,0.846102150538,22.7587096774,1.0,152.470907258,1.0,3.07668682796,1.0,6.91840053763,1.0,352.505127688,1.0,400.262,1.0,7.281,7.501,7.507,7.701,7.989,1.0,1.0,1.0,1.0,1.0,25.253,20.378,22.837,1.0,1.0,1.0,-1.21891,1.0,24.0541,1.0,39.1,0.498001,-9.30319,1.0,-15.1223,0.873424,0.246002,0.998656,0.0572629,0.234424,0.246367,0.260684,0.998656,0.998656,0.997984,4.75232,4.74583,4.76153,4.76929,4.51644,4.50412,4.51379,4.52124,3.67357,3.4962,3.60467,3.65926,3.97657,3.88336,3.93596,3.97657,2.03047,1.0
201311,1.724,1.0,120.939,29.153,1.0,296.166,1.0,0.599,1.0,93.02,1.0,1.99,1.0,3.108,0.777083,0.651186149628,0.774305555556,0.728361111111,1.0,52.231947695,0.997916666667,1.55578472222,1.0,2.19177777778,1.0,322.396243056,1.0,400.668,0.995139,3.171,3.891,4.007,4.732,5.957,1.0,1.0,1.0,1.0,1.0,28.872,21.824,24.382,1.0,1.0,1.0,-4.95402,1.0,3.98191,0.995139,3.5009,0.258061,2.05366,0.995139,1.80558,0.713624,0.871545,0.982639,0.0467098,0.868383,0.875482,0.901325,0.982639,0.982639,0.961806,2.32785,2.31193,2.32785,2.35798,1.45851,1.44183,1.45466,1.45851,2.53967,2.4439,2.50107,2.54183,1.65295,1.61962,1.64556,1.6532,1.38845,1.0
201312,2.195,1.0,84.9374,32.448,1.0,270.328,1.0,1.723,1.0,93.43,1.0,1.716,1.0,3.881,0.93414,0.804822016171,0.915994623656,-23.2726810226,0.998655913978,56.1723687123,0.997983870968,1.70033602151,1.0,2.78170026882,1.0,322.921626344,1.0,400.54,1.0,1.586,1.969,2.025,2.443,3.28,1.0,1.0,1.0,1.0,1.0,30.892,23.226,26.566,1.0,1.0,1.0,-2.57908,1.0,7.79227,0.999328,14.3333,0.406306,-18.9263,1.0,-34.8136,1.08383,1.25386,0.99328,0.0466701,1.25386,1.26534,1.27773,0.99328,0.99328,0.993952,2.23698,2.24503,2.26235,2.27128,0.99743,0.989917,0.995453,0.99743,1.44638,1.21551,1.41716,1.4927,0.728682,0.636892,0.719304,0.743984,1.1753,1.0
201401,-0.869,1.0,101.507,31.395,0.981183,275.799,1.0,0.612,1.0,92.551,1.0,0.803,1.0,3.345,1.0,0.712762961229,0.829301075269,-4.44250672043,1.0,45.528504508,0.968413978495,3.00102150538,1.0,3.02889112903,1.0,309.998823925,1.0,410.924,1.0,0.703,1.233,1.307,1.808,2.7,1.0,1.0,1.0,1.0,1.0,29.922,22.408,25.716,1.0,1.0,1.0,-3.89421,1.0,2.65085,0.992608,4.87605,0.696324,1.00217,1.0,1.84341,1.11819,1.31319,0.967742,0.0361689,1.2812,1.31319,1.40813,0.959005,0.967742,0.97043,2.21686,2.0042,2.0692,2.2391,0.835913,0.722595,0.762913,0.835913,1.09715,1.07024,1.0955,1.10678,0.588239,0.558309,0.578337,0.590109,1.26009,1.0
201402,1.01,1.0,165.12,75.002,0.998512,257.473,1.0,1.392,1.0,92.511,1.0,0.254,1.0,3.503,0.998512,0.806036267057,0.886904761905,7.28125015831,0.997767857143,124.635081106,0.994047619048,3.18939732143,1.0,6.12335565476,1.0,318.589077381,1.0,406.396,1.0,-0.001,0.093,0.116,0.48,1.282,1.0,1.0,1.0,1.0,1.0,29.136,22.321,25.64,1.0,1.0,1.0,-1.05051,1.0,8.15947,1.0,8.23241,0.798423,18.1054,1.0,18.2672,1.08051,0.382878,1.0,0.0393029,0.372401,0.382878,0.395734,1.0,1.0,1.0,1.97723,1.94335,1.96751,1.97723,1.58149,1.57,1.58043,1.58588,1.96461,1.99096,2.03866,2.06666,1.58858,1.6153,1.62845,1.63939,1.18563,1.0
201403,5.333,1.0,261.012,120.292,0.99664,274.277,1.0,2.997,1.0,93.208,1.0,1.639,1.0,3.183,0.987231,0.583056709619,0.867607526882,44.5462113999,0.995967741935,203.437604828,0.991935483871,4.76760080645,1.0,9.72759408602,1.0,339.070873656,1.0,401.328,1.0,3.196,3.108,3.072,3.009,2.933,1.0,1.0,1.0,1.0,1.0,31.684,22.651,25.665,1.0,1.0,1.0,0.726875,1.0,26.9531,0.99664,27.194,0.564108,18.0253,1.0,18.1864,0.88459,-1.95646,0.865591,0.0525782,-2.03214,-1.9545,-1.82022,0.836694,0.862903,0.975806,2.68365,2.67155,2.70715,2.74469,4.50515,4.50515,4.672,4.72347,3.49425,2.77654,3.13737,3.29739,5.40165,4.72229,4.8915,5.31827,1.52834,1.0
201404,8.413,1.0,364.857,148.531,1.0,301.65,1.0,2.957,1.0,93.078,1.0,1.423,1.0,2.748,0.999306,0.498479349677,0.907638888889,84.24634013,0.999305555556,262.964385491,0.998611111111,4.74426388889,1.0,10.9125555556,1.0,354.679090278,1.0,396.785,1.0,6.189,5.909,5.823,5.544,4.99,1.0,1.0,1.0,1.0,1.0,30.298,20.643,22.142,1.0,1.0,1.0,1.93785,1.0,38.4311,1.0,50.3219,0.603667,24.7381,1.0,32.3922,0.835773,-3.39066,0.953472,0.0516947,-3.50648,-3.4603,-3.43118,0.870833,0.940972,0.966667,3.42987,3.51423,3.5564,3.6129,6.83868,6.91835,7.01767,7.07065,4.21339,3.08565,3.87863,4.21339,7.00295,6.75564,7.00295,7.22689,1.9442,1.0
201405,9.246,1.0,445.952,178.417,1.0,314.755,1.0,2.901,1.0,93.201,1.0,3.574,1.0,3.002,0.99664,0.615567070761,0.917338709677,119.298534946,1.0,319.463254118,0.993951612903,6.12655913978,1.0,13.0861827957,1.0,360.541209677,1.0,392.154,0.997984,7.837,7.632,7.565,7.335,6.742,1.0,1.0,1.0,1.0,1.0,33.001,21.442,22.48,1.0,1.0,1.0,1.57471,1.0,44.9351,1.0,63.0764,0.697567,38.9304,1.0,54.6474,0.952646,-3.18864,0.957661,0.0650337,-3.31465,-3.19886,-3.12697,0.909274,0.985887,0.979839,5.25402,4.98775,5.15351,5.23781,8.35718,8.29583,8.34976,8.36126,4.29305,4.20721,4.30745,4.4657,7.83717,7.98987,8.04152,8.08731,2.22055,1.0
201406,13.392,1.0,483.374,224.638,1.0,323.961,1.0,5.885,1.0,93.458,1.0,1.937,0.576389,2.651,1.0,0.541221813963,0.941666666667,147.878569444,1.0,402.419902007,0.988888888889,7.08122222222,1.0,18.0009583333,1.0,382.3445,1.0,393.611,1.0,10.851,10.391,10.316,9.908,9.027,1.0,1.0,1.0,1.0,1.0,25.953,19.015,19.436,1.0,1.0,1.0,2.47102,1.0,67.6337,0.999306,79.3841,0.853388,56.0787,1.0,65.8217,0.965736,-4.4017,0.944444,0.0740319,-4.50135,-4.4017,-4.34176,0.936111,0.944444,0.975,6.60258,6.41732,6.70706,6.96117,10.9238,10.7838,11.1088,11.4736,5.259,5.52743,6.21606,6.74988,10.2663,10.5752,10.8645,11.4349,2.79154,1.0
201407,17.214,1.0,465.726,218.867,1.0,348.208,1.0,6.505,1.0,93.25,1.0,3.28,0.990591,2.404,1.0,0.456779331857,0.924059139785,147.510490591,1.0,394.712507578,0.992607526882,6.51794354839,1.0,17.137547043,1.0,402.255887097,1.0,390.946,1.0,14.026,13.281,13.177,12.475,11.093,1.0,1.0,1.0,1.0,1.0,20.709,18.388,18.05,1.0,1.0,1.0,3.89041,1.0,81.8847,0.999328,93.2652,1.08705,44.1391,0.999328,50.2737,0.831493,-3.28331,0.77621,0.0926754,-3.4559,-3.28331,-3.1558,0.869624,0.77621,0.763441,9.57665,7.7765,9.3899,9.61174,12.8673,10.9137,12.8557,12.985,8.8708,8.00638,8.57623,8.95747,11.3492,10.7428,10.9978,11.457,3.54826,1.0
201408,13.723,1.0,398.522,167.394,1.0,328.514,1.0,4.258,1.0,93.174,1.0,2.329,1.0,2.445,0.999328,0.524064423919,0.9375,100.855504032,1.0,299.585972604,0.998655913978,5.00647177419,1.0,12.9317069892,1.0,382.108326613,1.0,388.041,1.0,12.252,12.223,12.215,12.14,11.727,1.0,1.0,1.0,1.0,1.0,19.131,16.558,16.622,1.0,1.0,1.0,0.163569,1.0,69.0448,1.0,83.1004,0.95453,14.6161,1.0,17.5916,0.824585,-3.00636,0.939516,0.0902314,-3.10371,-3.05123,-2.8333,0.981183,0.960349,0.927419,8.42954,8.32746,8.42954,8.57055,11.5096,11.2931,11.4271,11.5876,7.20212,6.59591,7.20212,7.57371,10.5161,10.403,10.7846,11.2453,3.10182,1.0
201409,12.409,1.0,302.761,105.291,1.0,337.355,1.0,2.109,1.0,93.534,1.0,5.067,1.0,2.82,0.999306,0.520590093323,0.9125,59.2220019208,0.999305555556,188.358167258,0.998611111111,3.48634027778,1.0,7.70465277778,1.0,375.331694444,1.0,396.238,1.0,11.46,11.388,11.378,11.28,10.965,1.0,1.0,1.0,1.0,1.0,30.916,20.418,21.077,1.0,1.0,1.0,0.417285,1.0,10.5587,0.997917,12.7082,0.44535,5.52561,1.0,6.65047,0.722001,-0.889072,0.924306,0.0589455,-0.908169,-0.874754,-0.843605,0.890278,0.96875,0.95625,3.44491,3.29544,3.36575,3.41958,4.2771,4.21286,4.24834,4.27534,3.63528,3.21947,3.44793,3.72062,4.43342,4.12435,4.28636,4.94613,2.90805,1.0
201410,9.28,1.0,201.147,83.186,1.0,307.459,1.0,1.55,1.0,93.412,1.0,2.713,1.0,2.94,1.0,0.633455268606,0.915994623656,24.9580319957,0.997311827957,145.648514449,0.997983870968,2.54717362085,0.998655913978,6.01148229313,0.998655913978,358.878387973,0.998655913978,398.845,1.0,8.958,9.192,9.239,9.472,9.744,1.0,1.0,1.0,1.0,1.0,32.954,21.696,23.699,0.997312,0.997312,0.997312,-1.74776,1.0,1.16931,0.997984,1.46439,0.428025,-6.82803,1.0,-8.55109,0.956059,0.0893342,0.986559,0.0496554,0.0893342,0.10558,0.14077,0.986559,0.992608,0.971102,2.53822,2.42984,2.52,2.57682,2.45474,2.28096,2.43066,2.47491,3.02767,2.9991,3.029,3.06289,2.64497,2.56169,2.6396,2.68084,2.40451,1.0
201411,4.247,1.0,120.939,39.773,1.0,295.842,1.0,0.912,1.0,93.01,1.0,0.923,0.666667,3.35,0.930556,0.684592400263,0.8125,-0.957573863636,0.989583333333,71.179782197,0.989583333333,1.44680429293,0.989583333333,2.62875,0.989583333333,334.274888258,0.989583333333,407.497,1.0,5.047,5.62,5.729,6.291,7.175,1.0,1.0,1.0,1.0,1.0,32.773,21.597,23.976,1.0,1.0,1.0,-3.82655,1.0,-0.374322,0.999306,-0.542035,0.376737,-2.47785,1.0,-3.58804,1.00855,1.00575,0.986806,0.0437919,0.923662,1.00575,1.06316,0.988194,0.986806,0.981944,1.85705,1.85078,1.8881,1.91168,0.89453,0.863129,0.881425,0.927118,1.82338,1.82338,1.97182,2.05654,0.961747,0.961747,1.01083,1.03822,1.78329,1.0
201412,-0.579,1.0,84.9374,16.612,1.0,293.406,1.0,0.379,1.0,93.168,1.0,2.235,0.525538,3.632,0.78293,0.857163006433,0.698924731183,-3.30080745253,0.999327956989,30.0375962681,0.994623655914,1.55433467742,1.0,1.54757392473,1.0,311.778702957,1.0,404.628,0.995296,1.394,1.945,2.055,2.662,3.806,1.0,1.0,1.0,1.0,1.0,34.537,22.852,25.709,1.0,1.0,1.0,-3.78708,1.0,-1.10364,0.995296,-1.50019,0.728424,3.88246,0.995296,5.27748,1.00991,1.19993,0.986559,0.0285067,1.19893,1.2016,1.20715,0.986559,0.985887,0.986559,1.65586,1.65586,1.6672,1.6739,0.457569,0.457569,0.465882,0.472901,1.66307,1.55914,1.66307,1.68799,0.803307,0.763456,0.789201,0.809122,1.32645,1.0
