TIMESTAMP,TA_F,TA_F_QC,SW_IN_POT,SW_IN_F,SW_IN_F_QC,LW_IN_F,LW_IN_F_QC,VPD_F,VPD_F_QC,PA_F,PA_F_QC,P_F,P_F_QC,WS_F,WS_F_QC,USTAR,USTAR_QC,NETRAD,NETRAD_QC,PPFD_IN,PPFD_IN_QC,PPFD_DIF,PPFD_DIF_QC,SW_OUT,SW_OUT_QC,LW_OUT,LW_OUT_QC,CO2_F_MDS,CO2_F_MDS_QC,TS_F_MDS_1,TS_F_MDS_2,TS_F_MDS_3,TS_F_MDS_1_QC,TS_F_MDS_2_QC,TS_F_MDS_3_QC,SWC_F_MDS_1,SWC_F_MDS_2,SWC_F_MDS_3,SWC_F_MDS_1_QC,SWC_F_MDS_2_QC,SWC_F_MDS_3_QC,G_F_MDS,G_F_MDS_QC,LE_F_MDS,LE_F_MDS_QC,LE_CORR,LE_RANDUNC,H_F_MDS,H_F_MDS_QC,H_CORR,H_RANDUNC,NEE_VUT_REF,NEE_VUT_REF_QC,NEE_VUT_REF_RANDUNC,NEE_VUT_25,NEE_VUT_50,NEE_VUT_75,NEE_VUT_25_QC,NEE_VUT_50_QC,NEE_VUT_75_QC,RECO_NT_VUT_REF,RECO_NT_VUT_25,RECO_NT_VUT_50,RECO_NT_VUT_75,GPP_NT_VUT_REF,GPP_NT_VUT_25,GPP_NT_VUT_50,GPP_NT_VUT_75,RECO_DT_VUT_REF,RECO_DT_VUT_25,RECO_DT_VUT_50,RECO_DT_VUT_75,GPP_DT_VUT_REF,GPP_DT_VUT_25,GPP_DT_VUT_50,GPP_DT_VUT_75,RECO_SR,RECO_SR_N
200201,-0.63,1.0,126.174,41.805,1.0,283.321,0.0,0.799,1.0,97.783,1.0,1.904,1.0,1.975,1.0,-9999,-9999,-9999,-9999,-9999,-9999,-9999,-9999,-9999,-9999,-9999,-9999,-9999,-9999,-0.161,-0.24,0.814,1.0,1.0,1.0,-9999,-9999,46.293,-9999,-9999,1.0,-9999,1.0,10.4552,0.131048,-9999,0.434533,-3.28029,0.163978,-9999,0.421369,0.474343,0.0967742,0.0325275,0.374516,0.464295,0.49666,0.0947581,0.0967742,0.0967742,0.923347,0.923134,0.93228,0.959841,0.467902,0.381329,0.467271,0.573446,1.80142,1.38282,1.65141,1.80089,0.91156,0.726292,0.855768,0.910273,-9999,-9999
200202,4.584,1.0,189.707,71.061,1.0,316.861,0.0,1.763,1.0,96.901,1.0,5.529,1.0,3.485,0.999256,-9999,-9999,-9999,-9999,-9999,-9999,-9999,-9999,-9999,-9999,-9999,-9999,389.495,0.998512,4.271,4.132,4.234,1.0,1.0,1.0,46.273,48.361,49.526,1.0,1.0,1.0,-9999,1.0,29.248,0.994792,-9999,0.401434,-12.0088,0.997024,-9999,0.335127,0.270633,0.988095,0.0219592,0.233802,0.270568,0.272393,0.994792,0.985119,0.995536,1.74234,1.7351,1.75055,1.75452,1.48416,1.47548,1.48138,1.48551,1.66321,1.53168,1.58651,1.61041,1.67335,1.60906,1.63565,1.65214,-9999,-9999
200203,6.081,1.0,282.185,145.958,1.0,303.306,0.0,2.901,1.0,96.966,1.0,3.313,1.0,2.552,1.0,-9999,-9999,-9999,-9999,-9999,-9999,-9999,-9999,-9999,-9999,-9999,-9999,395.306,0.981855,7.038,7.0,6.704,1.0,1.0,1.0,43.281,46.439,47.712,1.0,1.0,1.0,-9999,1.0,48.8349,0.936156,-9999,0.424174,2.18824,0.939516,-9999,0.317859,-1.8521,0.816532,0.0389335,-1.8838,-1.85171,-1.83965,0.822581,0.816532,0.811156,2.64105,2.69163,2.69652,2.7061,4.55586,4.53692,4.5478,4.56803,2.80787,2.62243,2.70134,2.8069,5.56936,5.4108,5.45027,5.55771,-9999,-9999
200204,8.396,0.977778,379.028,181.26,0.977778,311.709,0.0,4.175,0.977083,96.574,1.0,1.46,1.0,2.527,0.977083,-9999,-9999,-9999,-9999,-9999,-9999,-9999,-9999,-9999,-9999,-9999,-9999,387.823,0.905556,9.543,9.312,8.918,1.0,1.0,1.0,32.92,36.961,43.312,1.0,1.0,1.0,-9999,1.0,61.93,0.882639,-9999,0.481634,6.43907,0.879167,-9999,0.289477,-5.79535,0.797222,0.0569048,-5.96085,-5.84517,-5.79666,0.802083,0.809722,0.795139,4.07061,3.94649,4.07065,4.27894,10.0674,9.91605,9.94395,10.0741,3.13422,2.72679,3.14079,3.4823,9.45379,9.20728,9.45475,9.61097,-9999,-9999
200205,12.32,0.533602,452.272,187.623,0.534946,340.591,0.0,3.926,0.533602,96.643,1.0,3.967,1.0,1.732,0.52957,0.16870854857,0.574596774194,-9999,-9999,-9999,-9999,-9999,-9999,-9999,-9999,-9999,-9999,385.847,0.844758,14.32,13.8,13.095,0.977151,0.977151,0.977151,39.633,42.129,44.336,0.977151,0.977151,0.977151,-9999,1.0,74.59,0.780242,-9999,0.522965,13.0164,0.952957,-9999,0.360553,-3.38583,0.622984,0.164837,-3.41533,-3.29797,-3.13414,0.609543,0.630376,0.530242,7.76573,7.29227,7.76515,7.91991,11.3824,10.5443,11.0631,11.3806,4.89269,4.39872,4.84575,5.10147,4.59454,4.2274,4.59454,4.71373,-9999,-9999
200206,18.204,1.0,485.194,257.924,1.0,354.618,0.0,6.934,1.0,96.853,1.0,1.543,1.0,1.863,1.0,-9999,-9999,-9999,-9999,-9999,-9999,-9999,-9999,-9999,-9999,-9999,-9999,401.123,0.360417,18.484,17.918,16.661,0.970139,0.970139,0.970139,34.189,39.563,41.588,0.970139,0.970139,0.970139,-9999,1.0,106.698,0.342361,-9999,0.599948,8.44735,0.342361,-9999,0.34294,-2.41692,0.136111,0.177686,-2.56991,-2.41795,-2.24542,0.184028,0.136111,0.135417,8.81315,7.76619,8.81315,9.68743,11.657,10.5984,11.3099,12.5051,2.82922,2.69025,2.93154,4.60289,7.1754,7.00168,7.20855,7.554,-9999,-9999
200207,17.783,1.0,469.437,224.668,1.0,358.784,0.0,6.403,1.0,96.767,1.0,4.014,1.0,2.045,1.0,-9999,-9999,-9999,-9999,-9999,-9999,-9999,-9999,-9999,-9999,-9999,-9999,387.252,0.983871,19.313,18.88,18.075,1.0,1.0,1.0,27.835,34.03,38.694,1.0,1.0,1.0,-9999,1.0,100.647,0.965054,-9999,0.564344,1.29016,0.977151,-9999,0.360057,-3.49393,0.899866,0.071751,-3.545,-3.44167,-3.32157,0.897849,0.900538,0.930108,7.98952,7.8538,7.97456,8.9548,11.3828,11.2874,11.3555,12.3705,7.94731,6.22669,7.6169,7.96327,11.5623,10.3849,11.2654,11.525,-9999,-9999
200208,17.04,1.0,409.146,190.237,1.0,359.631,0.0,4.499,1.0,96.746,1.0,4.44,1.0,1.803,1.0,0.155581396218,0.608198924731,-9999,-9999,-9999,-9999,-9999,-9999,-9999,-9999,-9999,-9999,400.897,1.0,18.794,18.373,17.752,1.0,1.0,1.0,36.115,41.404,42.73,1.0,1.0,1.0,-9999,1.0,72.9349,0.999328,-9999,0.585776,10.7381,1.0,-9999,0.414745,-0.842395,0.943548,0.116631,-0.846865,-0.805102,-0.772614,0.96707,0.97043,0.96707,7.68145,7.43893,7.65195,7.75413,8.51307,8.23582,8.49378,8.52754,6.13817,6.32008,6.52123,7.21935,7.41373,7.43191,7.52249,7.88303,-9999,-9999
200209,12.666,1.0,320.985,132.277,1.0,338.682,0.0,2.914,1.0,96.959,1.0,4.607,1.0,2.046,1.0,0.162529785254,0.68125,-9999,-9999,-9999,-9999,-9999,-9999,-9999,-9999,-9999,-9999,387.245,0.997222,14.904,14.976,15.461,1.0,1.0,1.0,38.223,42.057,44.642,1.0,1.0,1.0,-9999,1.0,54.6837,0.988889,-9999,0.474979,0.511834,0.995139,-9999,0.342146,-1.1047,0.949306,0.0600679,-1.11383,-1.09678,-1.07993,0.955556,0.956944,0.952083,5.76567,5.74723,5.77492,5.90176,6.99607,6.82145,6.87578,6.98988,5.23819,5.03104,5.24557,5.3758,6.55054,6.55827,6.58316,6.66902,-9999,-9999
200210,9.169,1.0,224.433,89.384,1.0,331.918,0.0,1.802,1.0,96.699,1.0,6.572,1.0,2.145,1.0,0.172102195369,0.686827956989,-9999,-9999,-9999,-9999,-9999,-9999,-9999,-9999,-9999,-9999,391.658,0.99328,10.7,10.729,11.416,1.0,1.0,1.0,44.391,48.64,49.125,1.0,1.0,1.0,-9999,1.0,35.9852,0.987903,-9999,0.42598,-5.51706,0.992608,-9999,0.367643,-1.54669,0.97043,0.0454984,-1.55737,-1.54669,-1.53827,0.972446,0.97043,0.97043,3.80272,3.78801,3.82114,3.86443,5.41936,5.33965,5.36731,5.41936,3.30081,3.4905,3.5835,3.72805,5.30245,5.3469,5.42706,5.49636,-9999,-9999
200211,5.532,1.0,145.611,29.147,1.0,328.072,0.0,0.375,1.0,96.296,1.0,8.266,1.0,1.845,1.0,0.143500571913,0.711111111111,-9999,-9999,-9999,-9999,-9999,-9999,-9999,-9999,-9999,-9999,407.54,0.997917,7.274,7.347,8.275,1.0,1.0,1.0,46.456,50.705,51.871,1.0,1.0,1.0,-9999,1.0,11.4775,0.998611,-9999,0.252049,-3.85649,0.998611,-9999,0.267575,-0.261599,0.980556,0.0312612,-0.328279,-0.279937,-0.261599,0.986111,0.977778,0.980556,2.19905,2.2224,2.26066,2.29162,2.55419,2.52557,2.54573,2.55676,2.30536,2.13389,2.31919,2.63527,2.77194,2.71115,2.77936,2.86863,-9999,-9999
200212,3.331,1.0,109.169,17.988,1.0,316.77,0.0,0.338,1.0,96.762,1.0,3.145,1.0,2.404,1.0,0.181996545825,0.503360215054,-9999,-9999,-9999,-9999,-9999,-9999,-9999,-9999,-9999,-9999,397.413,0.999328,4.772,4.819,5.659,1.0,1.0,1.0,46.104,51.129,50.876,1.0,1.0,1.0,-9999,1.0,11.0826,0.997984,-9999,0.213247,-5.77107,0.998656,-9999,0.224876,0.284394,0.99664,0.0197864,0.27376,0.280966,0.28897,0.99664,0.99664,0.99664,1.47858,1.46917,1.48045,1.49942,1.18052,1.188,1.1984,1.20979,1.70145,1.40378,1.51524,1.62892,1.38036,1.30726,1.32627,1.37174,-9999,-9999
200301,-0.307,1.0,126.174,35.814,1.0,297.624,0.0,0.717,1.0,96.807,1.0,3.904,1.0,2.96,1.0,-9999,-9999,-9999,-9999,-9999,-9999,-9999,-9999,-9999,-9999,-9999,-9999,391.385,0.477823,1.112,1.312,2.67,1.0,1.0,1.0,47.207,50.023,49.701,0.954301,0.954301,1.0,-9999,1.0,16.5459,0.456989,-9999,0.21744,-6.47215,0.465726,-9999,0.222458,0.553473,0.444892,0.012174,0.526528,0.553473,0.60797,0.442204,0.444892,0.444892,1.39588,1.39157,1.39558,1.41248,0.871615,0.772208,0.812699,0.880082,1.33769,0.967201,1.31482,1.32654,0.344994,0.254531,0.344281,0.347017,-9999,-9999
200302,-2.965,0.971726,189.707,79.604,0.973214,267.244,0.0,0.907,0.971726,97.131,1.0,2.312,1.0,2.275,0.958333,-9999,-9999,-9999,-9999,-9999,-9999,-9999,-9999,-9999,-9999,-9999,-9999,419.555,0.950149,0.199,0.466,1.314,0.97619,0.97619,0.97619,46.369,48.308,49.263,0.779762,0.957589,1.0,-9999,1.0,5.59619,0.91369,-9999,0.138575,-3.78734,0.926339,-9999,0.167135,0.522699,0.776786,0.00731076,0.411709,0.522699,0.687578,0.751488,0.776786,0.787946,1.0106,1.00495,1.01072,1.06202,0.521279,0.316433,0.348632,0.580276,1.03783,0.98015,1.06136,1.12838,0.313996,0.31129,0.342558,0.365171,-9999,-9999
200303,6.476,1.0,282.185,161.123,1.0,294.314,0.0,3.729,1.0,97.395,1.0,1.2,1.0,2.416,1.0,-9999,-9999,-9999,-9999,-9999,-9999,-9999,-9999,-9999,-9999,-9999,-9999,403.62,0.888441,6.1,5.69,5.246,1.0,1.0,1.0,33.18,39.612,47.326,0.994624,1.0,1.0,-9999,1.0,33.6043,0.849462,-9999,0.389661,7.11931,0.858871,-9999,0.301605,-0.730714,0.723118,0.0748988,-0.769825,-0.755794,-0.693047,0.715054,0.691532,0.736559,2.77089,2.77089,2.80316,2.9671,3.55281,3.50156,3.56746,3.64307,1.56253,1.56253,1.69031,1.80478,2.84174,2.80475,2.90376,2.95833,-9999,-9999
200304,8.831,1.0,379.028,197.606,1.0,302.502,0.634722,4.432,1.0,96.693,1.0,2.381,1.0,2.441,1.0,0.206897862467,0.627083333333,-9999,-9999,-9999,-9999,-9999,-9999,-9999,-9999,-9999,-9999,396.934,1.0,9.67,9.455,8.91,1.0,1.0,1.0,27.385,31.368,42.568,1.0,1.0,1.0,-9999,1.0,69.6922,0.999306,-9999,0.458913,5.12675,1.0,-9999,0.420766,-4.87198,0.974306,0.0562578,-4.92442,-4.87743,-4.8309,0.981944,0.975694,0.974306,5.53723,5.51695,5.55462,5.58438,10.4269,10.4269,10.4371,10.4513,5.98488,5.52531,5.89067,6.03466,10.6963,10.6649,10.7044,10.8808,-9999,-9999
200305,13.889,1.0,452.272,205.43,1.0,346.375,1.0,4.267,1.0,97.003,1.0,2.213,1.0,1.953,0.99664,0.194489882502,0.532930107527,111.61700509,0.999327956989,408.572292105,0.998655913978,-9999,-9999,46.7766920899,0.999327956989,393.341146362,0.999327956989,396.594,0.998656,14.32,13.704,12.758,1.0,1.0,1.0,28.761,30.786,37.442,1.0,1.0,1.0,-9999,1.0,78.8754,0.989919,-9999,0.566158,5.59583,0.993952,-9999,0.410981,-4.46535,0.938172,0.070489,-4.46535,-4.43446,-4.41638,0.938172,0.936828,0.960349,7.17445,7.14673,7.17649,7.24868,11.7327,11.5853,11.6435,11.6708,7.09301,6.59991,6.85899,7.26873,11.6961,11.2451,11.4276,11.6961,-9999,-9999
200306,22.127,1.0,485.194,293.908,1.0,363.164,1.0,11.36,1.0,96.834,1.0,0.44,1.0,2.181,1.0,0.195196376471,0.536111111111,144.061929375,1.0,581.429730556,1.0,-9999,-9999,60.4844041667,1.0,452.588266667,1.0,383.465,1.0,25.67,24.179,21.484,1.0,1.0,1.0,17.901,21.791,32.688,1.0,1.0,1.0,-9999,1.0,94.1318,0.996528,-9999,0.576144,27.8573,0.996528,-9999,0.407648,0.798726,0.902778,0.111842,0.654722,0.798455,0.827062,0.876389,0.902778,0.919444,6.88178,6.37897,6.77468,6.80007,5.78562,5.78562,5.95671,6.01449,5.11908,4.99844,5.49851,5.92039,4.78035,4.75928,5.16302,5.65633,-9999,-9999
200307,19.954,1.0,469.437,248.031,1.0,361.356,1.0,9.716,1.0,96.898,1.0,3.669,1.0,2.012,0.999328,0.183524447245,0.536962365591,128.337608968,0.998655913978,471.565850635,0.994623655914,-9999,-9999,47.1262943548,1.0,433.794049059,1.0,387.569,0.997984,22.836,21.576,20.983,1.0,1.0,1.0,15.403,18.622,28.304,1.0,1.0,1.0,-9999,1.0,91.7832,0.995296,-9999,0.540319,21.1323,0.997312,-9999,0.377358,0.794215,0.829973,0.0494428,0.521027,0.808357,1.12595,0.868952,0.856855,0.84879,9.12257,6.81177,9.10769,9.1155,7.92942,6.29074,7.9427,8.10807,4.38317,3.69738,4.22557,4.88787,5.17258,4.78678,5.14355,5.57365,-9999,-9999
200308,22.002,1.0,409.146,235.335,1.0,364.126,1.0,12.551,1.0,96.949,1.0,2.143,1.0,1.742,0.997984,-9999,-9999,112.223708871,1.0,441.302474691,0.999327956989,-9999,-9999,40.6824448925,1.0,446.685512097,1.0,406.566,0.999328,23.169,21.701,21.702,1.0,1.0,1.0,13.529,17.816,26.543,1.0,1.0,1.0,-9999,1.0,70.8394,0.997984,-9999,0.523557,28.152,0.997984,-9999,0.351385,2.5264,0.813172,0.0392154,2.49017,2.54909,2.58993,0.829301,0.825941,0.81586,7.4671,7.46154,7.47179,7.75411,4.88244,4.90004,4.93556,5.03937,3.02296,3.02454,3.33119,3.86046,2.72741,2.47565,2.60368,2.85424,-9999,-9999
200309,14.017,1.0,320.985,173.706,1.0,329.392,1.0,4.774,1.0,97.229,1.0,1.661,1.0,1.83,1.0,0.169921356102,0.55,72.2253640685,0.998611111111,318.241179167,1.0,-9999,-9999,38.4978146424,0.999305555556,392.003274215,0.998611111111,393.661,1.0,15.607,15.36,16.238,1.0,1.0,1.0,16.153,19.421,26.062,1.0,1.0,1.0,-9999,1.0,60.8591,0.988194,-9999,0.497781,7.25372,1.0,-9999,0.385809,-1.50197,0.938889,0.0531372,-1.71982,-1.50524,-1.38117,0.963889,0.941667,0.929861,6.61652,6.50913,6.69397,7.15933,8.6,8.18034,8.26934,8.53694,7.73138,6.33928,7.05657,7.69832,8.61038,7.97717,8.29859,8.43512,-9999,-9999
200310,6.004,1.0,224.433,72.25,0.994624,322.885,1.0,1.083,1.0,96.525,1.0,5.823,1.0,2.141,1.0,0.171287028902,0.624327956989,24.6696940474,0.999327956989,131.71404304,0.998655913978,-9999,-9999,17.1439260753,1.0,354.110829301,1.0,395.722,0.998656,8.256,8.624,10.36,1.0,1.0,1.0,29.38,31.939,33.68,1.0,1.0,1.0,-9999,1.0,29.7623,1.0,-9999,0.376426,-0.140998,0.999328,-9999,0.325011,0.678013,0.979839,0.047353,0.660299,0.67891,0.727123,0.983871,0.979839,0.978495,4.04197,4.02689,4.04749,4.05664,3.36733,3.20877,3.36176,3.37511,3.19335,3.16042,3.22112,3.64755,3.05579,3.03203,3.1018,3.21595,-9999,-9999
200311,3.649,0.983333,145.611,44.368,0.986111,319.235,0.982639,0.335,0.983333,96.899,1.0,1.704,1.0,1.624,0.916667,-9999,-9999,11.2878813491,0.928472222222,71.2050408951,0.9,-9999,-9999,9.27896111111,1.0,343.068239177,0.930555555556,419.266,0.981944,5.18,5.324,6.636,0.983333,0.983333,0.983333,35.35,39.462,41.94,0.983333,0.983333,0.983333,-9999,1.0,11.5434,0.979861,-9999,0.203136,1.54033,0.982639,-9999,0.227817,0.1946,0.900694,0.0190852,0.157833,0.207453,0.330356,0.927778,0.924306,0.850694,2.06818,1.96954,2.05128,2.15316,1.74784,1.77494,1.84805,1.90827,2.70798,2.35902,2.71985,3.21001,2.15512,2.06694,2.18292,2.32495,-9999,-9999
200312,0.285,1.0,109.169,40.068,1.0,289.833,1.0,0.334,1.0,97.062,1.0,1.846,1.0,2.191,0.998656,-9999,-9999,-4.45703386873,0.997983870968,67.901228405,0.997983870968,-9999,-9999,10.9194032258,1.0,323.044883065,1.0,413.882,1.0,1.524,1.872,3.442,1.0,1.0,1.0,36.7,41.435,43.337,0.983199,0.995968,1.0,-9999,1.0,13.28,0.997312,-9999,0.251481,-7.20225,0.998656,-9999,0.290138,0.154988,0.936156,0.0192638,0.131506,0.146827,0.199548,0.936156,0.947581,0.939516,1.30212,1.27756,1.28468,1.31847,1.11679,1.10839,1.13612,1.16713,2.06944,2.09637,2.13321,2.23643,1.67814,1.61111,1.67577,1.70009,-9999,-9999
200401,0.38,1.0,126.174,37.362,0.995296,301.908,1.0,0.345,1.0,96.415,1.0,8.645,1.0,2.708,1.0,-9999,-9999,-4.44624589553,0.999327956989,70.536202957,1.0,-9999,-9999,23.0352802419,1.0,321.132285618,1.0,399.095,0.995968,1.459,1.374,2.492,1.0,1.0,1.0,43.259,46.893,48.769,1.0,1.0,1.0,-9999,1.0,12.9612,0.989247,-9999,0.291059,-13.9511,0.99328,-9999,0.304237,0.542214,0.971102,0.0170819,0.504078,0.528213,0.544483,0.961694,0.980511,0.975806,1.18935,1.08843,1.16628,1.18701,0.620184,0.618811,0.632373,0.648373,1.39125,1.21422,1.24518,1.28462,0.923708,0.867296,0.9029,1.09298,-9999,-9999
200402,0.91,1.0,191.188,90.045,0.997126,274.316,0.935345,0.977,1.0,97.132,1.0,1.271,1.0,2.329,1.0,-9999,-9999,-0.522929603659,0.512212643678,167.163380747,1.0,-9999,-9999,44.6040439363,0.512212643678,322.321901457,0.512212643678,406.598,0.997845,1.485,1.438,2.244,1.0,1.0,1.0,41.79,45.507,47.934,1.0,1.0,1.0,-9999,1.0,15.0672,0.988506,-9999,0.401309,-11.0997,0.99569,-9999,0.412953,-0.0958212,0.961207,0.0254384,-0.11906,-0.108111,-0.0990191,0.965517,0.94181,0.953305,1.36746,1.33228,1.36338,1.37624,1.47671,1.44732,1.47194,1.49826,1.32852,1.36927,1.39618,1.4762,1.65477,1.66679,1.68402,1.84488,-9999,-9999
200403,3.719,1.0,285.49,135.059,1.0,287.343,1.0,1.813,1.0,97.174,1.0,1.721,1.0,2.286,0.999328,0.186110400366,0.542338709677,49.720103125,1.0,251.648489919,1.0,-9999,-9999,29.6559422043,1.0,343.186382392,1.0,401.537,1.0,4.576,4.175,4.42,1.0,1.0,1.0,38.399,43.033,44.294,1.0,1.0,1.0,-9999,1.0,39.9802,0.999328,-9999,0.411351,4.80963,0.998656,-9999,0.312724,-1.66943,0.940188,0.0399012,-1.6867,-1.66929,-1.65558,0.96707,0.961022,0.936828,3.18452,3.10903,3.16397,3.1781,4.85159,4.78579,4.81494,4.84867,2.20623,2.17474,2.25668,2.46571,4.16232,4.11752,4.16247,4.32888,-9999,-9999
200404,8.945,1.0,381.919,192.416,1.0,306.03,1.0,3.504,1.0,96.43,1.0,1.244,1.0,2.77,0.999306,0.230209518508,0.554166666667,87.8799366546,0.996527777778,362.627514583,1.0,-9999,-9999,43.2946500646,0.996527777778,366.119191328,0.996527777778,394.036,1.0,8.903,8.368,8.385,1.0,1.0,1.0,31.282,34.921,41.915,1.0,1.0,1.0,-9999,1.0,77.7511,0.998611,-9999,0.543124,-0.215964,1.0,-9999,0.44002,-6.38653,0.985417,0.0593593,-6.46867,-6.38514,-6.33027,0.98125,0.985417,0.986111,6.6163,6.34164,6.36613,6.51246,12.8885,12.7033,12.8365,12.8813,5.59809,5.51188,5.74948,6.02057,11.954,11.8975,12.0333,12.1951,-9999,-9999
200405,11.612,1.0,454.061,220.568,1.0,320.547,1.0,4.302,1.0,96.64,1.0,3.229,1.0,2.118,1.0,0.204061888622,0.601478494624,109.457760618,1.0,416.911721102,1.0,-9999,-9999,47.9404200269,1.0,383.829129704,1.0,394.679,0.999328,13.544,12.862,12.431,1.0,1.0,1.0,29.532,33.377,37.426,1.0,1.0,1.0,-9999,1.0,79.8425,0.998656,-9999,0.476444,10.8967,0.997984,-9999,0.370204,-2.55105,0.932796,0.0663061,-2.54782,-2.53103,-2.48179,0.956989,0.952957,0.915995,6.4209,6.29856,6.34068,6.4209,8.86254,8.81512,8.88255,8.95486,5.86186,4.86452,5.3164,5.9749,8.21676,7.5434,7.92115,8.23057,-9999,-9999
200406,15.926,1.0,485.459,229.779,1.0,350.765,1.0,4.954,1.0,97.039,1.0,3.469,1.0,2.022,0.997917,0.186542484369,0.602777777778,123.08856059,1.0,440.627763436,0.998611111111,-9999,-9999,50.8006715278,1.0,406.686443056,1.0,390.935,0.997917,17.025,16.365,15.657,1.0,1.0,1.0,34.665,38.028,40.154,1.0,1.0,1.0,-9999,1.0,96.7476,0.990972,-9999,0.690971,5.52149,0.999306,-9999,0.44407,-3.21222,0.922222,0.098686,-3.37211,-3.28002,-3.19887,0.900694,0.911111,0.910417,8.19115,7.7228,8.14285,8.2248,11.5043,11.112,11.3751,11.5043,6.96809,7.00253,7.16003,7.29685,10.483,10.5376,10.6093,10.7332,-9999,-9999
200407,17.536,1.0,468.128,226.215,1.0,359.243,1.0,5.47,1.0,96.959,1.0,2.616,1.0,1.922,0.997984,0.172447988823,0.586693548387,122.239015457,1.0,433.120522368,0.997983870968,-9999,-9999,44.9842580645,1.0,418.445649194,1.0,392.101,0.997312,19.374,18.975,18.47,1.0,1.0,1.0,30.331,34.806,39.081,1.0,1.0,1.0,-9999,1.0,99.8963,0.997312,-9999,0.581529,5.19769,0.99664,-9999,0.340125,-1.69029,0.829973,0.115722,-1.80448,-1.69994,-1.64266,0.934812,0.90793,0.910618,8.51813,7.92203,8.10818,8.32292,9.79567,9.75104,9.81279,9.84634,6.73694,6.97376,7.78937,8.45933,9.29879,9.33417,9.59949,10.0524,-9999,-9999
200408,18.123,1.0,406.612,192.511,1.0,370.486,1.0,4.81,1.0,96.705,1.0,4.368,1.0,1.816,0.997312,-9999,-9999,103.16613461,1.0,375.016491935,1.0,-9999,-9999,41.006749328,1.0,418.965782258,1.0,400.721,0.981183,19.275,18.712,18.552,1.0,1.0,1.0,30.68,34.156,34.472,1.0,1.0,1.0,-9999,1.0,83.8798,0.977151,-9999,0.540458,5.76477,0.982527,-9999,0.276672,-0.887838,0.894489,0.0551535,-0.940948,-0.883769,-0.845432,0.850806,0.941532,0.9375,8.01065,7.83433,8.01308,8.09856,9.00206,8.65222,8.95348,9.00813,8.07409,6.49991,7.61386,8.54105,8.74914,7.69251,8.43917,8.50261,-9999,-9999
200409,14.797,1.0,317.823,158.04,1.0,345.376,1.0,3.972,1.0,97.268,1.0,2.203,1.0,1.928,1.0,-9999,-9999,69.7124123958,1.0,303.150749306,1.0,-9999,-9999,34.3310784722,1.0,399.563850694,1.0,396.129,0.974306,17.106,16.666,17.021,1.0,1.0,1.0,34.303,34.391,36.997,1.0,1.0,1.0,-9999,1.0,61.7251,0.961111,-9999,0.453423,4.23868,0.963889,-9999,0.278011,-0.755293,0.860417,0.0448214,-0.965224,-0.897663,-0.590824,0.865972,0.840972,0.748611,6.40976,5.97819,6.37057,6.40976,7.25318,6.94751,7.03124,7.3115,5.18342,4.80505,5.16914,5.59171,6.1987,5.87755,6.06573,6.35022,-9999,-9999
200410,10.778,1.0,221.416,75.816,1.0,349.507,1.0,0.858,1.0,96.519,1.0,5.952,1.0,1.743,1.0,0.136058525074,0.564516129032,33.4113778206,0.900537634409,144.927605139,0.999327956989,-9999,-9999,18.8812635281,0.900537634409,376.614673363,0.900537634409,410.341,1.0,12.735,12.614,13.32,1.0,1.0,1.0,42.14,42.929,42.657,1.0,1.0,1.0,-9999,1.0,26.6842,1.0,-9999,0.294695,-0.345008,1.0,-9999,0.245228,-0.894886,0.925403,0.0365984,-0.928274,-0.906545,-0.884547,0.956989,0.946909,0.915995,4.43165,4.34171,4.49309,4.53529,5.39008,5.27208,5.37256,5.41017,4.89466,4.57637,4.72766,5.04547,5.6823,5.36296,5.66312,5.73627,-9999,-9999
200411,3.876,1.0,143.642,42.702,1.0,310.371,1.0,0.516,1.0,97.246,1.0,0.598,1.0,2.002,1.0,-9999,-9999,1.7624793484,0.999305555556,79.0267786791,0.999305555556,-9999,-9999,9.62844930556,1.0,341.672676389,1.0,399.207,1.0,5.894,6.084,7.434,1.0,1.0,1.0,44.084,46.352,43.737,1.0,1.0,1.0,-9999,1.0,16.537,1.0,-9999,0.277662,-3.65429,1.0,-9999,0.292611,0.00287194,0.197917,0.0357757,-0.0336791,-0.0069966,0.00379665,0.197917,0.197917,0.197917,1.84249,1.84313,1.85679,1.8676,1.8693,1.85143,1.86084,1.92581,3.0049,1.87494,2.85437,2.88855,3.54711,3.37337,3.52562,3.53459,-9999,-9999
200412,0.212,1.0,108.847,23.712,1.0,308.389,1.0,0.189,1.0,97.134,1.0,2.352,1.0,2.096,0.939516,-9999,-9999,-1.61614881964,0.999327956989,44.9559054768,0.938844086022,-9999,-9999,9.37220362903,1.0,324.364140457,1.0,399.155,0.99328,2.362,2.441,3.692,1.0,1.0,1.0,45.517,48.58,45.403,1.0,1.0,1.0,-9999,1.0,9.1082,0.987903,-9999,0.21336,-4.28474,0.999328,-9999,0.234016,0.750253,0.11828,0.0217521,0.687827,0.752264,0.818181,0.104167,0.120296,0.142473,1.22621,1.227,1.24388,1.25729,0.489345,0.468516,0.531925,0.632733,2.61869,1.2733,2.4341,2.45498,2.32237,2.18199,2.30605,2.32016,-9999,-9999
200501,-0.523,1.0,126.174,52.769,1.0,286.707,1.0,0.53,1.0,97.532,1.0,2.367,1.0,2.383,1.0,-9999,-9999,-3.02069412131,0.995967741935,96.2215887097,1.0,-9999,-9999,23.6064818548,1.0,317.836643817,1.0,404.3,1.0,1.548,1.511,2.549,1.0,1.0,1.0,46.185,49.322,45.78,1.0,1.0,1.0,-9999,1.0,10.8664,0.995296,-9999,0.195897,-7.8035,0.997312,-9999,0.279361,0.338848,0.980511,0.0133807,0.316912,0.346038,0.376263,0.979167,0.981855,0.981183,1.01193,0.9556,0.974942,1.02218,0.630155,0.628516,0.637472,0.646797,0.938296,1.05597,1.23105,1.28654,0.69191,0.715871,0.77219,0.788995,-9999,-9999
200502,-1.971,1.0,189.707,83.082,1.0,282.813,1.0,0.527,1.0,96.879,1.0,3.733,1.0,2.266,0.997768,-9999,-9999,-1.64555691964,1.0,154.512587323,0.999255952381,-9999,-9999,59.949813244,1.0,307.810395089,1.0,407.838,0.998512,0.554,0.578,1.436,1.0,1.0,1.0,46.544,49.691,47.221,1.0,1.0,1.0,-9999,1.0,6.89095,0.985863,-9999,0.144172,-11.4878,0.991815,-9999,0.278465,0.863549,0.87128,0.0113469,0.818318,0.848304,0.911593,0.892857,0.880208,0.83631,1.09517,1.05731,1.11134,1.15275,0.251944,0.226884,0.244787,0.264973,2.07516,1.52427,1.55871,1.87769,0.56602,0.337044,0.384553,0.475239,-9999,-9999
200503,4.33,1.0,282.185,149.535,1.0,290.971,1.0,1.721,1.0,96.832,1.0,1.174,1.0,1.839,1.0,-9999,-9999,38.5758896169,1.0,271.828853495,1.0,-9999,-9999,61.1766081989,1.0,341.071163306,1.0,405.187,1.0,5.239,4.669,4.512,1.0,1.0,1.0,44.242,48.985,46.153,1.0,1.0,1.0,-9999,1.0,27.2903,0.997312,-9999,0.333736,-1.92317,0.997984,-9999,0.341525,0.398214,0.858871,0.037658,0.37088,0.387294,0.404105,0.877688,0.875672,0.862231,2.74623,2.54528,2.6941,2.77838,2.23271,2.18348,2.30636,2.36457,3.59482,2.82046,3.0975,3.39714,2.73704,2.35689,2.62173,2.69873,-9999,-9999
200504,8.469,1.0,379.028,158.985,1.0,316.224,1.0,2.47,1.0,96.604,1.0,3.606,1.0,2.292,0.993056,0.210026601654,0.535416666667,75.5206565972,1.0,285.509942692,0.991666666667,-9999,-9999,35.0169458333,1.0,364.965122917,1.0,405.31,0.996528,9.495,9.129,8.972,1.0,1.0,1.0,44.278,48.078,45.91,1.0,1.0,1.0,-9999,1.0,58.1989,0.981944,-9999,0.478326,4.27233,0.996528,-9999,0.342464,-3.95366,0.925,0.0547837,-4.04824,-4.0027,-3.97656,0.952778,0.924306,0.936111,5.12246,5.05496,5.11388,5.12468,9.11224,9.07394,9.11117,9.12827,5.17149,5.0714,5.25188,5.56213,8.98089,8.96076,9.04033,9.35736,-9999,-9999
200505,13.04,1.0,452.272,209.173,0.99664,333.628,1.0,4.005,1.0,96.911,1.0,2.414,1.0,2.128,1.0,0.182542362078,0.531586021505,107.342073992,1.0,387.765256048,1.0,-9999,-9999,43.7227016129,1.0,391.737164651,1.0,405.498,0.999328,14.937,14.249,13.422,1.0,1.0,1.0,42.321,44.392,43.782,1.0,1.0,1.0,-9999,1.0,83.1216,0.995296,-9999,0.575237,5.34941,0.998656,-9999,0.434155,-1.87796,0.877016,0.0686331,-1.96507,-1.92355,-1.903,0.856855,0.924059,0.912634,6.59672,6.36977,6.5243,6.56545,8.40945,8.34904,8.42286,8.47075,6.14462,6.07867,6.65243,6.94901,7.87579,7.85864,8.266,8.39329,-9999,-9999
200506,18.171,1.0,485.194,276.168,0.997917,344.673,1.0,7.625,1.0,96.99,1.0,1.562,1.0,2.193,0.999306,-9999,-9999,138.85068926,0.999305555556,523.534712293,0.999305555556,-9999,-9999,63.3769340278,1.0,418.860446528,1.0,403.667,0.995139,19.303,18.633,17.907,1.0,1.0,1.0,29.123,30.834,37.363,1.0,1.0,1.0,-9999,1.0,109.669,0.994444,-9999,0.668685,12.9295,0.99375,-9999,0.467431,-2.66187,0.898611,0.149589,-2.71309,-2.63326,-2.55025,0.91875,0.914583,0.8375,8.19222,7.93462,8.06812,8.22087,10.4889,10.568,10.7417,10.859,7.37414,6.90475,7.10511,7.44746,10.5265,10.1858,10.4062,10.6382,-9999,-9999
200507,18.133,1.0,469.437,220.577,1.0,365.43,1.0,5.758,1.0,96.749,1.0,3.104,1.0,1.94,0.997312,0.181490294116,0.610215053763,119.568154551,0.997983870968,408.320915275,0.997983870968,-9999,-9999,44.7096579301,1.0,421.685410618,1.0,409.097,0.999328,20.692,20.079,19.718,1.0,1.0,1.0,25.144,28.848,32.573,1.0,1.0,1.0,-9999,1.0,91.7211,0.963038,-9999,0.547898,10.7358,0.99664,-9999,0.337022,-0.042638,0.928091,0.0926361,-0.203864,-0.12125,0.0318664,0.925403,0.928091,0.882392,8.31145,8.20842,8.29638,8.33592,8.27722,8.19357,8.41232,8.46965,7.19191,6.76302,6.95015,7.19637,8.02719,7.56737,7.86892,8.04446,-9999,-9999
200508,16.287,1.0,409.146,185.647,1.0,355.329,1.0,4.233,1.0,96.843,1.0,3.394,1.0,2.069,0.963038,0.194033861743,0.510752688172,94.9722045127,0.998655913978,335.315655555,0.934139784946,-9999,-9999,38.3606182796,1.0,407.948615591,1.0,388.481,1.0,18.247,18.03,18.378,1.0,1.0,1.0,28.108,30.804,34.149,1.0,1.0,1.0,-9999,1.0,80.073,0.994624,-9999,0.554459,5.32902,0.998656,-9999,0.365014,-0.725173,0.947581,0.0492635,-0.872496,-0.725661,-0.607158,0.957661,0.953629,0.889113,6.91526,6.73517,6.96794,7.30781,7.84809,7.61323,7.69052,7.86068,6.67161,6.71366,6.86498,7.12603,7.90942,7.87514,7.96408,8.09235,-9999,-9999
200509,15.131,1.0,320.985,144.527,1.0,351.974,1.0,2.992,1.0,96.929,1.0,2.643,1.0,1.84,0.999306,0.166437298012,0.536805555556,60.5702455208,1.0,266.397687047,0.998611111111,-9999,-9999,31.7475361111,1.0,404.19795625,1.0,405.136,1.0,17.283,17.077,17.621,1.0,1.0,1.0,27.602,30.855,35.755,1.0,1.0,1.0,-9999,1.0,56.6609,1.0,-9999,0.434368,6.10984,0.999306,-9999,0.294473,0.564943,0.953472,0.0341563,0.566059,0.590588,0.600989,0.970139,0.977778,0.96875,6.02623,6.02623,6.09124,6.18122,5.52516,5.45187,5.51498,5.58259,6.17309,5.53557,6.10483,6.50221,5.31465,5.00203,5.27924,5.59498,-9999,-9999
200510,10.034,1.0,224.433,81.759,1.0,343.709,1.0,0.617,1.0,97.026,1.0,2.282,1.0,1.264,0.992608,0.112765857862,0.765456989247,33.1091811828,1.0,-9999,-9999,-9999,-9999,18.3624939516,1.0,373.996463038,1.0,417.375,0.999328,11.945,12.114,12.963,1.0,1.0,1.0,35.799,38.974,41.426,1.0,1.0,1.0,-9999,1.0,24.4799,0.999328,-9999,0.223733,5.93817,0.999328,-9999,0.189274,-0.415605,0.893817,0.0289165,-0.386661,-0.352948,-0.300217,0.709005,0.772177,0.956989,4.2021,4.07854,4.13994,4.15466,4.54049,4.42323,4.46971,4.49805,4.72291,4.54097,4.74588,5.34962,4.91152,4.78366,4.89837,5.09349,-9999,-9999
200511,3.112,1.0,145.611,52.942,1.0,303.6,1.0,0.438,1.0,96.846,1.0,1.05,1.0,1.989,1.0,0.172561536249,0.516666666667,0.43456879802,0.999305555556,-9999,-9999,-9999,-9999,18.2343895833,1.0,338.001469444,1.0,411.236,0.999306,5.827,6.455,8.063,1.0,1.0,1.0,38.799,41.045,42.374,1.0,1.0,1.0,-9999,1.0,16.1869,1.0,-9999,0.264163,-2.13963,0.999306,-9999,0.317117,0.256892,0.915278,0.0227772,0.222827,0.243748,0.262362,0.988194,0.986806,0.915972,2.13829,2.09117,2.13486,2.14224,1.89889,1.85328,1.88535,1.90223,2.53657,2.10685,2.33697,2.45197,2.0849,1.94637,2.01604,2.04711,-9999,-9999
200512,-0.889,1.0,109.169,30.451,1.0,298.348,1.0,0.205,1.0,96.836,1.0,3.49,1.0,2.106,1.0,-9999,-9999,-1.64302856183,1.0,-9999,-9999,-9999,-9999,13.7761122312,1.0,316.491229839,1.0,403.563,1.0,0.893,1.346,2.732,1.0,1.0,1.0,43.684,46.094,46.528,1.0,1.0,1.0,-9999,1.0,9.02446,0.983199,-9999,0.258204,-8.31102,1.0,-9999,0.283393,0.544689,0.922043,0.0117532,0.503707,0.51222,0.532935,0.971102,0.971102,0.844086,1.28803,0.955619,1.23242,1.2598,0.681023,0.459361,0.716922,0.748546,1.34855,1.08356,1.11179,1.29547,0.883774,0.745586,0.796342,0.863406,-9999,-9999
200601,-2.236,1.0,126.174,40.737,1.0,279.817,0.649194,0.251,1.0,97.272,1.0,2.26,1.0,2.164,0.992608,-9999,-9999,-9999,-9999,-9999,-9999,-9999,-9999,-9999,-9999,-9999,-9999,415.784,1.0,-0.694,-0.34,0.88,1.0,1.0,1.0,44.696,47.713,46.737,0.194892,0.191532,1.0,-9999,1.0,9.91546,1.0,-9999,0.149115,-1.53317,1.0,-9999,0.271909,0.427295,0.99328,0.0106246,0.410112,0.421352,0.428561,0.994624,0.993952,0.994624,0.645442,0.619442,0.634716,0.640831,0.209247,0.193374,0.207986,0.219997,1.43168,0.649789,0.768877,1.06005,0.45301,0.310095,0.406615,0.45301,-9999,-9999
200602,-0.423,1.0,189.707,57.403,1.0,292.317,0.783482,0.246,1.0,96.468,1.0,4.611,1.0,2.675,0.983631,-9999,-9999,17.347926363,0.568452380952,-9999,-9999,-9999,-9999,18.4424268466,0.568452380952,326.68959304,0.568452380952,413.727,1.0,-0.053,-0.042,0.805,1.0,1.0,1.0,45.781,48.611,46.193,0.622024,0.622024,1.0,-9999,1.0,13.4377,1.0,-9999,0.262844,-2.602,1.0,-9999,0.325528,0.458953,0.975446,0.0129898,0.455928,0.461122,0.46813,0.982143,0.978423,0.975446,0.841338,0.759452,0.78635,0.841422,0.326291,0.301546,0.323235,0.373586,0.869983,0.788721,0.855734,0.902194,0.44812,0.428523,0.439115,0.464609,-9999,-9999
200603,2.621,1.0,282.185,116.216,1.0,300.565,1.0,0.862,1.0,96.225,1.0,6.509,1.0,3.189,0.959005,0.224558702133,0.547715053763,33.4448297077,1.0,-9999,-9999,-9999,-9999,49.5179905914,1.0,334.133796371,1.0,402.285,0.997984,3.203,2.965,3.117,1.0,1.0,1.0,45.743,48.466,47.526,1.0,1.0,1.0,-9999,1.0,25.3609,0.979839,-9999,0.283602,-4.68528,0.987231,-9999,0.305752,0.376253,0.949597,0.0145131,0.361724,0.369019,0.37663,0.948925,0.949597,0.949597,1.7194,1.7145,1.72219,1.72562,1.35299,1.34834,1.35106,1.35364,1.64583,1.57574,1.61433,1.64552,1.34242,1.31956,1.34219,1.35255,-9999,-9999
200604,8.315,0.996528,379.028,172.654,0.996528,314.012,0.995833,2.315,0.996528,96.566,1.0,6.044,1.0,2.087,0.995139,0.175798771823,0.511805555556,81.3563325382,0.994444444444,-9999,-9999,-9999,-9999,36.2000774306,1.0,367.405797639,0.994444444444,402.725,0.990278,9.972,9.563,9.097,0.996528,0.996528,0.996528,45.717,48.909,47.532,0.996528,0.996528,0.996528,-9999,1.0,61.4392,0.988889,-9999,0.459251,7.83485,0.988889,-9999,0.285337,-2.96215,0.838194,0.0518721,-2.92695,-2.9093,-2.87768,0.859722,0.865278,0.735417,3.82651,3.7825,3.86375,3.93412,6.77744,6.7097,6.77077,6.87794,3.95855,3.95855,4.24285,4.43216,6.79896,6.75721,6.83532,6.97136,-9999,-9999
200605,12.753,1.0,452.272,192.002,1.0,341.753,1.0,2.766,1.0,96.79,1.0,4.877,1.0,2.051,0.999328,0.200801536674,0.715053763441,102.694276135,0.996639784946,-9999,-9999,-9999,-9999,41.1974659498,0.997983870968,389.304552285,0.997983870968,411.789,1.0,14.315,14.139,13.463,1.0,1.0,1.0,43.94,47.117,45.828,1.0,1.0,1.0,-9999,1.0,73.8723,0.995968,-9999,0.446343,8.69451,0.998656,-9999,0.301578,-3.88163,0.938172,0.0740718,-3.88968,-3.86524,-3.78116,0.961694,0.946909,0.912634,5.68864,5.67593,5.686,5.74512,9.62138,9.54109,9.57189,9.60332,5.74168,5.78324,5.93873,6.03784,9.31611,9.38531,9.44506,9.54246,-9999,-9999
200606,17.431,1.0,485.194,266.931,1.0,345.277,1.0,5.913,1.0,97.058,1.0,1.342,1.0,1.86,1.0,0.188487396039,0.627777777778,137.251348889,1.0,-9999,-9999,-9999,-9999,54.0966444444,1.0,421.013205556,1.0,408.625,1.0,20.485,19.905,18.477,1.0,1.0,1.0,34.229,36.337,42.246,1.0,1.0,1.0,-9999,1.0,102.551,0.997222,-9999,0.521687,16.6413,0.998611,-9999,0.290363,-0.561383,0.951389,0.0740512,-0.58776,-0.571009,-0.527522,0.9625,0.9375,0.961806,7.8107,7.70904,7.79523,7.8497,8.39161,8.21003,8.33925,8.39115,8.44452,7.13895,7.72099,8.17009,8.58829,8.01623,8.26466,8.41683,-9999,-9999
200607,21.673,0.998656,469.437,267.612,1.0,367.485,0.998656,8.307,0.998656,96.994,1.0,4.373,1.0,1.592,0.897849,-9999,-9999,132.932868729,0.993279569892,-9999,-9999,-9999,-9999,52.413458425,0.997311827957,446.629021566,0.997311827957,413.432,0.918683,24.156,23.568,22.454,1.0,1.0,1.0,24.64,25.566,34.448,1.0,1.0,1.0,-9999,1.0,110.519,0.912634,-9999,0.547876,10.6912,0.909274,-9999,0.309366,0.360106,0.834677,0.0465409,0.331493,0.359604,0.496543,0.835349,0.834677,0.833333,7.95866,7.94246,7.95906,8.30333,7.92759,7.59346,7.62131,7.86155,9.26355,8.80328,9.2065,9.33112,8.13239,7.7531,8.10506,8.21017,-9999,-9999
200608,14.654,0.992608,409.146,157.679,0.995296,359.444,0.994624,2.366,0.992608,96.515,1.0,7.983,1.0,1.97,0.981855,0.161002425525,0.63373655914,81.5554658199,0.989247311828,-9999,-9999,-9999,-9999,34.7879720707,0.990591397849,401.613026546,0.989247311828,399.677,0.994624,17.895,18.116,18.414,0.995296,0.995296,0.995296,37.053,38.617,45.09,0.994624,0.994624,0.994624,-9999,1.0,69.6463,0.994624,-9999,0.525051,2.03626,0.994624,-9999,0.237268,-2.16043,0.977823,0.0540478,-2.22064,-2.14989,-2.10018,0.977823,0.975134,0.815188,6.07395,5.94553,5.97942,6.19008,8.19155,8.14617,8.20062,8.28385,7.20433,6.91469,7.09584,7.23003,9.20092,9.10245,9.19299,9.38708,-9999,-9999
200609,16.394,1.0,320.985,142.72,1.0,362.849,1.0,1.978,1.0,96.717,1.0,5.331,1.0,1.534,1.0,0.128500289426,0.518055555556,73.9311749269,0.901388888889,-9999,-9999,-9999,-9999,36.870688905,0.901388888889,408.258089189,0.901388888889,434.973,0.996528,17.578,17.711,17.588,1.0,1.0,1.0,41.728,44.481,46.045,1.0,1.0,1.0,-9999,1.0,55.8833,0.991667,-9999,0.501386,2.47896,0.99375,-9999,0.262516,0.0753274,0.877778,0.0837124,0.0537927,0.0728956,0.0884227,0.906944,0.877083,0.875694,7.68882,7.68449,7.72827,7.82763,7.65102,7.59533,7.65537,7.73254,7.60486,6.92873,6.9944,7.66473,7.17801,6.97865,7.16163,7.23669,-9999,-9999
200610,11.92,1.0,224.433,91.572,1.0,344.147,1.0,0.792,1.0,96.702,1.0,3.592,1.0,1.512,1.0,0.131644045387,0.680107526882,31.2385793011,1.0,-9999,-9999,-9999,-9999,21.9174751344,1.0,382.56303629,1.0,427.839,1.0,13.313,13.7,14.277,1.0,1.0,1.0,45.361,47.137,46.759,1.0,1.0,1.0,-9999,1.0,34.9043,0.997984,-9999,0.404643,-0.208143,1.0,-9999,0.261205,-1.19591,0.933468,0.0550558,-1.19591,-1.17166,-1.16379,0.933468,0.931452,0.950941,4.70195,4.68362,4.70047,4.73316,5.87175,5.85701,5.88291,5.90051,5.36333,5.22805,5.29934,5.35385,6.22029,6.2021,6.22029,6.26784,-9999,-9999
200611,5.753,1.0,145.611,56.497,1.0,314.511,0.999306,0.472,1.0,97.095,1.0,2.108,1.0,1.639,1.0,0.145365337087,0.509722222222,7.2246996923,0.99375,-9999,-9999,-9999,-9999,13.6793904244,0.994444444444,349.170415959,0.994444444444,420.676,1.0,7.04,7.593,8.786,1.0,1.0,1.0,47.738,48.464,46.531,1.0,1.0,1.0,-9999,1.0,17.5732,0.997222,-9999,0.308473,-3.69477,1.0,-9999,0.299134,-0.0164004,0.98125,0.0323721,-0.0123173,0.000648695,0.0107507,0.98125,0.979861,0.9875,2.22715,2.21179,2.23898,2.26495,2.21263,2.2271,2.23576,2.26126,1.9482,1.59368,1.90022,1.99535,2.41938,2.32429,2.37915,2.43246,-9999,-9999
200612,1.907,1.0,109.169,31.194,1.0,307.784,1.0,0.09,1.0,97.591,1.0,2.44,1.0,2.117,1.0,0.161399060541,0.664650537634,-1.03046335791,0.971102150538,-9999,-9999,-9999,-9999,8.28748350614,0.971102150538,332.825983326,0.971102150538,410.537,0.993952,3.243,3.861,5.244,1.0,1.0,1.0,48.76,49.807,47.206,1.0,1.0,1.0,-9999,1.0,12.4323,0.990591,-9999,0.247782,-5.80485,0.99328,-9999,0.342804,-0.624212,0.995968,0.0211812,-0.640737,-0.633042,-0.623096,0.993952,0.995968,0.995968,1.28123,1.25542,1.27953,1.28926,1.89884,1.89652,1.906,1.92716,1.59272,1.4221,1.5408,1.64857,2.00059,1.9623,1.97971,2.00059,-9999,-9999
200701,3.846,1.0,126.174,43.988,1.0,308.376,1.0,1.277,1.0,97.244,0.979839,4.345,1.0,3.031,1.0,0.231219493326,0.649865591398,-0.445177150538,1.0,-9999,-9999,-9999,-9999,14.1288212366,1.0,338.767945565,1.0,409.939,1.0,3.783,4.196,4.967,1.0,1.0,1.0,49.523,50.822,49.421,1.0,1.0,1.0,-9999,1.0,14.549,0.999328,-9999,0.300736,-13.8714,0.999328,-9999,0.345857,-0.229466,0.997312,0.0238904,-0.255433,-0.229124,-0.214797,0.995968,0.997312,0.997312,1.62028,1.60852,1.61915,1.63068,1.85008,1.84228,1.84973,1.86325,2.38054,2.21345,2.24703,2.27373,2.33051,2.27738,2.28274,2.31351,-9999,-9999
200702,3.824,1.0,189.707,74.527,1.0,302.109,1.0,1.26,1.0,96.399,0.986607,4.302,1.0,2.449,1.0,0.186521729802,0.665178571429,19.223809561,1.0,-9999,-9999,-9999,-9999,18.0292202381,1.0,339.382958333,1.0,426.339,0.997768,3.427,3.676,4.191,1.0,1.0,1.0,49.461,50.754,48.766,1.0,1.0,1.0,-9999,1.0,18.455,0.960565,-9999,0.304661,-4.84315,1.0,-9999,0.343801,-0.709716,0.918899,0.0265238,-0.724652,-0.720239,-0.702311,0.906994,0.923363,0.918899,1.60562,1.59727,1.61831,1.64059,2.33428,2.32138,2.3312,2.34432,2.03492,1.97346,1.98648,2.85189,2.76483,2.75092,2.77651,2.9818,-9999,-9999
200703,5.064,1.0,282.185,135.957,1.0,296.126,1.0,2.239,1.0,96.631,0.997984,3.827,1.0,2.451,1.0,0.192320812763,0.506720430108,46.6764746764,0.992607526882,-9999,-9999,-9999,-9999,35.976686828,1.0,346.972343414,1.0,417.021,1.0,5.796,6.074,6.192,1.0,1.0,1.0,49.189,50.348,48.353,1.0,1.0,1.0,-9999,1.0,37.8872,0.994624,-9999,0.411946,1.24555,0.999328,-9999,0.35819,-2.51014,0.903898,0.047478,-2.51859,-2.51014,-2.41444,0.911962,0.903898,0.895833,2.77176,2.7381,2.77188,2.7954,5.34478,5.12764,5.28912,5.31362,3.27461,3.27807,3.33173,3.47947,5.60065,5.59573,5.61491,5.66598,-9999,-9999
200704,12.794,1.0,379.028,243.317,1.0,300.664,0.992361,6.592,1.0,96.867,0.980556,0.535,1.0,2.019,1.0,-9999,-9999,107.157214044,0.949305555556,-9999,-9999,-9999,-9999,53.3024423276,0.950694444444,385.394460718,0.950694444444,430.05,0.990278,12.612,12.597,11.182,1.0,1.0,1.0,34.882,36.746,41.926,1.0,1.0,1.0,-9999,1.0,75.435,0.988194,-9999,0.519761,8.28983,0.988194,-9999,0.435383,-3.30852,0.849306,0.0919149,-3.30209,-3.28612,-3.25683,0.852083,0.859028,0.842361,5.82696,5.72983,5.80679,5.84925,9.01455,9.00406,9.09245,9.13883,6.00644,5.94394,6.20535,6.5043,9.42844,9.42189,9.56452,9.78984,-9999,-9999
200705,14.147,1.0,452.272,218.862,1.0,342.521,1.0,4.734,1.0,96.342,0.995968,6.35,1.0,2.223,0.998656,0.211114258736,0.666666666667,115.767006514,0.998655913978,-9999,-9999,-9999,-9999,47.2232622137,0.998655913978,398.337038716,0.998655913978,415.271,1.0,16.467,16.968,15.698,1.0,1.0,1.0,39.455,41.442,40.915,1.0,1.0,1.0,-9999,1.0,80.1389,0.992608,-9999,0.563742,7.56053,0.992608,-9999,0.331726,-2.65752,0.946237,0.0749045,-2.69111,-2.65715,-2.53465,0.954301,0.946237,0.94422,8.08269,7.9292,8.0835,8.41286,10.8963,10.6297,10.7535,10.8917,8.41791,7.61775,8.32163,8.44768,10.9177,10.5025,10.8451,10.9349,-9999,-9999
200706,16.858,1.0,485.194,230.509,1.0,363.979,1.0,4.75,1.0,96.476,0.995833,4.436,1.0,1.83,1.0,0.186593801259,0.660416666667,129.031026389,1.0,-9999,-9999,-9999,-9999,54.4235888889,1.0,411.033153472,1.0,410.384,0.999306,18.209,18.715,17.477,1.0,1.0,1.0,46.03,47.803,46.074,1.0,1.0,1.0,-9999,1.0,89.8196,0.993056,-9999,0.517288,7.38069,1.0,-9999,0.336713,-3.51074,0.9625,0.0637282,-3.56106,-3.52127,-3.49159,0.974306,0.954861,0.893056,8.49629,8.41919,8.502,8.5459,12.0589,11.996,12.0359,12.0597,7.69368,7.76655,8.12064,8.45816,11.6504,11.6951,11.8622,12.152,-9999,-9999
200707,17.26,1.0,469.437,223.99,1.0,361.048,1.0,5.613,1.0,96.705,0.986559,4.866,1.0,2.09,0.999328,0.189023757029,0.674731182796,119.952470393,0.997311827957,-9999,-9999,-9999,-9999,46.9807228739,0.997311827957,416.854994685,0.997311827957,404.897,1.0,19.141,19.52,18.312,1.0,1.0,1.0,45.457,47.306,46.993,1.0,1.0,1.0,-9999,1.0,85.2195,0.99664,-9999,0.592224,8.37337,0.999328,-9999,0.373668,-0.174622,0.899194,0.108147,-0.179172,-0.144595,-0.119951,0.884409,0.97043,0.899866,7.23561,7.21933,7.2482,7.28429,7.37817,7.32977,7.39432,7.42389,7.23791,6.79567,7.14433,7.6259,7.37386,7.18681,7.35553,7.79021,-9999,-9999
200708,16.861,1.0,409.146,182.159,1.0,365.115,1.0,4.171,1.0,96.65,0.995968,6.553,1.0,1.76,1.0,0.159826665073,0.622311827957,93.8888980017,0.999327956989,-9999,-9999,-9999,-9999,41.6204554307,0.999327956989,411.479861459,0.999327956989,415.051,0.999328,18.367,18.901,18.035,1.0,1.0,1.0,41.132,43.873,45.225,1.0,1.0,1.0,-9999,1.0,70.2082,0.997312,-9999,0.533281,4.33196,0.998656,-9999,0.348064,-1.53085,0.94422,0.15475,-1.66559,-1.53085,-1.35296,0.927419,0.94422,0.956989,7.98111,7.39839,7.77817,7.98397,9.03969,9.0491,9.19823,9.39508,7.24193,7.29948,7.55843,7.71914,9.10689,9.04387,9.17129,9.26798,-9999,-9999
200709,12.59,1.0,320.985,153.984,1.0,336.206,1.0,3.225,1.0,97.057,0.99375,1.991,1.0,1.861,1.0,0.157645589852,0.595833333333,67.2981140913,0.997222222222,-9999,-9999,-9999,-9999,34.2286451389,1.0,387.705108333,1.0,412.235,0.997917,15.02,15.566,15.479,1.0,1.0,1.0,38.934,41.591,44.229,1.0,1.0,1.0,-9999,1.0,52.7143,0.989583,-9999,0.393688,2.21867,0.990972,-9999,0.335388,-1.78764,0.94375,0.0624685,-1.82828,-1.81153,-1.77176,0.947222,0.948611,0.948611,5.90816,5.86873,5.90284,5.90833,7.72576,7.55835,7.70259,7.72145,5.11499,5.09218,5.6569,7.20115,7.5386,7.38258,7.62457,8.30957,-9999,-9999
200710,8.742,1.0,224.433,86.348,1.0,323.708,1.0,1.794,1.0,97.243,0.995968,0.297,1.0,2.007,1.0,0.174381996662,0.688844086022,23.2316472851,0.997311827957,-9999,-9999,-9999,-9999,19.6571243572,0.998655913978,366.733766597,0.998655913978,417.011,1.0,10.309,10.964,11.586,1.0,1.0,1.0,37.385,39.781,43.081,1.0,1.0,1.0,-9999,1.0,25.5078,0.99664,-9999,0.297734,0.430533,0.997984,-9999,0.316166,0.297877,0.976478,0.0529566,0.291636,0.307293,0.366871,0.977823,0.981855,0.976478,3.82986,3.80619,3.83161,3.84656,3.41587,3.46199,3.52257,3.54964,3.66976,3.80349,3.87579,4.0845,3.54505,3.54505,3.61346,3.67957,-9999,-9999
200711,2.626,1.0,145.611,46.682,1.0,298.557,1.0,1.031,1.0,97.024,1.0,1.938,1.0,2.447,1.0,-9999,-9999,-0.805559485816,0.998611111111,-9999,-9999,-9999,-9999,12.0915126034,0.999305555556,333.846122207,0.999305555556,423.805,1.0,3.944,4.687,5.617,1.0,1.0,1.0,42.677,44.877,44.938,1.0,1.0,1.0,-9999,1.0,15.0553,0.997222,-9999,0.265981,-6.35763,1.0,-9999,0.323539,0.597036,0.957639,0.0210017,0.565229,0.579823,0.611534,0.945833,0.957639,0.957639,1.67513,1.65376,1.6716,1.73682,1.14469,1.09594,1.11527,1.14013,2.00563,1.97576,2.00676,2.08125,1.37615,1.36409,1.37219,1.38536,-9999,-9999
200712,0.202,1.0,109.169,24.043,1.0,308.999,1.0,0.577,1.0,97.385,0.987231,4.275,1.0,2.786,0.999328,0.235091619907,0.513440860215,1.88899870947,0.951612903226,-9999,-9999,-9999,-9999,5.34006835317,0.954301075269,326.323212202,0.954301075269,419.506,0.998656,1.447,1.923,3.134,1.0,1.0,1.0,48.48,49.869,47.824,1.0,1.0,1.0,-9999,1.0,11.2565,0.997984,-9999,0.183309,-4.83665,0.997984,-9999,0.254981,0.863297,0.975134,0.0166266,0.84509,0.855387,0.865742,0.979167,0.984543,0.965054,1.61801,1.60518,1.71856,1.77699,0.901659,0.738103,0.855264,0.931902,0.492415,0.550298,0.641931,1.01911,0.501803,0.520362,0.575096,0.654781,-9999,-9999
200801,1.898,1.0,126.174,46.182,1.0,298.458,1.0,1.055,1.0,97.136,1.0,3.203,1.0,1.901,0.999328,-9999,-9999,10.8009418218,0.999327956989,-9999,-9999,-9999,-9999,3.15883266129,1.0,330.46130578,1.0,426.481,1.0,1.042,2.555,-9999,1.0,1.0,-9999,51.313,47.984,-9999,1.0,1.0,-9999,-9999,1.0,10.9135,0.99664,-9999,0.225833,-4.78901,0.999328,-9999,0.271864,1.77383,0.962366,0.018631,1.67976,1.77478,1.86919,0.977151,0.961022,0.94086,1.73106,1.61111,1.74828,1.83677,-0.0377356,-0.0890888,-0.0396104,-0.0317379,1.7101,1.55541,1.66977,1.7101,0.158203,0.14217,0.172915,0.192288,-9999,-9999
200802,2.723,1.0,191.188,94.942,1.0,276.621,1.0,1.892,1.0,97.634,1.0,1.208,1.0,2.236,1.0,-9999,-9999,27.8315304239,1.0,212.268306548,0.724137931034,100.099875992,0.724137931034,8.67018175287,1.0,335.061326149,1.0,420.892,1.0,2.137,3.034,-9999,1.0,1.0,-9999,43.801,47.488,-9999,0.969109,1.0,-9999,-9999,1.0,20.2652,0.997845,-9999,0.405679,1.50312,0.999282,-9999,0.457311,1.48108,0.881466,0.0194432,1.47722,1.49467,1.5228,0.910201,0.876437,0.868534,1.35198,1.33166,1.35111,1.36738,-0.128704,-0.163839,-0.14508,-0.124795,2.54305,2.10163,2.30404,2.51896,0.797786,0.612955,0.758138,0.785821,-9999,-9999
200803,4.213,1.0,285.49,124.559,1.0,295.948,1.0,2.362,1.0,96.039,1.0,4.502,1.0,3.316,1.0,0.265070808212,0.551747311828,54.0392452735,0.998655913978,251.678025074,0.996639784946,158.529389785,1.0,21.0896216398,1.0,345.340138441,1.0,407.119,1.0,4.176,4.823,-9999,1.0,1.0,-9999,50.109,48.974,-9999,1.0,1.0,-9999,-9999,1.0,35.5885,0.998656,-9999,0.482069,2.44608,1.0,-9999,0.441338,1.68674,0.97043,0.0234401,1.67259,1.68674,1.7277,0.973118,0.97043,0.964382,2.09409,2.08699,2.1235,2.12904,0.403519,0.399919,0.416544,0.424445,2.12378,2.01645,2.1061,2.13916,0.304411,0.24231,0.261748,0.304688,-9999,-9999
200804,7.839,1.0,381.919,142.911,1.0,320.394,1.0,2.828,1.0,96.194,1.0,5.248,1.0,2.154,0.995833,-9999,-9999,77.1374931159,0.998611111111,296.858754762,0.995833333333,180.779974008,0.995833333333,14.7118215278,0.998611111111,371.011059209,0.998611111111,422.367,0.998611,8.554,7.758,-9999,1.0,1.0,-9999,50.779,48.629,-9999,1.0,1.0,-9999,-9999,1.0,36.9139,0.997222,-9999,0.44153,19.5143,0.99375,-9999,0.336615,1.88084,0.806944,0.0389917,1.92938,1.95423,1.98411,0.768056,0.770139,0.846528,2.3537,2.24488,2.33534,2.44094,0.326208,0.315456,0.413682,0.448645,1.97504,1.6348,1.76892,1.96892,0.369383,0.252088,0.318553,0.328735,-9999,-9999
200805,15.078,1.0,454.061,239.308,1.0,337.418,1.0,6.035,1.0,96.418,1.0,1.229,1.0,1.891,1.0,0.176858642049,0.5625,124.589000521,0.993951612903,492.212662634,1.0,238.066231183,1.0,25.0562336059,0.995967741935,423.189677337,0.995967741935,418.284,1.0,17.66,14.443,-9999,0.995968,1.0,-9999,42.103,47.249,-9999,0.986559,1.0,-9999,-9999,1.0,49.6433,1.0,-9999,0.555052,46.4784,1.0,-9999,0.462596,1.63387,0.959677,0.0397453,1.61885,1.65076,1.69895,0.953629,0.916667,0.966398,3.82422,3.79158,3.86579,3.92877,2.14837,2.16262,2.20397,2.27588,4.4619,3.44041,4.04476,4.196,2.6298,2.23086,2.48851,2.59988,-9999,-9999
200806,17.629,1.0,485.459,227.321,1.0,362.215,1.0,6.433,1.0,96.729,1.0,1.782,1.0,1.827,1.0,0.17433445751,0.552777777778,127.528279164,0.997916666667,-9999,-9999,-9999,-9999,36.6790430556,1.0,424.024508333,1.0,407.972,1.0,20.183,18.555,-9999,1.0,1.0,-9999,38.78,46.154,-9999,1.0,1.0,-9999,-9999,1.0,68.6126,0.994444,-9999,0.50407,18.5779,0.997917,-9999,0.36016,-0.877614,0.940278,0.0796257,-0.898638,-0.864066,-0.853338,0.952083,0.963889,0.913194,5.27343,5.44749,5.54396,5.61357,6.4422,6.32142,6.412,6.47139,5.73389,5.63715,5.88596,6.55021,5.47414,5.3889,5.50088,5.98344,-9999,-9999
200807,18.556,1.0,468.128,238.748,1.0,358.13,1.0,7.225,1.0,96.744,1.0,3.339,1.0,1.901,1.0,0.183700196472,0.520161290323,126.504167359,0.999327956989,-9999,-9999,-9999,-9999,48.0697943548,1.0,422.091291667,1.0,408.303,1.0,20.295,19.871,-9999,0.986559,1.0,-9999,36.569,36.464,-9999,0.986559,1.0,-9999,-9999,1.0,77.1701,0.995296,-9999,0.512784,7.40068,1.0,-9999,0.4019,-2.56388,0.897849,0.17899,-2.56957,-2.54471,-2.4468,0.913978,0.90457,0.895161,7.06166,7.09979,7.37904,7.47372,9.8951,9.70063,9.87383,10.0389,6.48293,6.68361,7.53722,7.74448,9.37768,9.3778,9.83811,10.0079,-9999,-9999
200808,17.783,1.0,406.612,205.621,1.0,360.575,1.0,5.662,1.0,96.683,1.0,4.961,1.0,1.85,1.0,0.178142655489,0.503360215054,109.070188038,1.0,-9999,-9999,-9999,-9999,44.3313259409,1.0,412.830405914,1.0,413.844,0.999328,18.76,18.791,-9999,1.0,1.0,-9999,34.056,39.706,-9999,1.0,1.0,-9999,-9999,1.0,70.429,0.99664,-9999,0.459133,2.38588,0.998656,-9999,0.356936,-2.61638,0.94086,0.0976279,-2.6855,-2.66733,-2.60119,0.955645,0.954301,0.94086,7.11387,6.89521,7.12736,7.32596,9.44316,9.53398,9.74843,10.0254,8.92724,8.55623,9.00105,9.43934,11.1074,10.832,11.1418,11.3848,-9999,-9999
200809,12.379,1.0,317.823,133.534,1.0,340.242,1.0,3.025,1.0,96.83,1.0,3.347,1.0,1.941,1.0,0.179508777954,0.663888888889,58.4409959072,0.998611111111,-9999,-9999,-9999,-9999,27.51994375,1.0,387.333254861,1.0,408.676,1.0,14.032,14.995,-9999,1.0,1.0,-9999,39.551,44.411,-9999,1.0,1.0,-9999,-9999,1.0,38.718,0.995139,-9999,0.364701,7.00873,0.999306,-9999,0.348067,-0.661172,0.945139,0.0592053,-0.723754,-0.682488,-0.599851,0.942361,0.933333,0.965972,5.56091,4.49655,4.84498,5.54212,5.17825,5.18403,5.65747,6.15485,4.9074,4.95622,5.14855,5.40772,5.58763,5.58763,5.64974,5.77827,-9999,-9999
200810,9.45,1.0,221.416,85.507,1.0,337.818,1.0,1.913,1.0,96.918,1.0,4.623,1.0,1.839,1.0,0.162485739324,0.631720430108,33.3334942087,0.998655913978,-9999,-9999,-9999,-9999,21.305141129,1.0,368.632136425,1.0,420.825,0.998656,10.528,11.862,-9999,1.0,1.0,-9999,38.911,45.274,-9999,1.0,1.0,-9999,-9999,1.0,24.9633,0.992608,-9999,0.316378,-1.08941,0.999328,-9999,0.326415,-2.01312,0.948253,0.0477455,-2.01101,-1.97943,-1.95545,0.873656,0.872984,0.870296,3.93463,3.8772,3.93463,4.1878,5.88476,5.87062,5.91942,6.16027,4.43848,3.84369,4.04969,4.37238,6.49421,5.99385,6.11987,6.2861,-9999,-9999
200811,3.894,1.0,143.642,48.493,1.0,313.369,1.0,0.923,1.0,96.589,1.0,2.063,1.0,1.734,1.0,-9999,-9999,9.54866923907,0.999305555556,-9999,-9999,-9999,-9999,13.5085861111,0.999305555556,338.742012899,0.999305555556,430.825,0.997917,4.524,7.182,-9999,0.940972,1.0,-9999,45.42,47.445,-9999,0.94375,1.0,-9999,-9999,1.0,11.0576,0.997917,-9999,0.239755,-3.38308,0.998611,-9999,0.277132,-0.21183,0.973611,0.0333178,-0.226739,-0.21183,-0.188061,0.971528,0.973611,0.977778,2.12661,2.0869,2.09378,2.1088,2.30046,2.29042,2.30833,2.32743,1.52677,1.5369,1.6249,1.68328,2.31047,2.3071,2.33443,2.42819,-9999,-9999
200812,-0.067,1.0,108.847,28.632,1.0,303.485,1.0,0.619,1.0,96.812,1.0,3.258,1.0,1.979,1.0,-9999,-9999,0.672886323925,1.0,-9999,-9999,-9999,-9999,11.5038682796,1.0,319.939858871,1.0,434.384,1.0,0.861,3.208,-9999,1.0,1.0,-9999,-9999,48.047,-9999,-9999,1.0,-9999,-9999,1.0,6.53976,0.998656,-9999,0.196032,-6.39039,0.999328,-9999,0.257058,0.543876,0.991935,0.0233644,0.528082,0.551452,0.56321,0.991263,0.991263,0.991935,1.45528,1.39618,1.42792,1.43422,0.856025,0.852989,0.873431,0.885636,1.5375,1.08983,1.15949,1.41829,0.863024,0.713805,0.797402,0.857569,-9999,-9999
