TIMESTAMP,TA_F,TA_F_QC,SW_IN_POT,SW_IN_F,SW_IN_F_QC,LW_IN_F,LW_IN_F_QC,VPD_F,VPD_F_QC,PA_F,PA_F_QC,P_F,P_F_QC,WS_F,WS_F_QC,USTAR,USTAR_QC,NETRAD,NETRAD_QC,PPFD_IN,PPFD_IN_QC,PPFD_OUT,PPFD_OUT_QC,SW_OUT,SW_OUT_QC,LW_OUT,LW_OUT_QC,CO2_F_MDS,CO2_F_MDS_QC,TS_F_MDS_1,TS_F_MDS_2,TS_F_MDS_3,TS_F_MDS_4,TS_F_MDS_5,TS_F_MDS_1_QC,TS_F_MDS_2_QC,TS_F_MDS_3_QC,TS_F_MDS_4_QC,TS_F_MDS_5_QC,SWC_F_MDS_1,SWC_F_MDS_1_QC,G_F_MDS,G_F_MDS_QC,LE_F_MDS,LE_F_MDS_QC,LE_CORR,LE_RANDUNC,H_F_MDS,H_F_MDS_QC,H_CORR,H_RANDUNC,NEE_VUT_REF,NEE_VUT_REF_QC,NEE_VUT_REF_RANDUNC,NEE_VUT_25,NEE_VUT_50,NEE_VUT_75,NEE_VUT_25_QC,NEE_VUT_50_QC,NEE_VUT_75_QC,RECO_NT_VUT_REF,RECO_NT_VUT_25,RECO_NT_VUT_50,RECO_NT_VUT_75,GPP_NT_VUT_REF,GPP_NT_VUT_25,GPP_NT_VUT_50,GPP_NT_VUT_75,RECO_DT_VUT_REF,RECO_DT_VUT_25,RECO_DT_VUT_50,RECO_DT_VUT_75,GPP_DT_VUT_REF,GPP_DT_VUT_25,GPP_DT_VUT_50,GPP_DT_VUT_75,RECO_SR,RECO_SR_N
200401,-2.303,1.0,100.35,28.907,0.946909,275.931,0.0,0.802,1.0,96.64,0.0,2.294,1.0,2.614,0.866263,0.204924026591,0.864919354839,-5.22114833562,0.999327956989,-9999,-9999,-9999,-9999,-9999,-9999,-9999,-9999,385.797,0.94422,-9999,-9999,-9999,-9999,-9999,-9999,-9999,-9999,-9999,-9999,-9999,-9999,-1.99292,1.0,5.31556,0.943548,5.54366,0.250048,-8.48474,0.950941,-8.84882,0.283121,0.591304,0.94422,0.0198106,0.587685,0.591304,0.600925,0.94422,0.94422,0.94422,0.537454,0.537454,0.557381,0.578785,-0.0538504,-0.0538504,-0.0303037,-0.0181331,0.616111,0.555282,0.581652,0.616111,0.0782659,0.0748624,0.0782659,0.0796307,-9999,-9999
200402,1.44,1.0,165.464,43.307,1.0,286.712,0.0,1.693,1.0,97.284,0.0,1.742,0.862069,3.164,0.823994,0.251391945845,0.823275862069,5.35280681911,0.997126436782,-9999,-9999,-9999,-9999,-9999,-9999,-9999,-9999,382.161,0.977011,-9999,-9999,-9999,-9999,-9999,-9999,-9999,-9999,-9999,-9999,-9999,-9999,-1.63601,1.0,13.3409,0.976293,22.6842,0.26159,-9.13683,0.992816,-15.5358,0.428901,0.433303,0.977011,0.0173892,0.425208,0.433303,0.499536,0.977011,0.977011,0.974138,0.839226,0.815929,0.839226,0.905642,0.405923,0.390378,0.395704,0.407045,0.954023,0.791966,0.833926,0.897799,0.372955,0.30774,0.311725,0.327475,-9999,-9999
200403,2.679,1.0,263.479,100.658,1.0,283.135,0.0,2.131,1.0,97.636,0.0,1.71,1.0,2.553,0.999328,0.214411175932,0.999327956989,41.6786693548,1.0,-9999,-9999,-9999,-9999,-9999,-9999,-9999,-9999,388.664,1.0,-9999,-9999,-9999,-9999,-9999,-9999,-9999,-9999,-9999,-9999,-9999,-9999,1.22247,1.0,18.532,0.999328,35.5395,0.281766,2.59643,0.999328,4.97926,0.307071,-0.203862,0.999328,0.0291145,-0.203862,-0.196358,-0.185335,0.999328,0.999328,1.0,0.651177,0.684576,0.709489,0.744197,0.855038,0.880934,0.893699,0.916863,1.37796,1.11346,1.27741,1.37796,1.30794,1.20514,1.3019,1.3406,-9999,-9999
200404,8.049,1.0,367.324,155.362,1.0,303.131,0.0,3.573,1.0,97.052,0.0,0.853,1.0,1.94,0.990972,0.173312343911,0.990972222222,94.5425902778,1.0,-9999,-9999,-9999,-9999,-9999,-9999,-9999,-9999,384.591,0.997222,-9999,-9999,-9999,-9999,-9999,-9999,-9999,-9999,-9999,-9999,-9999,-9999,4.92627,1.0,40.5859,0.997222,67.5015,0.368351,13.303,0.999306,22.1252,0.329548,-2.35928,0.995833,0.0592202,-2.49518,-2.35928,-2.1088,0.997222,0.995833,0.990278,2.45307,2.18109,2.45307,3.2006,4.81234,4.67626,4.81234,5.24487,1.59103,1.42234,1.82337,2.62346,4.44146,4.34122,4.5782,4.90268,-9999,-9999
200405,10.274,1.0,447.653,150.084,1.0,318.795,0.0,3.213,1.0,97.022,0.0,3.742,0.756048,2.009,0.995296,0.193965959353,0.994623655914,97.8961597125,0.998655913978,-9999,-9999,-9999,-9999,-9999,-9999,-9999,-9999,382.496,0.999328,11.867,11.493,10.489,-9999,-9999,1.0,1.0,1.0,-9999,-9999,-9999,-9999,3.29153,1.0,48.7238,0.999328,77.0205,0.380805,11.7303,1.0,18.5427,0.301844,-3.6071,0.995296,0.0674439,-3.6737,-3.60679,-3.31391,0.997984,0.995296,0.965726,3.94434,3.90442,3.98988,5.5096,7.55144,7.57811,7.59667,8.7728,3.26137,3.26137,3.48402,4.69734,7.67524,7.67524,7.8074,8.47598,-9999,-9999
200406,14.39,1.0,483.583,194.681,0.6875,335.886,0.0,4.686,1.0,97.309,0.0,2.077,1.0,2.058,1.0,0.211958333333,1.0,124.588534722,1.0,-9999,-9999,-9999,-9999,-9999,-9999,-9999,-9999,377.106,0.958333,14.552,13.879,12.494,-9999,-9999,0.997222,0.997222,0.997222,-9999,-9999,-9999,-9999,6.60208,1.0,61.1952,0.960417,92.7755,0.443228,16.6798,1.0,25.2876,0.375774,-1.42502,0.9,0.0614003,-1.4564,-1.42502,-1.12677,0.93125,0.9,0.849306,5.10322,5.0246,5.09617,5.63937,6.52824,6.40176,6.52824,6.76682,5.73473,5.53559,5.82837,5.9128,7.88251,7.88251,7.93305,8.20561,-9999,-9999
200407,16.102,1.0,464.048,196.654,0.99328,345.294,0.0,5.235,1.0,97.297,0.0,3.729,1.0,2.09,0.992608,0.188072244449,0.994623655914,131.940241071,0.891129032258,-9999,-9999,-9999,-9999,-9999,-9999,-9999,-9999,377.203,0.978495,17.613,17.11,15.585,-9999,-9999,1.0,1.0,1.0,-9999,-9999,-9999,-9999,4.5762,1.0,71.8478,0.976478,109.677,0.53685,10.5922,0.999328,16.1692,0.333702,-0.598368,0.949597,0.0831649,-0.709617,-0.598368,-0.332239,0.959677,0.949597,0.906586,6.58449,6.46059,6.58449,7.2757,7.18286,7.15346,7.23222,7.69659,5.56832,5.0422,5.76873,6.06876,6.62872,6.48035,6.80043,7.07464,-9999,-9999
200408,17.431,1.0,395.185,173.966,1.0,349.269,0.0,6.675,1.0,97.078,0.0,1.358,1.0,2.018,1.0,0.187620967742,1.0,111.914439631,0.999327956989,-9999,-9999,-9999,-9999,-9999,-9999,-9999,-9999,378.638,0.997984,18.131,17.605,16.488,-9999,-9999,1.0,1.0,1.0,-9999,-9999,-9999,-9999,4.83797,1.0,65.429,0.999328,99.2749,0.591347,5.31811,1.0,8.06913,0.412531,-0.955075,0.991263,0.0982606,-1.00216,-0.955075,-0.811571,0.990591,0.991263,0.968414,3.71885,3.67248,3.71885,4.48224,4.67392,4.65973,4.67392,5.29381,3.67014,3.67014,3.88693,4.46679,4.85198,4.85198,5.05716,5.28895,-9999,-9999
200409,12.56,1.0,298.477,131.018,1.0,319.525,0.0,4.395,1.0,97.558,0.0,2.387,1.0,2.229,1.0,0.201451388889,1.0,76.7087013889,1.0,-9999,-9999,-9999,-9999,-9999,-9999,-9999,-9999,376.091,0.96875,13.22,13.455,13.712,-9999,-9999,1.0,1.0,1.0,-9999,-9999,-9999,-9999,-0.205368,1.0,45.1816,0.970833,74.1474,0.461705,1.41773,0.999306,2.32664,0.368839,-1.52535,0.9625,0.0634014,-1.55801,-1.52535,-1.09883,0.963194,0.9625,0.961806,3.17019,3.06355,3.09761,3.17019,4.69553,4.42321,4.64325,4.69553,3.02831,2.74774,2.8668,5.2287,4.65129,4.46373,4.53752,5.41091,-9999,-9999
200410,9.275,1.0,196.903,79.599,1.0,306.144,0.0,2.802,1.0,97.109,0.0,1.323,1.0,2.003,0.998656,0.193353494624,1.0,31.7278323038,0.999327956989,-9999,-9999,-9999,-9999,-9999,-9999,-9999,-9999,377.35,0.959005,9.136,9.522,10.296,-9999,-9999,1.0,1.0,1.0,-9999,-9999,-9999,-9999,-3.02167,1.0,22.3102,0.972446,38.7877,0.30545,-2.44983,0.999328,-4.25919,0.325158,0.600971,0.950269,0.0355966,0.536107,0.585675,0.641234,0.958333,0.943548,0.952957,3.49644,3.40114,3.4105,3.45321,2.89547,2.76435,2.86405,2.88176,2.59283,2.68615,2.79912,2.88907,2.50099,2.51611,2.5946,2.65238,-9999,-9999
200411,2.936,1.0,117.81,25.477,1.0,301.368,0.0,0.749,1.0,97.448,0.0,4.327,1.0,2.705,0.859028,0.224619850447,0.830555555556,3.96869277439,0.919444444444,-9999,-9999,-9999,-9999,-9999,-9999,-9999,-9999,385.805,0.990972,4.407,5.1,6.647,-9999,-9999,1.0,1.0,1.0,-9999,-9999,-9999,-9999,-8.60244,1.0,8.19663,0.996528,22.4684,0.203553,-3.2678,0.998611,-8.95761,0.26545,0.800294,0.99375,0.0261927,0.781995,0.80464,0.867286,0.994444,0.99375,0.988194,1.29734,1.29734,1.30437,1.31429,0.497043,0.437081,0.468692,0.502113,1.8044,1.45691,1.75352,1.8044,0.742573,0.568752,0.628287,0.720209,-9999,-9999
200412,0.358,1.0,83.4938,25.89,1.0,281.742,0.0,0.937,1.0,97.451,0.0,1.084,1.0,2.256,0.895161,0.190231816962,0.869623655914,0.895161290323,1.0,-9999,-9999,-9999,-9999,-9999,-9999,-9999,-9999,391.047,0.830645,1.027,1.67,3.168,-9999,-9999,1.0,1.0,1.0,-9999,-9999,-9999,-9999,-6.11185,1.0,10.2798,0.420027,22.2651,0.244276,-5.40593,1.0,-11.7088,0.316127,0.0839985,0.400538,0.0230227,0.0830278,0.085907,0.212314,0.415995,0.415995,0.389113,0.517855,0.574494,0.611361,0.853609,0.434417,0.500139,0.525454,0.596983,0.290503,0.451093,0.541661,1.13823,0.426285,0.463804,0.485179,0.897497,-9999,-9999
200501,1.059,1.0,100.35,28.237,0.787634,286.76,0.0,1.446,1.0,97.402,0.0,2.426,1.0,3.695,0.934812,0.273644756955,0.999327956989,-5.90333343399,0.918682795699,-9999,-9999,-9999,-9999,-9999,-9999,-9999,-9999,386.573,0.979839,1.799,2.145,3.013,-9999,-9999,1.0,1.0,1.0,-9999,-9999,-9999,-9999,-3.61165,1.0,11.3971,0.979839,18.1289,0.244855,-13.8641,1.0,-22.053,0.326326,0.520263,0.938844,0.0181594,0.517977,0.520435,0.526338,0.906586,0.97379,0.870968,0.829618,0.825021,0.829618,0.836805,0.308299,0.302909,0.308299,0.31349,0.876347,0.805018,0.81345,0.83365,0.391675,0.343801,0.345701,0.367917,-9999,-9999
200502,-2.86,1.0,163.947,48.082,1.0,269.154,0.0,0.804,1.0,97.237,0.0,2.186,1.0,2.591,1.0,0.184417030585,0.997767857143,1.29027894481,0.999255952381,-9999,-9999,-9999,-9999,-9999,-9999,-9999,-9999,391.227,0.978423,0.336,0.77,1.769,-9999,-9999,1.0,1.0,1.0,-9999,-9999,-9999,-9999,-2.56697,1.0,2.08376,0.999256,3.31454,0.112765,-4.89579,1.0,-7.78752,0.247762,0.515127,0.99628,0.0189398,0.497374,0.516425,0.527842,0.989583,0.989583,0.99628,0.510149,0.504743,0.528612,0.54712,-0.0120074,-0.00780656,0.00485704,0.0326942,0.640407,0.606944,0.653616,0.706147,0.0456405,0.0518857,0.0566478,0.0673032,-9999,-9999
200503,1.586,1.0,259.983,113.744,0.998656,274.555,0.0,2.029,1.0,97.214,0.0,1.1,1.0,2.496,1.0,0.159060690111,0.934139784946,42.0833801083,1.0,248.976204673,0.999327956989,109.282842087,1.0,-9999,-9999,-9999,-9999,401.049,0.946237,2.712,2.674,2.744,-9999,-9999,1.0,1.0,1.0,-9999,-9999,-9999,-9999,-1.98037,1.0,10.7368,0.995296,21.4179,0.280214,-0.78554,0.995968,-1.56701,0.358316,0.395582,0.927419,0.019184,0.37984,0.41963,0.468718,0.936828,0.856855,0.889785,1.38943,1.2226,1.3136,1.377,0.880998,0.780893,0.889901,0.913929,1.07797,1.00183,1.13417,1.22234,0.803535,0.683017,0.803535,0.854302,-9999,-9999
200504,7.795,1.0,364.155,156.906,1.0,293.281,0.0,3.789,1.0,97.175,0.0,0.687,1.0,1.697,1.0,0.123986485447,0.977083333333,94.4153689746,0.998611111111,312.127958333,1.0,17.8786923625,1.0,-9999,-9999,-9999,-9999,406.659,0.999306,8.192,7.853,7.163,-9999,-9999,1.0,1.0,1.0,-9999,-9999,-9999,-9999,3.6177,1.0,32.2769,0.998611,64.3865,0.371207,13.5472,0.999306,27.0241,0.29507,-1.39462,0.953472,0.0428997,-1.48043,-1.23843,-1.073,0.966667,0.947917,0.909028,4.37439,4.20332,4.72579,4.80331,5.69306,5.6591,5.86193,5.93616,2.74658,2.54818,2.86157,3.14437,5.16852,4.65294,4.93683,5.22835,-9999,-9999
200505,12.079,1.0,445.628,182.311,1.0,322.716,0.0,4.789,1.0,97.275,0.0,3.035,1.0,2.027,1.0,0.173000278202,0.911962365591,123.311235349,1.0,374.747161548,0.998655913978,15.946191254,1.0,-9999,-9999,-9999,-9999,412.477,0.99328,12.697,11.959,10.467,-9999,-9999,0.717742,0.717742,0.717742,-9999,-9999,-9999,-9999,4.47613,1.0,45.4855,0.999328,91.4629,0.471428,13.6066,0.999328,27.3603,0.281362,-2.62287,0.976478,0.055929,-2.69378,-2.60438,-2.52375,0.981183,0.977823,0.962366,6.46562,6.11289,6.5103,6.90384,9.12447,8.76933,9.11479,9.37062,5.88113,5.19798,5.6859,6.05067,8.6618,8.16646,8.46634,8.6618,-9999,-9999
200506,14.85,1.0,483.271,217.65,1.0,332.486,0.0,5.756,1.0,97.455,0.0,1.947,1.0,1.953,0.913889,0.181282183744,0.524305555556,149.742784722,1.0,447.705,1.0,29.8828704229,1.0,-9999,-9999,-9999,-9999,393.645,0.429167,16.966,16.077,14.132,-9999,-9999,0.896528,0.897917,0.897917,-9999,-9999,-9999,-9999,7.05734,1.0,71.6809,0.956944,112.555,0.600302,18.9307,0.954861,29.7254,0.302394,-0.112774,0.759722,0.0719087,-0.290927,-0.204335,-0.103778,0.765972,0.766667,0.759028,9.64346,9.15564,9.34562,9.6443,9.74724,9.2791,9.57449,9.75786,7.92231,8.00123,8.53668,8.68076,9.26821,8.63538,8.94086,9.27719,-9999,-9999
200507,17.083,1.0,465.53,182.663,1.0,355.264,0.0,5.76,1.0,97.136,0.0,3.723,1.0,1.815,0.872984,0.173073645894,0.565860215054,127.774685618,1.0,376.125604441,0.996639784946,18.2558048535,1.0,-9999,-9999,-9999,-9999,386.799,0.176075,18.339,17.757,16.376,-9999,-9999,1.0,1.0,1.0,-9999,-9999,-9999,-9999,4.41827,1.0,65.3423,0.866263,115.158,0.498945,6.23408,0.868952,10.9868,0.225085,-1.83955,0.861559,0.0688208,-2.06923,-1.53711,-1.35935,0.862231,0.864247,0.837366,8.99608,7.98758,11.0167,11.365,10.7137,10.0378,12.43,12.7182,8.8158,8.21165,8.8158,9.93588,11.4493,10.9816,11.3038,11.7691,-9999,-9999
200508,14.769,1.0,397.991,150.354,1.0,340.302,0.0,4.081,1.0,97.328,0.0,3.077,1.0,1.733,0.899194,0.143301526462,0.885752688172,100.490989247,1.0,311.836444892,1.0,17.902965209,1.0,-9999,-9999,-9999,-9999,397.81,1.0,16.197,16.071,15.515,-9999,-9999,1.0,1.0,1.0,-9999,-9999,-9999,-9999,-0.286961,1.0,45.6243,1.0,80.0754,0.515481,11.7725,0.999328,20.662,0.307497,0.573293,0.941532,0.0678067,0.537262,0.621978,0.662694,0.867608,0.931452,0.850806,7.87568,7.69633,8.07917,8.32295,7.3396,7.12922,7.41635,7.70097,6.03528,6.40428,6.84832,7.22605,6.29454,6.24234,6.54196,6.82141,-9999,-9999
200509,13.367,1.0,301.869,134.682,1.0,326.409,0.0,3.631,1.0,97.543,0.0,1.787,1.0,1.5,1.0,0.126548771081,0.970833333333,83.1848056922,0.997916666667,272.720852246,0.999305555556,14.1587998944,1.0,-9999,-9999,-9999,-9999,402.758,0.999306,14.302,14.448,14.511,-9999,-9999,1.0,1.0,1.0,-9999,-9999,-9999,-9999,-4.91356,1.0,42.35,0.999306,78.5461,0.456901,5.54457,1.0,10.2834,0.226451,-1.30285,0.922222,0.077463,-1.60934,-1.30736,-1.26904,0.975,0.852778,0.864583,6.47319,5.58821,6.39885,6.71321,7.86159,7.56492,7.70155,8.06618,5.14772,4.86179,5.3127,6.10928,7.56929,7.32171,7.55146,7.8686,-9999,-9999
200510,9.729,1.0,200.027,88.902,1.0,302.756,0.0,2.984,1.0,97.817,0.0,1.123,1.0,1.92,1.0,0.149636987668,0.99126344086,37.6850453673,0.997983870968,175.367762812,0.999327956989,10.858305922,1.0,-9999,-9999,-9999,-9999,394.04,1.0,9.509,9.933,10.731,-9999,-9999,1.0,1.0,1.0,-9999,-9999,-9999,-9999,-5.28792,1.0,21.984,0.999328,58.1987,0.354702,-5.43823,0.999328,-14.3968,0.357818,-0.891094,0.983199,0.0574811,-0.889998,-0.832411,-0.47115,0.987903,0.983199,0.94086,5.00319,4.90342,4.99609,5.24173,5.94042,5.54867,5.76225,5.83047,3.68022,2.70777,3.37994,3.73623,4.77436,4.53644,4.70887,4.91392,-9999,-9999
200511,2.981,1.0,119.774,41.429,1.0,287.951,0.0,1.289,1.0,97.357,0.0,1.703,1.0,2.111,1.0,0.135985486185,0.871527777778,5.10968319461,1.0,83.9398263889,1.0,19.8203247924,1.0,-9999,-9999,-9999,-9999,395.325,1.0,4.927,5.683,7.235,-9999,-9999,1.0,1.0,1.0,-9999,-9999,-9999,-9999,-8.04171,1.0,5.18234,1.0,13.7194,0.167281,-5.02642,1.0,-13.3066,0.29327,0.592695,0.993056,0.0314849,0.52796,0.613199,0.643124,0.999306,0.980556,0.970833,2.46594,2.30679,2.47337,2.52251,1.84441,1.7882,1.85409,1.87896,1.52268,1.22045,1.47606,1.58912,1.45794,1.29256,1.43017,1.46969,-9999,-9999
200512,-0.263,1.0,83.8091,18.59,1.0,289.017,0.0,0.649,1.0,97.154,0.0,2.79,1.0,2.837,0.99664,0.186299920786,0.9375,-0.671167242153,0.997311827957,39.063030914,1.0,19.1628010887,1.0,-9999,-9999,-9999,-9999,391.768,1.0,1.47,2.05,3.59,-9999,-9999,1.0,1.0,1.0,-9999,-9999,-9999,-9999,-5.67453,1.0,0.226072,0.997984,0.0343644,0.0592578,-5.87758,0.998656,-0.893428,0.248246,0.565057,0.991935,0.0105897,0.531124,0.579232,0.588498,0.995296,0.989919,0.992608,0.769734,0.760435,0.767795,0.788487,0.1888,0.189255,0.208625,0.218814,0.768194,0.719357,0.751737,0.776295,0.229192,0.198943,0.222955,0.231452,-9999,-9999
200601,-4.798,1.0,100.35,40.348,1.0,258.579,0.0,0.614,1.0,98.13,0.0,0.913,1.0,1.912,0.886425,0.140375265021,0.878360215054,0.730808471841,1.0,79.6309543011,1.0,60.0573898273,1.0,-9999,-9999,-9999,-9999,405.884,1.0,0.073,0.929,2.493,-9999,-9999,1.0,0.209677,0.209677,-9999,-9999,-9999,-9999,-6.44017,1.0,0.24529,0.999328,0.0620197,0.0495464,-2.19496,1.0,-0.554979,0.206765,0.329195,0.979839,0.00879321,0.324371,0.338841,0.353909,0.965054,0.995296,0.994624,0.390196,0.387035,0.394305,0.408364,0.0611866,0.0444005,0.0589145,0.0687917,0.399181,0.363413,0.396393,0.427333,0.0300992,0.00940332,0.0163328,0.0305203,-9999,-9999
200602,-2.173,1.0,163.947,50.846,0.997024,275.59,0.0,0.773,1.0,97.05,0.0,1.639,1.0,2.393,0.912946,0.160948110291,0.912202380952,4.16780835192,1.0,112.943525168,0.998511904762,89.3841737887,1.0,-9999,-9999,-9999,-9999,395.653,0.998512,-0.213,0.916,2.468,-9999,-9999,1.0,0.0,0.0,-9999,-9999,-9999,-9999,-1.9439,1.0,0.266236,0.998512,0.308718,0.0437445,-3.86289,0.998512,-4.47928,0.209599,0.259212,0.950149,0.00612208,0.244386,0.265134,0.280563,0.946429,0.958333,0.948661,0.253602,0.253513,0.259279,0.292263,-0.00468775,0.00102186,0.00824201,0.0141839,0.37871,0.296939,0.318033,0.355357,0.0811177,0.0440871,0.0543981,0.0716857,-9999,-9999
200603,0.24,1.0,259.983,93.19,1.0,280.042,0.0,1.293,1.0,96.735,0.0,2.516,1.0,2.313,0.950941,0.155931908919,0.934811827957,20.8016758046,1.0,200.867177419,1.0,139.608286698,1.0,-9999,-9999,-9999,-9999,385.955,0.997984,0.78,0.867,2.399,-9999,-9999,0.995968,0.0,0.0,-9999,-9999,-9999,-9999,0.288681,1.0,1.90852,0.995968,4.60653,0.127081,-5.26935,0.997984,-12.7185,0.252285,0.371958,0.975806,0.008646,0.363397,0.374748,0.38518,0.995296,0.872984,0.971774,0.454907,0.394106,0.430975,0.454907,0.0729056,0.0178036,0.0729056,0.0872216,0.845439,0.590369,0.799206,0.845439,0.4284,0.283734,0.385296,0.419406,-9999,-9999
200604,6.943,1.0,364.155,133.273,1.0,299.521,0.0,2.727,1.0,97.031,0.0,1.803,0.95625,1.89,0.898611,0.168660769807,0.811111111111,83.7738930396,0.952083333333,265.739609674,0.952083333333,17.7367391632,0.952083333333,-9999,-9999,-9999,-9999,395.398,0.997917,7.671,0.852,2.348,-9999,-9999,1.0,0.0,0.0,-9999,-9999,-9999,-9999,6.28956,1.0,17.1416,0.997222,41.374,0.201036,15.4383,0.995833,37.2628,0.261751,-0.363019,0.943056,0.0211613,-0.446067,-0.213014,-0.138437,0.976389,0.924306,0.791667,1.38035,1.3741,2.13331,2.14318,1.65253,1.74065,2.19769,2.30274,1.2008,1.18733,1.25664,1.37535,2.00759,2.00185,2.06813,2.11129,-9999,-9999
200605,11.956,1.0,445.628,193.001,1.0,315.632,0.0,5.323,1.0,97.231,0.0,2.426,1.0,2.391,0.939516,0.201507202926,0.931451612903,124.767924731,1.0,391.729630376,1.0,19.0434879563,1.0,-9999,-9999,-9999,-9999,397.297,1.0,12.749,0.851,2.349,-9999,-9999,1.0,0.0,0.0,-9999,-9999,-9999,-9999,2.55023,1.0,36.0799,0.999328,83.5565,0.342263,16.702,0.997984,38.6797,0.349978,-2.2864,0.887097,0.0491287,-2.62505,-1.97929,-1.85972,0.924731,0.813844,0.892473,2.48531,2.87027,4.33754,4.36194,4.76254,5.54581,6.06846,6.22166,4.00619,3.42368,3.85869,4.00286,6.96011,6.49608,6.79611,6.90677,-9999,-9999
200606,15.552,1.0,483.271,219.701,0.997917,342.209,0.0,6.272,1.0,97.664,0.0,3.83,1.0,1.571,0.783333,0.155297611816,0.754166666667,151.479579167,1.0,462.172972222,1.0,23.9328690962,0.969444444444,-9999,-9999,-9999,-9999,413.701,0.991667,16.807,0.852,2.348,-9999,-9999,0.790278,0.0,0.0,-9999,-9999,-9999,-9999,5.24981,1.0,47.8645,0.991667,105.871,0.414228,18.2464,0.991667,40.3589,0.276479,-1.92881,0.852778,0.0448836,-2.05719,-1.64068,-1.58869,0.821528,0.793056,0.84375,5.68481,4.33258,5.35366,5.99802,7.2735,6.14637,7.2735,7.54817,3.00989,2.25194,2.70743,3.09708,5.94178,5.32577,5.48409,5.72694,-9999,-9999
200607,20.239,1.0,465.53,238.766,0.998656,359.176,0.0,10.184,1.0,97.654,0.0,0.894,0.899866,1.341,0.854839,0.16461504887,0.725134408602,159.737104475,0.870967741935,512.229382716,0.870967741935,24.7490859282,0.870967741935,-9999,-9999,-9999,-9999,417.649,0.980511,21.757,4.202,4.468,-9999,-9999,0.875,0.0,0.0,-9999,-9999,-9999,-9999,7.44259,1.0,58.046,0.977151,114.556,0.429234,19.8644,0.980511,39.203,0.309783,-0.877757,0.891129,0.0447613,-1.32422,-1.04753,-0.900048,0.66129,0.856855,0.834677,3.29893,1.83468,3.00465,3.8044,4.17288,3.54486,4.08519,4.74039,1.98328,1.83664,2.00611,2.71449,3.79245,3.97883,4.1929,4.50637,-9999,-9999
200608,14.859,1.0,397.991,128.43,1.0,343.559,0.0,4.006,1.0,96.732,0.0,5.759,0.946909,2.058,0.995296,0.18998384752,0.992607526882,81.4593916671,0.935483870968,271.783376437,0.935483870968,8.99727865876,0.935483870968,-9999,-9999,-9999,-9999,388.892,1.0,16.74,4.377,4.573,-9999,-9999,0.674059,0.0,0.0,-9999,-9999,-9999,-9999,-1.38475,1.0,24.7389,1.0,58.5108,0.303123,9.87317,1.0,23.3513,0.271197,-0.174151,0.989919,0.0409524,-0.400849,-0.157238,-0.00894694,0.992608,0.987903,0.983871,5.25761,4.98042,5.25761,5.42224,5.43588,5.36384,5.39919,5.47082,4.1918,3.85483,4.37433,4.60711,5.10547,4.74849,5.00019,5.06579,-9999,-9999
200609,15.319,1.0,301.869,143.387,1.0,334.313,0.0,5.579,1.0,97.357,0.0,0.697,0.926389,1.999,0.920833,0.189562913024,0.907638888889,84.1607119948,0.925694444444,292.570803047,0.925,14.8370152725,0.818055555556,-9999,-9999,-9999,-9999,400.763,0.998611,14.874,4.374,4.575,-9999,-9999,0.0,0.0,0.0,-9999,-9999,-9999,-9999,0.118014,1.0,29.8804,0.998611,66.3358,0.322762,7.95323,0.998611,17.6565,0.311267,-0.0783197,0.949306,0.0475131,-0.460892,-0.0624921,0.330336,0.938889,0.952083,0.811806,4.44836,4.24073,4.45727,4.6011,4.29281,4.28246,4.42354,4.56669,3.89988,2.83139,3.70751,3.93824,4.16812,3.85659,4.0343,4.16812,-9999,-9999
200610,10.923,1.0,200.027,80.462,1.0,326.323,0.842742,3.058,1.0,97.207,0.0,4.071,1.0,2.112,0.857527,0.175320601187,0.837365591398,25.9863311189,0.997311827957,150.717265929,0.997311827957,8.02193119608,0.788978494624,18.5454518375,0.645161290323,360.388371875,0.645161290323,393.177,0.999328,10.654,4.419,4.564,-9999,-9999,0.520833,0.0,0.0,-9999,-9999,-9999,-9999,-3.89071,1.0,13.1015,0.999328,47.6658,0.222821,-4.60985,0.999328,-16.7716,0.316747,-0.272265,0.967742,0.031697,-0.278027,-0.151042,-0.137421,0.969086,0.952957,0.977151,3.40703,3.34088,3.40703,3.44107,3.67624,3.53066,3.57962,3.62652,2.97585,2.82038,3.29842,3.70555,3.61037,3.43979,3.50971,3.7679,-9999,-9999
200611,6.329,0.990972,119.774,42.917,0.991667,301.831,0.990972,1.999,0.990972,97.301,0.0,1.979,0.886806,3.049,0.961111,0.232525664975,0.945138888889,-4.76437837239,0.986805555556,72.8084435627,0.986805555556,4.40091320534,0.9875,11.1370977502,0.9875,336.349810595,0.9875,389.336,0.990972,6.489,4.311,4.702,-9999,-9999,1.0,0.0,0.0,-9999,-9999,-9999,-9999,-4.88454,0.990972,4.56581,0.990972,-0.226771,0.152603,-7.75246,0.990972,0.385043,0.313625,0.120372,0.984722,0.0231328,0.120403,0.12808,0.143478,0.984722,0.984722,0.986111,1.96483,1.94032,1.97769,1.98809,1.83702,1.79056,1.82633,1.8571,1.7235,1.57208,1.72902,1.8566,1.81975,1.71133,1.81536,1.8836,-9999,-9999
200612,4.022,0.764113,83.8091,30.728,0.766801,296.352,0.764113,1.652,0.764113,97.991,0.0,1.642,0.677419,2.594,0.991263,0.19591776821,0.987231182796,-5.55632714716,0.727150537634,54.5879723085,0.728494623656,3.90115401822,0.728494623656,9.74883297237,0.728494623656,322.147227484,0.728494623656,392.991,1.0,4.208,4.153,4.704,-9999,-9999,1.0,0.197581,0.197581,-9999,-9999,45.928,0.764113,-4.23576,0.764113,2.48993,1.0,0.614112,0.0879645,-11.3987,1.0,-2.81135,0.285813,0.390298,0.958333,0.0143184,0.366832,0.397187,0.40223,0.965054,0.948925,0.954973,1.31681,1.27688,1.32754,1.33375,0.918589,0.913659,0.92459,0.930686,1.1759,1.14003,1.18719,1.25201,0.924157,0.928988,0.93937,0.967932,-9999,-9999
200701,3.662,0.916667,100.35,30.704,0.923387,298.29,0.916667,1.844,0.916667,97.065,0.0,2.726,0.635081,4.187,0.827285,0.319782920542,0.803091397849,-4.79646762297,0.815188172043,58.1370865127,0.818548387097,15.0304115641,0.818548387097,12.8626146715,0.818548387097,323.495853422,0.818548387097,384.413,0.956989,3.643,3.952,5.028,-9999,-9999,0.916667,0.916667,0.916667,-9999,-9999,48.225,0.915323,-2.33253,0.916667,2.61985,0.956317,0.678663,0.103026,-12.5852,0.956989,-3.26017,0.264784,0.583277,0.950941,0.0125636,0.567563,0.580973,0.584232,0.955645,0.951613,0.950941,1.29077,1.2895,1.29215,1.30257,0.708364,0.714905,0.71903,0.727542,1.20637,1.20238,1.20653,1.22402,0.683943,0.672794,0.677617,0.706052,-9999,-9999
200702,3.122,0.705357,163.947,55.61,0.704613,295.508,0.705357,1.191,0.705357,96.793,0.0,2.535,0.634673,2.818,0.991815,0.204883594832,0.990327380952,11.3987251899,0.677827380952,82.4267483203,0.677827380952,8.67879403499,0.678571428571,11.4478472595,0.678571428571,322.476623904,0.678571428571,393.752,1.0,2.914,3.178,4.096,-9999,-9999,0.705357,0.705357,0.705357,-9999,-9999,49.484,0.705357,-2.98195,0.705357,3.81459,1.0,4.42327,0.0926208,-0.218113,1.0,-0.252917,0.277688,-0.115015,0.945685,0.0184477,-0.127624,-0.112508,-0.0149581,0.957589,0.939732,0.845238,1.00987,1.01862,1.02697,1.1696,1.12196,1.12212,1.15564,1.17156,0.782785,0.744478,0.767163,0.973757,1.18751,1.18983,1.21552,1.23151,-9999,-9999
200703,4.864,0.964382,259.983,114.597,0.965726,284.007,0.964382,2.383,0.964382,97.171,0.0,2.282,0.889113,2.5,0.977823,0.190189686076,0.977150537634,41.592003702,0.952956989247,196.652793981,0.953629032258,16.4532858472,0.953629032258,27.0734089339,0.953629032258,332.52614213,0.953629032258,389.896,1.0,5.034,5.184,5.497,-9999,-9999,0.964382,0.964382,0.964382,-9999,-9999,48.135,0.964382,-1.20894,0.964382,14.3452,1.0,29.5524,0.174749,4.93066,1.0,10.1576,0.271004,-1.13189,0.989919,0.0264864,-1.22059,-1.12324,-1.10242,0.992608,0.989919,0.977151,2.09524,1.84808,2.11547,2.21863,3.21848,3.06735,3.23989,3.31417,1.72066,1.55809,1.68514,1.72811,3.05009,2.98809,3.03399,3.08487,-9999,-9999
200704,9.447,0.748611,364.155,219.953,0.751389,285.991,0.748611,5.517,0.748611,97.733,0.0,0.036,0.734028,2.165,0.997917,0.173141776613,0.995833333333,106.340591888,0.720833333333,383.961897727,0.720833333333,16.5598309109,0.720833333333,49.0219234403,0.720833333333,356.915170265,0.720833333333,385.544,1.0,10.012,9.719,8.506,-9999,-9999,0.748611,0.748611,0.748611,-9999,-9999,33.981,0.748611,2.80437,0.748611,39.9851,0.999306,69.6458,0.285265,20.4385,1.0,35.5997,0.285967,-2.97351,0.847917,0.0381585,-3.05445,-2.93068,-2.82053,0.875694,0.852083,0.755556,3.60733,2.72054,3.65702,4.28328,6.5862,5.77434,6.60523,7.09299,3.52661,2.11477,2.64297,3.32265,6.13562,5.55566,5.8897,6.43878,-9999,-9999
200705,13.83,0.928091,445.628,239.406,0.929435,326.58,0.928091,6.027,0.928091,96.803,0.0,5.143,0.920699,2.132,0.938844,0.207904748985,0.920698924731,133.784854835,0.920698924731,434.892800125,0.92002688172,16.9645520207,0.920698924731,52.5777584256,0.920698924731,382.142578305,0.920698924731,402.68,0.919355,14.643,14.155,12.293,-9999,-9999,0.928091,0.928091,0.928091,-9999,-9999,29.932,0.928091,3.34091,0.928091,45.0393,0.90121,85.2984,0.372078,21.8554,0.998656,41.3912,0.3285,-2.08129,0.755376,0.0524295,-2.13065,-2.0851,-2.04017,0.825941,0.823253,0.719086,6.79198,5.78903,6.79198,7.11289,8.87458,7.93829,8.82668,9.23608,4.72749,3.83175,4.34348,4.96141,7.06075,6.14092,6.70751,7.66903,-9999,-9999
200706,17.218,0.859722,483.271,231.985,0.861111,345.377,0.859722,6.828,0.859722,96.946,0.0,3.215,0.852083,1.944,0.788889,0.169916664074,0.7875,130.604580256,0.852083333333,442.78243872,0.85,26.8084856649,0.852083333333,48.3709979625,0.852083333333,407.59791916,0.852083333333,429.971,0.853472,18.2,16.795,15.895,-9999,-9999,0.859722,0.528472,0.859722,-9999,-9999,35.441,0.859722,2.68451,0.859722,38.6651,0.852778,75.2666,0.519793,22.7027,0.992361,44.1937,0.462936,0.402156,0.81875,0.0720976,0.250291,0.364903,0.821201,0.828472,0.815278,0.745139,5.52606,5.21067,5.4131,6.78525,5.1649,4.90828,5.03231,5.91346,3.93439,3.83375,4.46824,4.66893,4.49652,4.12825,4.44598,4.54528,-9999,-9999
200707,17.07,1.0,465.53,205.796,1.0,353.697,1.0,6.805,1.0,96.948,0.0,4.265,1.0,2.373,0.782258,0.222664563012,0.766129032258,119.517802191,1.0,376.82549245,0.999327956989,17.1675663331,1.0,41.4258362744,1.0,398.652961694,1.0,391.848,0.989247,18.325,18.012,16.456,-9999,-9999,1.0,0.991935,0.190188,-9999,-9999,39.676,1.0,1.34032,1.0,54.9688,0.989247,108.135,0.40651,5.16896,0.989247,10.1684,0.317052,-1.47148,0.979167,0.0416038,-1.67113,-1.41041,-1.34363,0.987231,0.985215,0.973118,7.82527,6.98188,7.92993,8.28606,9.30521,8.68145,9.34307,9.60547,7.48281,7.24806,7.46346,7.70602,9.35892,8.92457,9.14489,9.2201,-9999,-9999
200708,16.089,1.0,397.991,183.54,1.0,347.156,1.0,4.571,1.0,97.163,0.0,3.577,1.0,1.521,0.795027,0.150285245849,0.762768817204,98.5009583032,1.0,324.678542382,0.999327956989,16.4979981336,1.0,38.352193247,1.0,393.843260753,1.0,407.012,0.979167,17.217,16.762,16.44,-9999,-9999,1.0,0.956317,0.0,-9999,-9999,39.262,1.0,0.670965,1.0,42.2647,0.988575,75.9677,0.391492,12.0873,0.989919,21.7261,0.251499,0.276462,0.865591,0.0383896,0.0255318,0.276462,0.380976,0.651882,0.865591,0.741263,7.54062,7.09821,7.33892,7.59257,7.28027,6.87025,7.0316,7.32721,5.41668,4.40974,5.67998,5.9306,6.2634,5.3601,5.9654,6.08303,-9999,-9999
200709,11.459,1.0,301.869,117.709,1.0,328.548,1.0,2.551,1.0,97.373,0.0,4.35,1.0,2.395,0.965278,0.184115409661,0.946527777778,53.4001035764,0.998611111111,205.184145833,1.0,10.8901785751,1.0,24.3082593488,1.0,367.958728472,1.0,392.683,1.0,13.313,13.384,16.203,-9999,-9999,1.0,0.995833,0.0,-9999,-9999,46.895,1.0,-3.80623,1.0,18.1529,1.0,43.6859,0.23895,5.86354,1.0,14.1109,0.260484,-0.223287,0.990278,0.0382094,-0.302434,-0.282825,-0.246914,0.995139,0.995139,0.995833,4.51379,4.29846,4.34065,4.38591,4.71817,4.59383,4.62333,4.65954,4.46198,3.64266,4.03895,4.28839,4.37345,4.10472,4.17688,4.35321,-9999,-9999
200710,6.818,1.0,200.027,70.16,1.0,312.713,1.0,1.251,1.0,97.953,0.0,1.313,1.0,1.489,0.99664,0.154337503649,0.987903225806,23.0758645908,0.999327956989,120.996142473,1.0,4.95127766843,1.0,15.2007110323,1.0,344.487613575,1.0,412.124,1.0,9.309,9.644,16.005,-9999,-9999,0.977151,0.977151,0.0,-9999,-9999,47.167,1.0,-5.0137,1.0,10.6198,1.0,21.6169,0.160991,3.26435,1.0,6.64465,0.232736,-0.191405,0.973118,0.0302712,-0.475679,-0.366267,-0.272432,0.985215,0.959677,0.966398,3.30534,2.9994,3.06485,3.34117,3.56339,3.37647,3.48894,3.6148,3.12801,2.32803,2.93551,3.07452,3.51982,3.23296,3.48495,3.54835,-9999,-9999
200711,2.279,1.0,119.774,29.75,0.995833,299.551,1.0,0.661,1.0,97.21,0.0,4.223,1.0,2.66,0.999306,0.218655499832,0.995138888889,0.220448154511,0.999305555556,50.7562430556,1.0,9.28087874178,1.0,9.30609137868,1.0,319.920910417,1.0,400.032,1.0,4.536,5.274,16.005,-9999,-9999,1.0,0.979861,0.0,-9999,-9999,50.875,1.0,-7.35232,1.0,3.26503,0.997222,4.52616,0.110298,-7.41661,1.0,-10.2813,0.255824,0.545881,0.995833,0.0173883,0.550233,0.554552,0.558939,0.973611,0.974306,0.996528,1.61824,1.6107,1.62226,1.63364,1.0723,1.05769,1.07244,1.07608,1.32459,1.1877,1.25342,1.26801,0.927768,0.917113,0.923118,0.9324,-9999,-9999
200712,0.725,1.0,83.8091,29.749,1.0,280.096,1.0,0.995,1.0,97.808,0.0,2.112,0.419355,2.314,0.790323,0.216737966493,0.773521505376,-9.55583749798,0.999327956989,47.0814180108,1.0,3.88108887537,1.0,6.6558677619,1.0,312.628618952,1.0,407.732,0.992608,2.212,2.046,16.007,-9999,-9999,1.0,0.400538,0.0,-9999,-9999,49.417,1.0,-5.06732,1.0,3.75056,0.992608,2.7641,0.137072,-10.2961,0.992608,-7.58807,0.337946,0.67448,0.887769,0.011704,0.644504,0.663601,0.672576,0.959677,0.84207,0.959005,1.35843,1.18425,1.22348,1.31254,0.684802,0.545863,0.564763,0.645305,1.03137,0.890396,1.00452,1.02873,0.641281,0.573038,0.596611,0.633131,-9999,-9999
200801,2.986,1.0,100.35,36.767,1.0,289.953,1.0,1.429,1.0,97.429,0.0,3.079,0.783602,3.2,1.0,0.258792655807,0.997983870968,-2.37482632297,1.0,60.3408938172,1.0,7.30595438736,1.0,8.75344606001,1.0,320.340945565,1.0,398.233,1.0,2.373,2.558,16.658,-9999,-9999,0.990591,0.995968,0.0,-9999,-9999,48.497,1.0,-2.39434,1.0,6.09187,1.0,0.00581166,0.151806,-15.8841,0.999328,-0.0151535,0.339508,0.579625,0.993952,0.0115325,0.577694,0.583558,0.600237,0.995968,0.995968,0.995968,1.19918,1.19985,1.20122,1.2063,0.617644,0.611134,0.61608,0.625335,0.789744,0.80158,0.829225,0.838415,0.505277,0.507098,0.517733,0.519353,-9999,-9999
200802,4.117,1.0,165.464,67.915,1.0,283.641,1.0,2.329,1.0,98.081,0.0,1.169,1.0,2.492,1.0,0.200619030797,0.998563218391,13.4015310277,1.0,112.046293103,1.0,9.354978427,1.0,13.6857609835,1.0,324.468821121,1.0,401.16,1.0,3.359,3.479,16.755,-9999,-9999,0.997126,0.99569,0.0,-9999,-9999,48.207,1.0,-2.59958,1.0,9.51187,1.0,23.8096,0.178426,-3.11947,1.0,-7.80848,0.34699,0.396402,0.996408,0.0154295,0.377142,0.395113,0.40699,0.999282,0.994971,0.990661,1.64236,1.64353,1.64838,1.66213,1.24539,1.24983,1.25626,1.26631,1.33177,1.22372,1.32646,1.36232,1.1609,1.04812,1.14441,1.16348,-9999,-9999
200803,4.644,1.0,263.479,110.489,1.0,283.584,1.0,2.805,1.0,96.17,0.0,3.029,1.0,3.097,0.998656,0.228402935398,0.998655913978,27.1158888272,1.0,189.351629347,0.999327956989,59.9274314793,1.0,44.796649144,1.0,322.394829301,1.0,398.004,0.999328,3.743,3.955,16.749,-9999,-9999,0.993952,0.987231,0.0,-9999,-9999,49.383,1.0,-3.06395,1.0,5.42021,1.0,12.3049,0.181248,-4.6059,0.999328,-10.4562,0.367952,0.179185,0.999328,0.0240979,0.177478,0.183394,0.186311,0.999328,0.999328,1.0,1.21144,1.17864,1.2081,1.24087,1.02637,0.994658,1.0254,1.04816,0.916892,0.912527,0.927809,0.949972,0.856346,0.850126,0.865271,0.872968,-9999,-9999
200804,7.626,1.0,367.324,138.918,1.0,313.53,1.0,3.022,1.0,96.788,0.0,4.797,1.0,1.854,0.630556,0.161814634479,0.616666666667,77.4433587349,0.998611111111,243.314789303,0.998611111111,11.4055554288,1.0,27.3687038837,1.0,346.941809722,1.0,403.322,0.947917,7.507,7.333,16.743,-9999,-9999,1.0,1.0,0.0,-9999,-9999,50.14,1.0,0.788905,1.0,25.4297,0.945833,51.8056,0.261193,14.0731,0.949306,28.6699,0.254306,-2.33811,0.913889,0.0405831,-2.30607,-2.2879,-2.22087,0.929167,0.927083,0.876389,3.73629,3.74224,3.82457,3.86165,6.07863,6.05571,6.10734,6.14594,3.15051,3.08089,3.15329,3.26495,5.96963,5.83927,5.91216,6.19218,-9999,-9999
200805,14.039,0.999328,447.653,233.087,1.0,320.374,1.0,6.104,0.999328,97.343,0.0,1.303,1.0,1.438,0.916667,0.141474365856,0.899865591398,125.505201701,0.998655913978,414.918559683,0.998655913978,18.2699215388,1.0,48.4374287773,1.0,379.116163306,1.0,411.165,0.995296,13.534,12.721,16.668,-9999,-9999,1.0,0.760753,0.0,-9999,-9999,35.645,0.998656,4.12497,1.0,57.7051,0.99328,86.8179,0.377022,22.7958,0.994624,34.2965,0.24623,-2.64012,0.837366,0.0515676,-2.84943,-2.64522,-2.58087,0.801747,0.827285,0.84543,7.00294,7.00764,7.39999,7.44233,9.63812,9.64173,9.95349,10.1178,6.62968,6.31092,6.53878,6.63538,9.67844,9.58616,9.76053,9.85131,-9999,-9999
200806,17.686,0.995833,483.583,247.776,0.995833,336.696,0.995833,8.371,0.995833,97.232,0.0,1.447,1.0,1.569,0.998611,0.161372148641,0.998611111111,132.960230947,0.994444444444,442.501419444,0.994444444444,19.8730506568,0.994444444444,49.9524585201,0.994444444444,398.717279444,0.994444444444,399.743,1.0,18.176,17.271,16.714,-9999,-9999,0.995833,0.790278,0.0,-9999,-9999,23.405,0.995833,2.08341,0.995833,63.2728,1.0,97.8886,0.394914,22.5589,1.0,34.9006,0.295577,-2.57455,0.896528,0.0595718,-2.54279,-2.48802,-2.46571,0.895139,0.890278,0.900694,7.57569,7.51198,7.57855,7.80834,10.1185,10.0032,10.0754,10.258,5.69388,5.92807,6.24985,6.39016,9.21496,9.11717,9.32,9.37516,-9999,-9999
200807,18.598,0.748656,464.048,216.006,0.75,350.141,0.748656,8.461,0.748656,97.205,0.0,2.584,1.0,1.806,0.998656,0.193042184712,0.997983870968,119.534287925,0.727822580645,378.372681159,0.728494623656,18.4036667411,0.728494623656,44.2136107206,0.728494623656,402.534677536,0.728494623656,396.312,0.999328,18.908,18.325,16.839,-9999,-9999,0.748656,0.748656,0.704301,-9999,-9999,25.013,0.747984,2.75542,0.748656,56.2667,0.998656,86.5203,0.361219,20.1657,1.0,31.0085,0.359631,-0.823628,0.947581,0.0465122,-0.956105,-0.844705,-0.812143,0.918683,0.950941,0.952285,7.67865,7.67865,7.86903,7.92337,8.51829,8.51491,8.73554,8.85828,6.2657,6.41621,6.97952,7.21627,8.36904,8.42486,8.83789,9.0767,-9999,-9999
200808,18.258,1.0,395.185,186.586,1.0,344.759,1.0,8.038,1.0,97.089,0.0,4.119,1.0,2.029,1.0,0.188387231183,1.0,94.4281264238,0.997983870968,319.201254147,0.998655913978,18.8923860524,1.0,34.7138449039,1.0,401.172762097,1.0,395.443,0.999328,18.255,18.141,17.358,-9999,-9999,1.0,1.0,1.0,-9999,-9999,30.673,1.0,-0.0210592,1.0,50.7664,0.999328,70.7461,0.352794,17.5751,0.998656,24.492,0.365023,1.33242,0.97379,0.0461313,1.27569,1.31644,1.3254,0.967742,0.977151,0.974462,6.8431,6.73867,6.86007,6.91527,5.5177,5.41415,5.56673,5.64954,5.6274,5.78896,5.90371,5.98547,5.36444,5.49079,5.61041,5.71572,-9999,-9999
200809,12.542,1.0,298.477,118.985,0.992361,326.902,1.0,3.902,1.0,97.537,0.0,2.29,1.0,1.442,0.998611,0.143632902778,0.998611111111,53.1168167896,0.997222222222,187.209604167,1.0,8.97571704121,1.0,24.2201287986,1.0,368.891318056,1.0,402.683,1.0,15.145,14.789,15.112,-9999,-9999,1.0,1.0,1.0,-9999,-9999,34.6,1.0,-3.23282,1.0,29.9893,0.999306,45.5741,0.290241,7.79542,0.999306,11.8465,0.273222,-0.842346,0.972222,0.0439331,-0.879368,-0.85519,-0.82584,0.960417,0.961111,0.975694,5.91289,5.90248,5.92655,6.00196,6.74321,6.73507,6.7697,6.90134,5.41321,5.33527,5.39673,5.46566,6.46289,6.45184,6.48655,6.54411,-9999,-9999
200810,9.71,1.0,196.903,80.026,0.979839,305.421,1.0,3.029,1.0,97.333,0.0,3.484,1.0,1.783,0.963038,0.170825966977,0.944220430108,22.6083722333,1.0,119.955007864,0.999327956989,6.44287079763,1.0,17.4525636297,1.0,349.228625,1.0,407.181,1.0,10.742,10.636,11.371,-9999,-9999,1.0,1.0,1.0,-9999,-9999,38.785,1.0,-4.72537,1.0,17.0873,0.999328,28.1536,0.23747,-0.477158,0.999328,-0.78618,0.338758,0.766052,0.99328,0.0357869,0.781115,0.794187,0.809401,0.971102,0.991263,0.994624,4.28906,4.24913,4.33887,4.38603,3.49488,3.45938,3.5282,3.60024,3.33875,3.4282,3.50763,3.60452,2.81304,2.81459,2.84544,2.87948,-9999,-9999
200811,5.457,1.0,117.81,38.628,1.0,300.577,1.0,1.763,1.0,96.986,0.0,1.163,1.0,2.408,0.999306,0.197175205674,0.997916666667,-0.524118621576,0.997916666667,56.0168108747,0.999305555556,7.7156618928,1.0,9.94213752081,1.0,329.4285875,1.0,413.292,1.0,7.348,7.219,8.429,-9999,-9999,1.0,1.0,1.0,-9999,-9999,43.998,1.0,-6.19373,1.0,6.16367,1.0,6.50155,0.150896,-6.59555,1.0,-6.9571,0.312718,0.813387,0.995833,0.0197229,0.814756,0.825711,0.844675,0.998611,0.995139,0.985417,2.11291,2.11457,2.12349,2.12863,1.29606,1.27979,1.30149,1.3106,1.58991,1.57153,1.59033,1.61049,1.14168,1.14469,1.16082,1.17271,-9999,-9999
200812,1.893,1.0,83.4938,24.877,0.998656,285.266,1.0,1.253,1.0,97.43,0.0,2.794,1.0,2.299,0.984543,0.185182475325,0.96438172043,-8.64205414812,0.993279569892,34.2253897849,1.0,5.51332216165,1.0,6.42901495744,1.0,312.428697581,1.0,404.071,1.0,3.798,3.602,5.006,-9999,-9999,1.0,1.0,1.0,-9999,-9999,48.594,1.0,-6.08725,1.0,2.46901,1.0,1.1407,0.0919778,-8.05844,1.0,-3.72304,0.292755,0.567815,0.983199,0.0133219,0.556947,0.563917,0.572894,0.969758,0.995296,0.977151,1.01433,0.991976,1.00243,1.00983,0.438375,0.420095,0.433702,0.448481,0.834487,0.778947,0.830577,0.846251,0.468686,0.428985,0.464249,0.473134,-9999,-9999
200901,-1.969,1.0,100.35,38.216,1.0,260.754,1.0,1.136,1.0,97.17,1.0,0.861,1.0,1.916,0.99664,0.149167250288,0.935483870968,-11.2550438763,1.0,68.2888642473,1.0,34.954021502,1.0,22.6700020228,1.0,287.624015457,1.0,411.708,1.0,0.893,1.1,2.427,-9999,-9999,0.994624,0.994624,0.994624,-9999,-9999,44.942,1.0,-4.3536,1.0,1.0824,1.0,0.714164,0.0801881,-11.5424,1.0,-7.6156,0.432645,0.48253,0.989919,0.0106244,0.46651,0.473541,0.479858,0.990591,0.989247,0.987903,0.534638,0.524116,0.53417,0.53614,0.0533025,0.0489633,0.054505,0.0694714,0.358983,0.355775,0.364546,0.454032,0.0641906,0.0646404,0.0680952,0.0992249,-9999,-9999
200902,0.654,1.0,163.947,54.684,1.0,287.298,1.0,1.087,1.0,96.815,1.0,2.796,1.0,2.831,0.995536,0.183210568712,0.97619047619,5.88361199033,1.0,102.485386905,1.0,47.6735700751,1.0,30.8822430141,1.0,305.21553125,1.0,406.324,0.997024,1.768,1.711,2.497,-9999,-9999,1.0,1.0,1.0,-9999,-9999,47.071,1.0,-2.7421,1.0,2.27466,0.995536,3.03006,0.0899053,-6.02224,1.0,-8.02216,0.301151,0.602937,0.991815,0.0106603,0.600354,0.602393,0.608838,0.991815,0.989583,0.989583,0.84,0.839339,0.841093,0.846072,0.237077,0.232956,0.238304,0.240679,0.799383,0.786834,0.847719,0.901244,0.241562,0.247914,0.259255,0.274375,-9999,-9999
200903,4.8,1.0,259.983,84.232,1.0,299.322,1.0,2.004,1.0,96.886,1.0,2.674,1.0,2.703,0.998656,0.205812877917,0.998655913978,36.5342382465,0.998655913978,156.399963109,0.999327956989,15.7893678616,1.0,17.2644451499,1.0,329.239270161,1.0,405.129,0.990591,4.63,4.068,4.133,-9999,-9999,1.0,1.0,1.0,-9999,-9999,50.322,1.0,-0.802545,1.0,11.435,0.988575,22.9201,0.178644,7.19876,0.990591,14.4291,0.54394,0.112487,0.989247,0.0163636,0.10992,0.11194,0.11422,0.989247,0.981183,0.989247,1.72552,1.69193,1.70438,1.7234,1.61212,1.57504,1.59423,1.61343,1.45608,1.45103,1.46074,1.47832,1.47875,1.47849,1.48507,1.50386,-9999,-9999
200904,11.812,1.0,364.155,216.179,1.0,294.151,1.0,5.838,1.0,97.19,1.0,1.177,1.0,1.704,0.993056,0.143289024148,0.99375,102.966644944,1.0,430.720631944,1.0,18.4238035313,1.0,43.9258529813,1.0,363.848140278,1.0,411.531,1.0,10.772,9.935,8.635,-9999,-9999,1.0,1.0,1.0,-9999,-9999,41.229,1.0,4.04359,1.0,47.9952,1.0,75.2819,0.370789,15.0722,1.0,23.6411,0.316714,-2.52935,0.929167,0.044023,-2.60718,-2.56928,-2.53494,0.9125,0.9125,0.929167,5.6158,5.08759,5.45322,5.6065,8.15074,7.71844,8.02697,8.15074,4.87948,4.67676,4.78895,4.92253,7.7959,7.58719,7.66924,7.74948,-9999,-9999
200905,13.695,1.0,445.628,209.421,0.99664,323.497,1.0,5.654,1.0,97.591,1.0,3.806,1.0,1.98,0.816532,0.183875482782,0.810483870968,114.173622655,0.998655913978,430.103465902,0.997983870968,13.3672302681,1.0,44.5388452863,1.0,374.677613575,1.0,416.671,0.981855,14.091,13.493,12.309,-9999,-9999,1.0,1.0,1.0,-9999,-9999,34.077,1.0,1.49569,1.0,49.1336,0.982527,86.0589,0.35734,15.3434,0.984543,26.8744,0.280279,-3.37599,0.96707,0.0529144,-3.4283,-3.36704,-3.34901,0.954973,0.951613,0.950269,6.88401,6.79779,6.84667,6.85131,10.2708,10.1913,10.2182,10.2391,6.34788,6.37021,6.5674,6.66235,10.0712,10.0905,10.1928,10.3284,-9999,-9999
200906,15.191,1.0,483.271,187.603,1.0,344.32,1.0,4.969,1.0,97.251,0.977778,3.533,1.0,1.938,0.919444,0.207296382325,0.919444444444,111.349650819,0.999305555556,359.816833333,1.0,11.8187566174,1.0,39.1074784701,1.0,381.02424375,1.0,403.591,0.99375,15.414,14.756,13.732,-9999,-9999,1.0,1.0,1.0,-9999,-9999,40.295,1.0,0.377457,1.0,57.1617,0.994444,87.2279,0.424855,15.6708,0.992361,23.9134,0.300689,-2.53353,0.979861,0.0582694,-2.6008,-2.55884,-2.53864,0.972917,0.978472,0.979861,7.88809,7.83934,7.87835,7.89017,10.4327,10.4145,10.4318,10.4623,6.99012,6.99336,7.01692,7.05566,9.8355,9.8585,9.86883,9.87783,-9999,-9999
200907,18.796,1.0,465.53,217.294,1.0,351.818,1.0,7.669,1.0,97.25,1.0,3.574,1.0,1.926,0.974462,0.188712451663,0.960349462366,121.835580136,1.0,400.643629032,1.0,19.9652456606,1.0,43.4826409489,1.0,403.793682124,1.0,405.854,1.0,19.152,18.148,16.785,-9999,-9999,1.0,1.0,1.0,-9999,-9999,44.934,1.0,3.81699,1.0,68.7533,1.0,95.9311,0.471096,15.8299,1.0,22.0875,0.396745,0.646239,0.986559,0.0665352,0.606073,0.630413,0.6391,0.987231,0.987231,0.986559,9.11317,8.92933,9.07082,9.12667,8.47636,8.32239,8.41761,8.48979,7.81428,7.70615,7.80886,8.03758,7.60873,7.53805,7.59525,7.76623,-9999,-9999
200908,18.751,1.0,397.991,222.764,1.0,340.195,1.0,8.292,1.0,97.573,1.0,5.842,1.0,1.505,0.874328,0.140986582939,0.85685483871,116.659880888,1.0,418.580810884,0.999327956989,16.2433098938,1.0,50.4960240228,1.0,396.019685484,1.0,410.221,0.997984,18.532,17.84,17.195,-9999,-9999,1.0,1.0,1.0,-9999,-9999,40.685,1.0,-0.112504,1.0,65.2789,0.995968,105.759,0.464437,6.74288,0.998656,10.9242,0.307378,-2.27785,0.939516,0.0588439,-2.31926,-2.27634,-2.15755,0.875,0.934812,0.946237,8.99945,8.97059,9.02412,9.12626,11.2841,11.2795,11.291,11.3521,7.75772,7.73533,7.87655,8.08372,11.0679,11.0679,11.1528,11.2352,-9999,-9999
200909,14.904,1.0,301.869,146.599,1.0,329.248,1.0,5.22,1.0,97.729,1.0,1.247,1.0,1.565,0.999306,0.146519316637,0.999305555556,67.079933225,1.0,258.074145833,1.0,11.8312651319,1.0,30.8240482174,1.0,378.156804861,1.0,421.74,1.0,15.291,15.169,15.156,-9999,-9999,1.0,1.0,1.0,-9999,-9999,35.136,1.0,-2.49093,1.0,31.2475,1.0,53.9073,0.336177,9.03416,0.999306,15.5855,0.321525,1.16438,0.969444,0.0560654,0.992077,1.14539,1.18809,0.951389,0.972917,0.972917,6.2717,6.14427,6.25814,6.28329,5.10747,5.03776,5.09075,5.21663,5.72333,5.57189,5.70646,5.76457,5.05809,4.85525,4.9414,5.07621,-9999,-9999
200910,8.161,1.0,200.027,64.645,1.0,315.879,1.0,2.417,1.0,97.312,1.0,3.657,0.877016,2.105,0.590726,0.208224788451,0.564516129032,22.1301381039,0.997983870968,113.285043754,0.999327956989,7.96896176613,1.0,13.8453452641,1.0,344.365194892,1.0,403.786,0.950269,10.22,10.142,11.212,-9999,-9999,1.0,1.0,1.0,-9999,-9999,45.163,1.0,-6.11868,1.0,12.2998,0.949597,29.6941,0.19902,0.197575,0.946909,0.476987,0.256082,-0.0229273,0.950269,0.0324118,-0.022478,-0.00748144,0.0101898,0.950269,0.950269,0.964382,3.28941,3.27522,3.29189,3.29841,3.31232,3.27678,3.29603,3.31232,2.48741,2.06234,2.29845,2.44267,2.81733,2.81086,2.82173,2.87765,-9999,-9999
200911,8.017,1.0,119.774,46.248,1.0,295.931,1.0,3.241,1.0,96.661,1.0,2.03,1.0,2.324,0.998611,0.206035820331,0.990277777778,-4.61397484236,1.0,80.2630069444,1.0,4.45168084097,1.0,9.00984985694,1.0,337.78381875,1.0,408.584,0.5,7.177,7.065,8.057,-9999,-9999,1.0,1.0,1.0,-9999,-9999,45.499,1.0,-4.75526,1.0,11.2383,0.944444,5.48123,0.17966,-19.35,0.944444,-9.43755,0.375733,0.207759,0.934028,0.0231852,0.20879,0.2178,0.221547,0.934028,0.939583,0.942361,2.01474,2.00479,2.01477,2.01645,1.80686,1.78502,1.79491,1.7985,1.93239,1.88275,1.91747,1.93538,1.38432,1.38324,1.38673,1.38782,-9999,-9999
200912,0.456,1.0,83.8091,26.05,1.0,282.27,1.0,1.255,1.0,96.482,1.0,3.665,0.663306,1.96,0.999328,0.163180994164,0.995295698925,-7.1957902836,1.0,46.3749395161,1.0,16.1383238911,1.0,11.6760361808,1.0,303.840668683,1.0,406.692,0.0,3.903,4.022,5.476,-9999,-9999,1.0,1.0,1.0,-9999,-9999,48.534,1.0,-6.52725,1.0,3.05548,0.55578,1.65352,0.142258,-6.74311,0.568548,-3.64915,0.516987,0.470629,0.559812,0.0234643,0.478164,0.480419,0.574172,0.561156,0.561156,0.546371,0.702195,0.708443,0.709209,1.14203,0.231567,0.229276,0.231567,0.573332,1.26159,1.26159,1.27959,1.30274,0.758631,0.756831,0.762872,0.764324,-9999,-9999
201001,-4.382,1.0,100.35,31.904,1.0,265.624,1.0,0.808,1.0,97.019,1.0,1.223,1.0,1.895,0.997984,0.158188175631,0.95564516129,-9.18424390856,0.987903225806,45.0556917753,0.999327956989,38.3277420565,1.0,24.043459588,1.0,283.123770161,1.0,402.424,0.700941,1.8,1.835,3.05,-9999,-9999,1.0,1.0,1.0,-9999,-9999,45.664,1.0,-3.96363,1.0,0.580157,0.676075,0.636666,0.0591317,-4.62882,0.702285,-5.07968,0.172066,0.796796,0.681452,0.00815465,0.758691,0.795244,0.807351,0.680108,0.684812,0.683468,0.680401,0.677865,0.682151,0.695213,-0.13493,-0.119871,-0.110724,-0.085024,0.79411,0.778374,0.782872,0.80233,0.0359482,0.0303338,0.0329562,0.0361479,-9999,-9999
201002,-0.289,1.0,163.947,72.704,1.0,267.906,1.0,1.737,1.0,96.178,1.0,0.921,1.0,2.192,0.99628,0.160810584507,0.99255952381,-3.53020262202,1.0,105.723483568,0.999255952381,79.102524747,1.0,49.0742332418,1.0,295.065750744,1.0,401.235,1.0,0.975,0.875,1.775,-9999,-9999,1.0,1.0,1.0,-9999,-9999,45.587,1.0,-2.81303,1.0,1.51737,1.0,0.0914936,0.181381,-13.4113,1.0,-0.808664,0.382904,0.663013,0.991071,0.0117797,0.657593,0.663666,0.671058,0.990327,0.989583,0.995536,0.797096,0.794531,0.798627,0.813497,0.133766,0.133766,0.13602,0.141709,0.919222,0.79831,0.933477,0.990183,0.215045,0.148115,0.209724,0.228729,-9999,-9999
201003,3.924,1.0,259.983,119.599,1.0,277.907,1.0,3.111,1.0,97.182,1.0,2.026,1.0,2.653,0.90457,0.203314363602,0.875672043011,35.0999891445,1.0,186.616996254,0.999327956989,50.1787904872,1.0,42.1719232325,1.0,320.252571237,1.0,398.464,1.0,3.325,2.732,2.902,-9999,-9999,1.0,1.0,1.0,-9999,-9999,46.264,1.0,-0.996794,1.0,14.4924,1.0,38.9676,0.217849,-1.06767,1.0,-2.8708,0.35869,0.389761,0.997312,0.0191273,0.377333,0.390124,0.423472,0.988575,0.997312,0.997312,1.76968,1.75328,1.76728,1.85482,1.37956,1.3738,1.37785,1.43485,1.22641,1.22867,1.26014,1.30768,1.16067,1.12538,1.14929,1.15736,-9999,-9999
201004,8.34,1.0,364.155,177.75,1.0,286.591,1.0,4.959,1.0,97.493,1.0,1.8,1.0,1.841,0.997222,0.165886631077,0.996527777778,81.0032344324,0.999305555556,295.996321365,0.999305555556,16.5651921111,1.0,34.3854252729,1.0,348.837786111,1.0,398.836,1.0,7.759,7.219,6.778,-9999,-9999,1.0,1.0,1.0,-9999,-9999,42.43,1.0,0.636781,1.0,33.0637,1.0,52.2976,0.275001,17.8999,1.0,28.3126,0.327969,-1.7769,0.980556,0.0367128,-1.78212,-1.7741,-1.72993,0.975,0.972917,0.991667,3.3492,3.3107,3.33208,3.36075,5.12529,5.06158,5.09959,5.12505,2.3588,2.35513,2.36789,2.46079,4.54922,4.53044,4.54683,4.57641,-9999,-9999
201005,11.473,1.0,445.628,141.441,1.0,334.252,1.0,3.69,1.0,96.952,1.0,4.161,1.0,2.114,0.872984,0.211979311823,0.858870967742,81.1375691129,1.0,247.458010753,1.0,11.1809654825,1.0,27.8133255242,1.0,366.742703629,1.0,393.442,0.994624,11.793,11.174,10.372,-9999,-9999,1.0,1.0,1.0,-9999,-9999,42.845,1.0,0.118857,1.0,29.4812,0.990591,53.9917,0.268476,14.673,0.992608,26.8721,0.242226,-2.90103,0.99328,0.0456404,-2.9041,-2.90095,-2.87901,0.99328,0.99328,0.99328,5.56216,5.55623,5.56594,5.59286,8.46311,8.45604,8.46331,8.4705,5.38619,5.43423,5.48664,5.526,8.44054,8.46231,8.48931,8.51789,-9999,-9999
201006,16.566,1.0,483.271,246.016,0.998611,333.499,1.0,7.986,1.0,97.244,1.0,2.807,1.0,1.686,0.997222,0.169383373375,0.997916666667,135.554898935,1.0,429.122388889,1.0,25.0354545417,1.0,48.3454770771,1.0,396.174044444,1.0,406.489,1.0,17.05,16.009,14.482,-9999,-9999,1.0,1.0,1.0,-9999,-9999,39.144,1.0,5.18458,1.0,65.2999,0.998611,96.115,0.448684,23.1754,1.0,34.1119,0.285608,-0.849699,0.986111,0.0682748,-0.918801,-0.849699,-0.772272,0.981944,0.986111,0.990972,8.17174,8.01739,8.12768,8.15867,9.01978,8.82259,8.92307,8.98218,7.1678,7.04811,7.1678,7.25253,8.46051,8.41676,8.47795,8.50437,-9999,-9999
201007,20.452,1.0,465.53,241.348,0.97043,353.446,1.0,10.986,1.0,97.432,1.0,4.103,1.0,1.526,1.0,0.156032333419,0.999327956989,139.191421065,0.999327956989,438.086890443,0.998655913978,19.410765461,1.0,51.1361436237,1.0,411.216784946,1.0,410.456,1.0,20.067,19.488,17.943,-9999,-9999,1.0,1.0,1.0,-9999,-9999,25.792,1.0,2.94349,1.0,76.4639,1.0,115.893,0.485642,13.6782,1.0,20.7315,0.292916,-2.4456,0.994624,0.0525642,-2.47159,-2.43,-2.3951,0.991935,0.99328,0.993952,8.89019,8.82768,8.85981,8.89865,11.3358,11.2738,11.3068,11.3358,8.3332,8.08248,8.27529,8.50783,11.3251,11.1183,11.2153,11.3479,-9999,-9999
201008,17.32,1.0,397.991,164.191,1.0,355.406,1.0,6.197,1.0,97.097,1.0,8.329,1.0,1.915,0.99664,0.193218871732,0.995967741935,92.0219665887,1.0,245.070954301,1.0,13.8811438293,1.0,31.0841253582,1.0,396.489836694,1.0,401.736,1.0,18.288,17.613,17.158,-9999,-9999,1.0,1.0,1.0,-9999,-9999,42.249,1.0,-1.13887,1.0,47.683,0.998656,75.8811,0.362111,10.786,0.999328,17.1646,0.281794,0.351313,0.985215,0.049571,0.260822,0.342808,0.351313,0.981183,0.985215,0.985215,7.88386,7.73883,7.79333,7.83715,7.53255,7.40229,7.49407,7.53255,6.91506,6.65425,6.80288,6.86161,7.03331,6.88963,7.01678,7.04998,-9999,-9999
201009,12.138,1.0,301.869,123.613,1.0,321.346,1.0,4.079,1.0,97.265,1.0,6.3,1.0,1.981,0.999306,0.186854625887,0.999305555556,54.3558579861,1.0,179.121722222,1.0,9.30997209306,1.0,23.9936910806,1.0,366.609113194,1.0,394.756,1.0,14.288,13.658,14.149,-9999,-9999,0.986111,1.0,1.0,-9999,-9999,43.275,1.0,-4.01264,1.0,27.7238,0.998611,48.4799,0.313609,5.5751,0.998611,9.74902,0.286251,-0.827916,0.983333,0.04794,-0.89072,-0.832193,-0.793662,0.975,0.983333,0.98125,5.34491,5.28539,5.32958,5.34812,6.17203,6.14706,6.15971,6.17315,4.13013,4.06135,4.14833,4.17744,5.68829,5.63191,5.65687,5.69188,-9999,-9999
201010,7.423,1.0,200.027,97.271,1.0,288.328,1.0,3.272,1.0,97.241,1.0,0.339,1.0,1.934,0.997984,0.181333069521,0.996639784946,25.7756260329,1.0,138.106688258,0.999327956989,7.38948160618,1.0,19.7778843589,1.0,340.045738575,1.0,401.384,1.0,8.358,8.851,10.396,-9999,-9999,0.99328,1.0,1.0,-9999,-9999,39.886,1.0,-4.52361,1.0,16.9949,0.999328,27.5214,0.238058,1.7232,1.0,2.79053,0.317127,0.321039,0.975806,0.0460203,0.254218,0.304753,0.350435,0.961694,0.977823,0.97379,3.44415,3.43381,3.44665,3.45486,3.12258,3.09384,3.14547,3.18249,2.83179,2.84035,2.93175,3.10354,3.01712,3.02911,3.08704,3.17685,-9999,-9999
201011,4.782,1.0,119.774,35.065,1.0,304.026,1.0,2.01,1.0,96.288,1.0,4.457,1.0,2.27,0.901389,0.214424796296,0.886805555556,-0.223034510417,1.0,51.9577992021,0.998611111111,10.8178407056,1.0,10.7077622097,1.0,328.549165972,1.0,403.854,1.0,6.103,6.59,8.013,-9999,-9999,1.0,1.0,1.0,-9999,-9999,45.821,1.0,-4.19335,1.0,5.46076,1.0,5.47415,0.128852,-7.1327,1.0,-7.15019,0.301779,0.793798,0.992361,0.0171906,0.774435,0.787972,0.798751,0.977083,0.999306,0.990972,1.78375,1.77256,1.78196,1.78612,0.989996,0.987959,0.991913,0.999272,1.4679,1.34509,1.4053,1.43304,0.954237,0.898519,0.924897,0.954283,-9999,-9999
201012,-4.576,1.0,83.8091,26.321,1.0,269.231,1.0,0.75,1.0,96.65,1.0,3.671,1.0,2.541,0.855511,0.214190634393,0.799059139785,-7.95150093281,0.986559139785,40.9426948925,1.0,30.8045810968,1.0,21.8486127702,1.0,282.617641129,1.0,416.591,0.973118,1.51,2.171,4.25,-9999,-9999,1.0,1.0,1.0,-9999,-9999,47.863,1.0,-5.16992,1.0,0.243286,0.984543,0.0937903,0.066844,-7.90075,0.956989,-3.04586,0.244333,0.727434,0.977823,0.0112271,0.726037,0.728618,0.746127,0.976478,0.978495,0.961694,0.65975,0.651517,0.659758,0.666124,-0.0676354,-0.102006,-0.0693,-0.0653053,1.17455,0.994617,1.04473,1.17042,0.0528633,0.034782,0.0528633,0.0669448,-9999,-9999
201101,0.55,1.0,100.35,37.895,0.99328,281.935,1.0,1.358,1.0,97.356,1.0,2.068,1.0,2.23,0.882392,0.176969426222,0.708333333333,-2.71387096774,1.0,61.8587218064,0.971102150538,31.4080913978,1.0,23.6662163978,1.0,300.404254032,1.0,400.494,0.997984,1.125,1.177,1.535,1.937,2.973,1.0,1.0,1.0,1.0,1.0,47.675,1.0,-3.66177,1.0,1.03061,0.995296,-0.0289886,0.172958,-15.9036,0.995968,0.447327,0.37088,0.739274,0.979839,0.00923385,0.736916,0.739274,0.745846,0.977823,0.979839,0.985887,0.766074,0.761085,0.766074,0.768555,0.0267997,0.022709,0.0238086,0.0246399,1.08101,1.0605,1.08101,1.12319,0.201735,0.198113,0.201735,0.212873,-9999,-9999
201102,-0.878,1.0,163.947,78.458,0.997768,256.829,1.0,1.957,1.0,97.418,1.0,0.607,1.0,2.306,0.880208,0.197676984809,0.778273809524,6.65162946429,1.0,129.79558944,0.967261904762,31.2710416667,1.0,29.3453720238,1.0,299.964665179,1.0,406.082,0.988839,0.864,0.934,1.269,1.66,2.617,1.0,1.0,1.0,1.0,1.0,41.263,1.0,-3.21398,1.0,5.49483,0.988839,-0.154556,0.136997,-8.69069,0.986607,0.244447,0.352503,0.440548,0.955357,0.00766973,0.449659,0.449659,0.455593,0.966518,0.966518,0.933036,0.835008,0.830881,0.835008,0.920024,0.39446,0.381223,0.39446,0.466466,0.713067,0.713067,0.713357,0.720505,0.371162,0.371162,0.373812,0.374372,-9999,-9999
201103,3.361,1.0,259.983,134.715,1.0,279.005,1.0,2.706,1.0,97.789,0.860215,0.997,1.0,1.899,0.0,-9999,-9999,56.2331653226,1.0,251.181572581,1.0,19.5146706989,1.0,30.1252419355,1.0,327.360907258,1.0,413.013,0.193548,3.267,3.135,3.058,3.148,3.235,1.0,1.0,1.0,1.0,1.0,38.319,1.0,-1.48217,1.0,17.5073,0.198925,32.5176,0.218774,10.5463,0.196909,19.5886,0.306308,-0.626582,0.18414,0.030524,-0.626582,-0.576193,-0.53473,0.18414,0.168683,0.184812,1.90616,1.90829,1.90829,2.01197,2.53274,2.44302,2.53274,2.58334,1.2831,1.2831,1.48081,1.56592,1.94187,1.94187,1.97119,1.97849,-9999,-9999
201104,10.714,1.0,364.155,181.979,1.0,305.33,1.0,5.547,1.0,97.483,0.997222,2.357,1.0,2.115,0.98125,0.181274162033,0.906944444444,87.9541875,1.0,358.842526005,0.999305555556,16.8805416667,1.0,38.1395694444,1.0,361.066618056,1.0,412.78,1.0,10.296,10.073,9.638,9.427,8.227,1.0,1.0,1.0,1.0,1.0,37.789,1.0,0.992319,1.0,36.5382,0.998611,67.8654,0.321248,10.2786,0.999306,19.0913,0.296466,-2.31137,0.981944,0.0440926,-2.29708,-2.28556,-2.26469,0.996528,0.974306,0.989583,4.15947,4.15947,4.38751,4.40851,6.47084,6.47084,6.67307,6.67319,3.31993,3.31993,3.44913,3.61558,5.96578,5.96578,6.10144,6.13468,-9999,-9999
201105,13.701,1.0,445.628,259.431,1.0,309.363,1.0,8.045,1.0,97.587,1.0,1.132,1.0,1.791,0.94086,0.187048781915,0.880376344086,137.781102151,1.0,513.194879896,0.997983870968,16.3705577957,1.0,55.3290793011,1.0,376.084408602,1.0,406.199,0.997984,14.435,14.158,13.575,13.277,11.742,1.0,1.0,1.0,1.0,1.0,28.887,1.0,1.79863,1.0,66.3015,0.99664,108.49,0.433674,16.6646,0.997984,27.2685,0.323255,-4.28867,0.982527,0.0576203,-4.3008,-4.28867,-4.16348,0.980511,0.982527,0.984543,6.73905,6.73905,6.74714,7.91681,11.0277,11.0315,11.0681,12.0803,5.53251,5.4071,5.45301,5.52416,10.5207,10.4303,10.4749,10.4924,-9999,-9999
201106,17.875,0.988194,483.271,238.066,1.0,343.363,1.0,9.124,0.988194,97.341,1.0,2.06,1.0,1.918,0.997917,0.198261791424,0.914583333333,131.357166371,0.998611111111,453.092230644,0.999305555556,21.8671597222,1.0,48.0171183511,0.998611111111,401.310270833,1.0,405.623,1.0,18.349,18.028,17.409,17.013,15.159,1.0,1.0,1.0,1.0,1.0,19.469,1.0,2.54681,1.0,58.0452,0.998611,91.6143,0.397337,24.0203,0.996528,37.9118,0.296938,-0.367563,0.996528,0.0440343,-0.367563,-0.364016,-0.349643,0.996528,0.997222,0.996528,6.54283,6.65008,6.6666,6.67184,6.91039,6.98295,7.01624,7.03586,6.98963,6.50894,6.68922,6.88607,7.32316,7.14475,7.27747,7.27747,-9999,-9999
201107,15.609,1.0,465.53,196.587,1.0,349.708,1.0,4.776,1.0,96.946,1.0,9.587,1.0,2.303,1.0,0.217670412766,0.944220430108,112.172466398,1.0,347.037721774,1.0,17.3251008065,1.0,37.5256989247,1.0,396.672788978,1.0,402.851,1.0,18.037,17.916,18.346,17.482,16.305,1.0,1.0,0.809812,1.0,1.0,35.888,1.0,0.973065,1.0,54.1584,0.998656,96.3102,0.394081,8.3898,0.999328,14.9196,0.305954,-1.53245,0.995296,0.0559342,-1.54147,-1.53245,-1.47151,0.995296,0.995296,0.997984,7.33891,7.33891,7.38896,7.40215,8.87135,8.87135,8.87366,8.91439,7.58665,7.58665,7.59125,7.64423,9.03693,8.99422,9.03298,9.05836,-9999,-9999
201108,17.352,1.0,397.991,191.339,1.0,350.044,1.0,5.096,1.0,97.255,1.0,3.184,1.0,1.642,0.96371,0.179591668874,0.865591397849,102.321810798,0.999327956989,325.73780914,1.0,13.7178494624,1.0,40.5798723118,1.0,398.207990591,1.0,415.177,1.0,18.432,18.357,18.726,17.95,16.81,1.0,0.991263,0.600806,1.0,1.0,40.261,1.0,2.24776,1.0,54.9279,0.997312,94.6658,0.446241,3.44763,0.997984,5.94185,0.337829,-1.179,0.991935,0.0618201,-1.25832,-1.179,-0.896865,0.991935,0.991935,0.99328,9.50417,9.3306,9.50417,9.75399,10.6832,10.6003,10.6509,10.6832,7.7247,7.43109,7.7247,8.23969,9.66166,9.4692,9.66166,9.93402,-9999,-9999
201109,14.418,1.0,301.869,159.578,1.0,330.061,1.0,4.086,1.0,97.48,1.0,2.92,1.0,1.43,1.0,0.149661643597,0.904166666667,74.3311507092,0.998611111111,263.666964096,0.998611111111,11.7133680556,1.0,35.1940138889,1.0,379.690986111,1.0,400.733,1.0,15.024,14.988,15.328,15.303,15.203,1.0,1.0,1.0,1.0,1.0,38.649,1.0,-0.924441,1.0,38.3982,0.997917,66.8778,0.435103,5.13665,0.998611,8.94645,0.32599,-0.413573,0.947917,0.0616113,-0.524936,-0.413573,-0.085431,0.947917,0.947917,0.965278,7.33633,6.92155,7.33633,7.95694,7.74991,7.51564,7.74991,8.04237,5.28939,5.13108,5.28939,5.37139,6.90669,6.80056,6.90669,6.95895,-9999,-9999
201110,8.639,1.0,200.027,96.503,1.0,305.291,1.0,2.459,1.0,97.691,1.0,1.942,1.0,1.937,0.999328,0.18244159853,0.89247311828,31.5662701613,1.0,150.578083391,0.999327956989,7.82760752688,1.0,21.0060685484,1.0,349.516895161,1.0,407.919,1.0,9.58,9.956,10.262,10.532,11.395,1.0,1.0,1.0,1.0,1.0,39.884,1.0,-3.46336,1.0,18.2995,0.999328,34.1817,0.254445,0.432877,0.999328,0.808573,0.294372,1.80058,0.980511,0.0389382,1.77774,1.78058,1.85201,0.980511,0.980511,0.981855,4.24759,4.24286,4.24759,4.34634,2.447,2.447,2.46512,2.49432,3.42511,3.28221,3.42511,3.6191,2.17654,2.10885,2.17654,2.22401,-9999,-9999
201111,3.791,1.0,119.774,64.104,0.997917,269.111,1.0,1.469,1.0,97.833,1.0,0.043,1.0,1.573,0.999306,0.157216626285,0.836111111111,-3.43650694444,1.0,97.5492675827,0.999305555556,7.79579861111,1.0,14.3277847222,1.0,322.735145833,1.0,415.745,1.0,4.297,4.709,5.225,5.695,7.204,1.0,1.0,1.0,1.0,1.0,38.104,1.0,-4.65773,1.0,6.97951,0.999306,2.68701,0.155079,-4.28477,0.999306,-1.64957,0.371816,1.16185,0.989583,0.0267184,1.12987,1.16185,1.23094,0.988889,0.989583,0.989583,2.25512,2.21518,2.25512,2.30666,1.09327,1.07573,1.0811,1.09327,1.82116,1.82116,1.94552,2.0186,1.07657,1.07657,1.09027,1.12236,-9999,-9999
201112,3.189,1.0,83.8091,24.329,1.0,291.609,1.0,1.276,1.0,96.794,0.985887,2.745,1.0,3.23,0.993952,0.283164968758,0.938844086022,-11.7253830645,1.0,42.0987701613,1.0,4.5453561828,1.0,5.86518817204,1.0,321.797701613,1.0,398.774,1.0,2.666,3.052,3.351,3.669,4.831,1.0,1.0,1.0,1.0,1.0,46.97,1.0,-3.80288,1.0,5.96143,1.0,2.66304,0.181932,-23.6966,1.0,-10.5855,0.370414,0.725892,0.995296,0.00945965,0.725029,0.725892,0.732729,0.997984,0.995296,0.995296,1.15692,1.15692,1.1576,1.16224,0.431027,0.429511,0.431027,0.43254,1.0422,1.04183,1.0422,1.04866,0.414796,0.414889,0.415136,0.417734,-9999,-9999
201201,0.686,1.0,100.35,32.686,0.99664,286.547,1.0,0.891,1.0,97.327,1.0,3.7,1.0,3.188,1.0,0.256644105364,0.926747311828,-7.44513312171,0.998655913978,57.9999586999,0.991935483871,22.5567204301,1.0,17.279563172,1.0,310.095678763,1.0,401.044,1.0,2.116,2.383,2.77,3.05,4.079,1.0,1.0,1.0,1.0,1.0,51.693,1.0,-3.21245,1.0,2.64974,1.0,0.790039,0.14186,-16.8652,0.999328,-5.02846,0.350917,0.680948,0.995968,0.00790884,0.675822,0.677285,0.680948,0.995968,0.99664,0.995968,0.940514,0.931162,0.936939,0.946946,0.259566,0.255339,0.260505,0.263372,1.00304,0.961333,0.989426,1.00304,0.306392,0.27751,0.296755,0.308628,-9999,-9999
201202,-4.757,0.778736,165.464,67.16,0.77227,254.885,0.778736,0.758,0.778736,97.994,1.0,1.641,1.0,2.565,0.984914,0.218110807242,0.775143678161,2.78587857744,0.743534482759,117.861022345,0.74066091954,44.3060616582,0.743534482759,37.5209974747,0.743534482759,279.633137626,0.743534482759,406.888,0.989943,0.232,0.411,0.548,0.807,1.886,0.778736,0.778736,0.778736,0.778736,0.778736,36.747,0.778736,-1.95776,0.778736,2.36579,0.985632,2.54988,0.10439,-10.0779,0.984914,-10.8621,0.335469,0.462923,0.948276,0.0101621,0.442763,0.448498,0.462172,0.93319,0.943247,0.938218,0.695378,0.674373,0.68358,0.696505,0.232456,0.221515,0.232456,0.257627,0.524413,0.524413,0.546593,0.555877,0.245714,0.191238,0.23923,0.245714,-9999,-9999
201203,5.383,1.0,263.479,126.58,1.0,287.6,1.0,2.573,1.0,98.063,1.0,0.848,1.0,2.262,0.998656,0.186389354095,0.926747311828,50.6122715054,1.0,225.798192204,1.0,17.192641129,1.0,26.9433064516,1.0,336.625040323,1.0,406.405,1.0,5.603,5.639,5.311,5.17,4.759,1.0,1.0,1.0,1.0,1.0,43.92,1.0,-0.116028,1.0,15.9088,0.999328,29.5501,0.205386,11.4075,0.999328,21.1891,0.302547,0.277596,0.978495,0.0210636,0.277596,0.301852,0.361091,0.978495,0.978495,0.978495,2.4008,2.38446,2.46826,2.60597,2.12321,2.10122,2.14424,2.24488,2.00096,1.79813,1.90782,1.91704,1.82965,1.73953,1.78281,1.81498,-9999,-9999
201204,7.632,1.0,367.324,173.421,1.0,297.733,1.0,3.989,1.0,96.361,1.0,1.133,1.0,2.163,0.945833,0.195770831612,0.863194444444,83.1461821809,0.999305555556,312.948020833,1.0,17.1217847222,1.0,36.4118402778,1.0,351.345486111,1.0,405.397,0.992361,8.702,8.631,8.367,8.036,7.242,1.0,1.0,1.0,1.0,1.0,40.76,1.0,1.49375,1.0,36.1087,0.988889,59.7618,0.334926,13.4405,0.992361,22.2447,0.360814,-1.95989,0.979861,0.04101,-2.02627,-1.97254,-1.96461,0.973611,0.984028,0.977083,4.16034,4.12897,4.13478,4.16034,6.12024,6.10733,6.11729,6.1579,3.13899,3.03545,3.1216,3.21133,5.49472,5.4435,5.48747,5.50165,-9999,-9999
201205,13.574,1.0,447.653,244.286,1.0,319.709,1.0,6.269,1.0,97.286,1.0,1.894,1.0,1.818,0.909946,0.193445975909,0.848790322581,130.427249771,0.998655913978,437.878151882,1.0,15.4892002688,1.0,53.2184274194,1.0,379.721754032,1.0,410.376,0.999328,15.361,15.093,14.871,14.271,12.58,1.0,1.0,1.0,1.0,1.0,30.628,1.0,2.08434,1.0,66.1554,0.999328,108.085,0.42663,12.6356,0.997984,20.6441,0.361982,-4.39249,0.973118,0.0536458,-4.41215,-4.40724,-4.38927,0.968414,0.977823,0.97043,6.49362,6.46581,6.49362,6.57929,10.8861,10.873,10.8861,10.9156,6.19373,5.94612,6.01748,6.19373,10.9296,10.7769,10.8117,10.9393,-9999,-9999
201206,15.336,1.0,483.583,213.293,1.0,346.734,1.0,5.337,1.0,97.116,1.0,3.987,1.0,1.891,1.0,0.202076920886,0.927083333333,124.374564421,0.999305555556,384.241930556,1.0,16.8151041667,1.0,43.1769553783,0.999305555556,392.252712323,0.999305555556,406.901,1.0,17.406,16.832,16.749,16.181,14.534,1.0,0.934722,1.0,1.0,1.0,33.589,1.0,2.71866,1.0,49.1019,0.997222,86.5697,0.439021,20.0176,0.999306,35.2923,0.41231,-0.290815,0.989583,0.0744339,-0.403395,-0.338326,-0.211579,0.986111,0.988194,0.990972,7.78938,7.78938,7.8541,7.90474,8.08019,8.08272,8.11632,8.24478,6.91605,6.89326,6.91605,6.95301,7.69243,7.59822,7.62608,7.69243,-9999,-9999
201207,17.334,1.0,464.048,219.053,1.0,355.614,1.0,5.745,1.0,97.279,1.0,4.345,1.0,1.943,0.579973,0.18669595566,0.510080645161,128.620490019,0.997983870968,412.07679793,0.998655913978,16.6171572581,1.0,42.6726814516,1.0,402.128407258,1.0,404.329,0.912634,20.093,19.692,19.48,19.026,17.375,1.0,1.0,1.0,1.0,1.0,39.103,1.0,0.659916,1.0,64.7293,0.91129,112.849,0.470898,9.52898,0.912634,16.6129,0.279922,-0.301604,0.897177,0.065987,-0.493754,-0.39834,-0.30483,0.864919,0.876344,0.899866,9.30511,9.24431,9.25313,9.31116,9.60672,9.60672,9.62107,9.72511,8.47991,7.80551,7.90208,8.47991,9.54529,9.04064,9.12982,9.54529,-9999,-9999
201208,17.6,1.0,395.185,205.325,0.985215,348.591,1.0,7.367,1.0,97.473,1.0,2.561,1.0,1.558,0.990591,0.16695893712,0.875,113.237668011,1.0,425.618929164,0.997983870968,17.713077957,1.0,40.6673387097,1.0,403.405685484,1.0,412.518,1.0,19.281,18.723,18.826,18.481,17.368,1.0,1.0,1.0,1.0,1.0,28.484,1.0,1.59865,1.0,56.0647,1.0,95.4002,0.362496,9.54319,1.0,16.2388,0.266511,-0.56088,0.957661,0.0540126,-0.766326,-0.745899,-0.61145,0.989247,0.966398,0.949597,7.05506,6.41742,6.81314,7.00021,7.61594,7.16332,7.45398,7.75767,5.84437,5.15574,5.42897,5.78992,7.31139,6.95999,7.15643,7.28825,-9999,-9999
201209,13.019,1.0,298.477,149.385,1.0,325.65,1.0,4.257,1.0,97.35,1.0,1.797,1.0,1.657,1.0,0.17470765329,0.918055555556,70.5967986111,1.0,295.694034722,1.0,11.1390277778,1.0,30.3596458333,1.0,374.039527778,1.0,410.227,1.0,14.952,14.731,15.191,15.187,15.209,1.0,1.0,1.0,1.0,1.0,31.575,1.0,-2.33473,1.0,35.059,0.997917,65.3091,0.330837,4.04941,0.999306,7.54337,0.322544,-1.24116,0.988889,0.0543971,-1.24116,-1.20527,-1.10501,0.988889,0.984722,0.943056,5.97934,5.82116,5.92892,6.17459,7.22051,6.97527,7.09851,7.35585,5.5036,5.23619,5.28044,5.37312,7.0222,6.9457,6.95366,7.02098,-9999,-9999
201210,7.586,1.0,196.903,86.755,1.0,309.054,1.0,2.41,1.0,97.03,1.0,1.123,1.0,1.81,1.0,0.175545705873,0.911962365591,29.5516094715,0.999327956989,174.472249342,0.999327956989,15.4149193548,1.0,22.4745967742,1.0,343.657600806,1.0,407.776,1.0,9.731,9.635,10.284,10.562,11.45,1.0,1.0,1.0,1.0,1.0,29.95,1.0,-4.18596,1.0,14.7734,0.999328,39.8056,0.201083,-2.12533,0.999328,-5.72653,0.321331,1.34595,0.990591,0.0390296,1.20727,1.3185,1.3707,0.977151,0.990591,0.995968,3.46543,3.3458,3.41489,3.51304,2.11948,2.11948,2.12996,2.17699,3.66563,3.37852,3.66563,3.71391,2.3522,2.23963,2.34149,2.35239,-9999,-9999
201211,4.321,1.0,117.81,36.406,1.0,299.539,1.0,1.166,1.0,96.977,0.996528,3.003,1.0,1.844,0.949306,0.173416323008,0.831944444444,0.387973404255,0.999305555556,71.6793958333,1.0,3.26700694444,1.0,7.58130555556,1.0,327.844972222,1.0,412.333,0.999306,5.275,5.258,5.875,6.208,7.426,1.0,1.0,1.0,1.0,1.0,38.852,1.0,-5.02649,1.0,4.85297,0.995833,6.96987,0.133875,-9.34571,0.996528,-13.4224,0.329242,1.22621,0.994444,0.0224787,1.20431,1.2239,1.2702,0.986806,0.991667,0.995139,2.132,2.03928,2.07813,2.23545,0.905792,0.829446,0.905792,0.965248,1.74773,1.75446,1.77214,1.78991,0.974394,0.975124,0.975808,0.999917,-9999,-9999
201212,0.099,1.0,83.4938,27.613,0.985887,282.84,1.0,0.903,1.0,96.777,1.0,2.929,1.0,2.262,0.90793,0.194547849707,0.83064516129,-7.68747983871,1.0,57.3661021505,1.0,23.8984072581,1.0,15.9569018817,1.0,302.836458333,1.0,410.901,0.988575,2.78,2.81,3.306,3.638,4.839,1.0,1.0,1.0,1.0,1.0,46.331,1.0,-4.6774,1.0,1.9841,0.986559,0.353162,0.169431,-18.2555,0.984543,-3.24941,0.33115,1.17508,0.971774,0.0176983,1.11657,1.15847,1.18771,0.962366,0.971102,0.97379,1.4181,1.3287,1.39087,1.43981,0.243029,0.212143,0.242997,0.252096,0.966826,0.947818,0.957143,0.971405,0.183056,0.182008,0.183056,0.1952,-9999,-9999
201301,-1.464,1.0,100.35,25.641,0.99664,290.513,1.0,0.603,1.0,96.922,1.0,4.061,1.0,2.498,0.998656,0.202613971899,0.883064516129,-1.93745967742,1.0,50.3382594086,1.0,19.8103897849,1.0,14.7958266129,1.0,304.230053763,1.0,408.789,1.0,2.878,2.914,3.228,3.49,4.3,1.0,1.0,1.0,1.0,1.0,44.885,1.0,-2.7833,1.0,2.00931,0.995968,-0.161452,0.134718,-9.57448,0.998656,0.769327,0.294566,0.89185,0.990591,0.0105,0.881114,0.882913,0.889634,0.991935,0.989247,0.989919,1.11658,1.09132,1.09181,1.11044,0.224731,0.202172,0.213163,0.223307,1.09738,1.10915,1.14584,1.1737,0.247939,0.255205,0.262095,0.276066,-9999,-9999
201302,-1.897,1.0,163.947,39.927,0.990327,288.58,1.0,0.438,1.0,97.02,1.0,1.821,1.0,1.957,1.0,0.151032662701,0.900297619048,2.68620535714,0.983630952381,72.1133926405,0.967261904762,34.976421131,1.0,23.9095386905,0.983630952381,301.893504464,1.0,412.004,1.0,1.132,1.187,1.644,1.95,2.933,1.0,1.0,1.0,1.0,1.0,43.301,1.0,-3.85549,1.0,1.64476,1.0,-0.13216,0.122613,-4.19072,0.999256,0.336732,0.214666,0.638729,0.991071,0.00922744,0.634365,0.654011,0.661827,0.994792,0.983631,0.977679,0.809325,0.807089,0.822482,0.828585,0.170596,0.168471,0.170394,0.172351,0.778905,0.768681,0.778905,0.794776,0.163424,0.163424,0.167924,0.170242,-9999,-9999
201303,-2.085,1.0,259.983,110.108,0.993952,268.404,1.0,1.09,1.0,96.648,1.0,1.135,1.0,2.359,1.0,0.164856733092,0.890456989247,9.28217663791,0.996639784946,206.449590905,0.995967741935,106.217372312,1.0,74.4435168167,0.996639784946,295.906068548,1.0,408.279,1.0,0.81,0.817,1.206,1.447,2.312,1.0,1.0,1.0,1.0,1.0,43.571,1.0,-3.47661,1.0,3.67816,0.997984,9.07251,0.0910289,-8.07463,0.997312,-19.9168,0.278805,0.666702,0.972446,0.00697164,0.671359,0.67891,0.679413,0.973118,0.969086,0.97043,0.837546,0.842214,0.854981,0.85617,0.170844,0.170855,0.175568,0.181047,0.784682,0.785399,0.798791,0.836751,0.142353,0.142353,0.142829,0.167966,-9999,-9999
201304,7.273,1.0,364.155,149.678,1.0,312.283,1.0,3.341,1.0,97.195,1.0,1.023,1.0,1.822,0.999306,0.158523206828,0.911805555556,68.831125,1.0,295.357867465,0.999305555556,49.6702569444,1.0,45.8595069444,1.0,347.270152778,1.0,409.259,1.0,6.81,6.483,6.351,5.991,5.069,1.0,1.0,1.0,1.0,1.0,42.607,1.0,3.50235,1.0,21.4485,0.997222,52.9046,0.214056,4.98279,0.996528,12.2905,0.26993,-0.291547,0.984028,0.0304055,-0.337144,-0.291782,-0.291615,0.979861,0.980556,0.982639,3.04132,3.03567,3.04132,3.08061,3.33287,3.32745,3.35756,3.40757,2.68486,2.67443,2.68486,2.71907,3.09807,3.09296,3.09807,3.13855,-9999,-9999
201305,11.654,1.0,445.628,165.526,1.0,335.103,1.0,3.119,1.0,96.761,1.0,6.106,1.0,1.871,0.992608,0.198725174124,0.939516129032,94.3123924731,1.0,332.568094115,0.998655913978,10.4859274194,1.0,34.5535080645,1.0,371.791202957,1.0,404.856,1.0,13.224,12.916,12.873,12.449,11.095,1.0,1.0,1.0,1.0,1.0,43.096,1.0,3.6661,1.0,37.6847,0.997312,72.0429,0.335711,9.79224,1.0,18.7201,0.265519,-3.47474,0.99664,0.0524969,-3.47826,-3.47438,-3.46027,0.981183,0.99664,0.997312,6.22168,6.28327,6.29062,6.38263,9.69642,9.74337,9.76579,9.86167,5.76012,5.76012,5.817,5.82171,9.43587,9.43587,9.47273,9.50672,-9999,-9999
201306,15.126,1.0,483.271,206.63,1.0,347.205,1.0,4.945,1.0,97.406,1.0,10.217,1.0,1.92,0.997222,0.199891209271,0.985416666667,120.916328502,0.998611111111,380.356989509,0.997916666667,15.3747013889,1.0,40.9864652778,1.0,392.000527778,1.0,408.152,1.0,16.684,16.224,15.968,15.438,13.685,1.0,1.0,1.0,1.0,1.0,45.29,1.0,4.36398,1.0,48.4442,0.997917,83.2447,0.368518,19.8662,1.0,34.1373,0.329793,-1.13034,0.959028,0.0828495,-1.28629,-1.13034,-1.10052,0.963194,0.959028,0.959028,6.29868,5.21913,6.29726,6.43595,7.42901,6.50542,7.42901,7.45961,6.66421,6.34167,6.63426,6.66421,7.46492,7.15235,7.4468,7.46492,-9999,-9999
201307,18.446,1.0,465.53,256.435,1.0,348.615,1.0,7.564,1.0,97.699,1.0,1.374,1.0,1.559,1.0,0.160685975003,0.993279569892,148.240584677,1.0,493.372634409,1.0,16.1381653226,1.0,50.990530914,1.0,406.053461022,1.0,429.225,1.0,19.974,19.402,19.093,18.542,16.7,1.0,1.0,1.0,1.0,1.0,30.753,1.0,4.69391,1.0,70.8256,1.0,118.328,0.443933,15.0948,1.0,25.2188,0.275477,-2.97882,0.969758,0.0650209,-3.06831,-3.01598,-2.97882,0.963038,0.961694,0.969758,7.606,7.606,7.64883,7.93607,10.5848,10.5983,10.7171,10.8556,8.68267,7.86056,8.68267,9.17392,11.8279,11.1201,11.7603,12.0448,-9999,-9999
201308,16.828,1.0,397.991,199.259,1.0,345.884,1.0,6.344,1.0,97.574,1.0,2.584,1.0,1.37,1.0,0.14557387251,0.991935483871,107.768376516,0.999327956989,395.573955617,0.999327956989,15.9700806452,1.0,37.9010887097,1.0,399.094932796,1.0,416.586,1.0,18.476,18.066,18.183,17.958,17.031,1.0,1.0,1.0,1.0,1.0,27.751,1.0,1.32362,1.0,56.8317,1.0,87.5716,0.404385,12.4244,1.0,19.1446,0.294034,-0.373785,0.960349,0.0566303,-0.386564,-0.373785,-0.358634,0.956317,0.960349,0.960349,6.97839,6.73834,7.15921,7.34035,7.35218,7.1249,7.51785,7.65926,6.63981,6.3772,6.63981,6.65121,7.47826,7.27254,7.45237,7.47826,-9999,-9999
201309,11.724,1.0,301.869,112.565,1.0,334.899,1.0,2.654,1.0,97.268,1.0,2.06,1.0,1.998,0.999306,0.185103526399,0.993055555556,54.7995325059,0.999305555556,222.396756058,0.997916666667,8.25439583333,1.0,21.3546597222,1.0,371.243305556,1.0,404.791,1.0,14.224,14.048,14.414,14.52,14.548,1.0,1.0,1.0,1.0,1.0,30.365,1.0,-1.56105,1.0,25.6242,0.999306,47.7438,0.293642,4.80995,0.999306,8.96204,0.30274,-0.405679,0.995139,0.0425508,-0.416548,-0.408806,-0.405679,0.996528,0.995139,0.995139,4.90952,4.90952,4.95978,4.97847,5.3152,5.3152,5.34752,5.38728,4.59068,4.58963,4.59068,4.66489,5.33044,5.31843,5.33044,5.34177,-9999,-9999
201310,9.771,1.0,200.027,89.027,1.0,312.498,1.0,3.153,1.0,97.388,1.0,2.219,1.0,1.955,1.0,0.190223819542,0.995295698925,28.9708064516,1.0,173.91000672,1.0,7.15801075269,1.0,18.0858198925,1.0,354.619307796,1.0,414.718,1.0,10.029,9.928,10.287,10.52,11.025,1.0,1.0,1.0,1.0,1.0,35.282,1.0,-2.5213,1.0,19.6327,1.0,43.3786,0.258553,-5.37971,1.0,-11.8865,0.388941,0.38622,0.987231,0.0358808,0.259315,0.38622,0.400274,0.989919,0.987231,0.977823,3.7573,3.71669,3.73634,3.7573,3.37108,3.32122,3.33629,3.52387,3.1875,3.08221,3.14593,3.1875,3.32631,3.23214,3.27537,3.28025,-9999,-9999
201311,3.695,1.0,119.774,33.239,0.998611,303.282,1.0,1.025,1.0,97.12,1.0,1.766,0.966667,2.18,0.932639,0.194260993458,0.917361111111,2.00678413121,0.999305555556,64.378356383,0.999305555556,3.79434027778,1.0,6.59451388889,1.0,328.5545625,1.0,412.974,0.989583,5.352,5.491,6.147,6.606,7.968,1.0,1.0,1.0,1.0,1.0,40.458,1.0,-5.57367,1.0,5.83858,0.989583,7.70272,0.14769,-6.52974,0.990278,-8.61456,0.293679,0.694447,0.986111,0.0193334,0.694447,0.732722,0.734294,0.986111,0.986806,0.981944,2.01857,2.00747,2.01857,2.01993,1.32412,1.27086,1.28721,1.32412,1.98761,1.88618,1.98761,2.02252,1.22569,1.1863,1.22569,1.22813,-9999,-9999
201312,3.42,1.0,83.8091,34.104,1.0,284.215,1.0,1.696,1.0,97.575,1.0,1.48,0.935484,2.579,1.0,0.228159281995,0.984543010753,-9.12659946237,1.0,63.1379502688,1.0,4.95579973118,1.0,7.40159946237,1.0,320.363568548,1.0,412.474,1.0,2.477,2.626,3.073,3.404,4.575,1.0,1.0,1.0,1.0,1.0,43.918,1.0,-4.12339,1.0,6.03493,1.0,2.58934,0.178886,-17.6958,1.0,-7.59254,0.416894,0.519891,0.959677,0.0137396,0.514768,0.518333,0.525732,0.957661,0.959677,0.962366,1.29584,1.28963,1.29435,1.3124,0.775946,0.771298,0.77603,0.786671,1.02342,0.974975,1.02342,1.02495,0.723143,0.716568,0.718678,0.723143,-9999,-9999
201401,1.103,1.0,100.35,33.746,0.995296,287.226,1.0,1.143,1.0,96.684,1.0,0.723,1.0,2.152,0.994624,0.192621142862,0.872311827957,-3.62821508236,0.999327956989,59.4721377785,0.859543010753,14.3534543011,1.0,12.36875,1.0,312.853548387,1.0,415.96,1.0,2.11,2.218,2.677,2.932,3.977,1.0,1.0,1.0,1.0,1.0,42.089,1.0,-3.90046,1.0,4.53908,0.999328,-0.119287,0.142418,-13.0603,0.999328,0.343225,0.357524,0.476746,0.983871,0.0117504,0.476741,0.481544,0.483722,0.983871,0.979167,0.986559,1.01674,1.01117,1.01347,1.01674,0.539995,0.531923,0.534753,0.539286,0.983665,1.00199,1.00587,1.02438,0.530646,0.538162,0.541094,0.56269,-9999,-9999
201402,3.556,1.0,163.947,81.382,1.0,273.885,1.0,2.217,1.0,96.606,1.0,0.436,1.0,2.497,0.999256,0.229580377808,0.888392857143,16.3323809524,1.0,143.482812194,0.995535714286,11.4338467262,1.0,16.8393973214,1.0,322.335803571,1.0,413.158,1.0,2.403,2.364,2.656,2.755,3.379,1.0,1.0,1.0,1.0,1.0,42.459,1.0,-1.84341,1.0,10.4841,0.997768,-0.275522,0.196822,-9.33438,0.997024,0.245308,0.434469,0.234492,0.988095,0.0164486,0.218832,0.227956,0.234492,0.989583,0.970238,0.988095,1.3993,1.36864,1.399,1.3993,1.16481,1.14981,1.16481,1.17651,1.11515,1.09675,1.14785,1.1884,1.21104,1.21104,1.2313,1.23821,-9999,-9999
201403,5.668,1.0,259.983,126.19,1.0,286.748,1.0,2.86,1.0,97.287,1.0,1.11,1.0,1.887,0.999328,0.180275498893,0.853494623656,49.1702868337,0.999327956989,221.450148909,0.730510752688,17.170271248,0.999327956989,26.1886693548,1.0,337.414506978,0.999327956989,416.852,1.0,5.772,5.554,5.495,5.452,5.423,1.0,1.0,1.0,1.0,1.0,41.956,1.0,1.03001,0.674059,22.0195,0.997984,33.7613,0.25402,7.32557,1.0,11.2319,0.347116,-0.540102,0.960349,0.0245424,-0.615283,-0.540102,-0.436133,0.961022,0.960349,0.899866,2.68444,2.41809,2.68444,2.68975,3.22454,3.07401,3.13476,3.22454,2.53458,2.43797,2.44687,2.53458,3.39293,3.34101,3.35472,3.39293,-9999,-9999
201404,9.808,1.0,364.155,174.494,1.0,315.999,1.0,3.394,1.0,97.086,1.0,1.337,1.0,1.81,0.940278,0.185507073818,0.820138888889,91.9220902778,1.0,324.068186594,0.998611111111,15.20225,1.0,35.8081180556,1.0,362.811888889,1.0,423.126,1.0,11.294,10.878,10.486,10.208,9.049,1.0,1.0,1.0,1.0,0.997917,37.947,1.0,4.93213,0.9875,42.3076,0.999306,64.868,0.379151,14.2432,0.999306,21.8384,0.338372,-2.9776,0.972917,0.0478658,-2.97925,-2.9776,-2.92894,0.956944,0.972917,0.965972,5.26117,5.26117,5.31904,5.3868,8.23877,8.23877,8.24798,8.37782,4.91856,4.91856,4.94095,4.99734,8.13158,8.13158,8.17966,8.18843,-9999,-9999
201405,11.476,1.0,445.628,186.299,0.997984,329.1,1.0,3.648,1.0,97.196,1.0,5.029,1.0,1.931,0.91129,0.213174811962,0.667338709677,106.103575269,1.0,346.735430108,1.0,12.4614180108,1.0,39.377594086,1.0,370.911505376,1.0,415.627,0.961694,13.931,13.581,13.314,13.064,11.942,1.0,1.0,1.0,1.0,1.0,40.275,1.0,5.88345,1.0,57.6581,0.992608,82.5787,0.424699,12.1597,0.997984,17.4152,0.34012,-3.26139,0.965054,0.0598584,-3.2922,-3.26139,-3.18418,0.963038,0.965054,0.866263,7.65928,7.54942,7.65928,7.7744,10.9207,10.8416,10.9207,10.9352,6.58295,6.52317,6.58295,6.58378,10.5905,10.5597,10.5874,10.5905,-9999,-9999
201406,15.339,1.0,483.271,237.714,0.979167,337.513,1.0,6.399,1.0,97.41,1.0,1.42,0.876389,1.861,1.0,0.203317282617,0.772916666667,135.852986111,1.0,440.022514037,0.999305555556,21.4916875,1.0,46.9223541667,1.0,397.245416667,1.0,422.135,0.959722,17.988,17.51,17.104,16.811,15.329,1.0,1.0,1.0,1.0,1.0,33.84,1.0,8.70669,1.0,70.2642,0.965972,88.5783,0.453258,29.2466,0.999306,36.8696,0.341196,0.42577,0.945833,0.0601862,0.357787,0.383062,0.42577,0.929167,0.929861,0.945833,7.95846,7.91668,7.93976,7.95846,7.53269,7.52466,7.53269,7.65919,7.7715,7.51712,7.7715,7.84307,8.00331,7.54032,7.89878,8.00331,-9999,-9999
201407,18.571,1.0,465.53,228.351,1.0,362.31,1.0,6.479,1.0,97.147,1.0,3.718,0.700269,1.302,0.811156,0.157556481284,0.692204301075,137.105107527,1.0,435.134173387,1.0,17.348797043,1.0,44.9215255376,1.0,408.63499328,1.0,456.413,0.966398,20.144,19.649,19.237,18.976,17.38,1.0,1.0,1.0,1.0,1.0,38.069,1.0,8.82409,1.0,94.1095,0.96371,111.594,0.595341,13.8593,0.964382,16.4342,0.309143,-2.9267,0.920027,0.0692285,-2.94212,-2.93757,-2.9267,0.917339,0.913306,0.920027,10.6238,10.6238,10.6749,10.9233,13.5505,13.5505,13.8012,13.9118,9.23628,9.24956,10.2335,10.2796,12.8244,12.9743,13.1827,13.35,-9999,-9999
201408,15.669,0.908602,397.991,183.034,0.910618,345.727,0.908602,4.915,0.908602,97.11,1.0,1.59,1.0,1.569,0.999328,0.1758499738,0.863575268817,104.177589782,0.889112903226,349.242493056,0.889112903226,17.3073735119,0.889112903226,37.0815972222,0.889112903226,393.051619048,0.889112903226,442.978,1.0,17.854,17.562,17.469,17.522,16.971,0.908602,0.908602,0.908602,0.908602,0.908602,38.14,0.908602,1.74693,0.908602,66.831,0.997984,86.5389,0.566683,10.7388,0.999328,13.9056,0.350176,0.358867,0.968414,0.0677183,0.315147,0.358867,0.369346,0.965054,0.968414,0.968414,9.78559,9.78559,9.99292,10.0544,9.42672,9.42672,9.54591,9.68509,8.07671,8.07671,8.57786,8.61659,8.60322,8.60322,8.93971,8.98363,-9999,-9999
201409,14.018,1.0,301.869,111.466,1.0,349.914,1.0,2.405,1.0,97.507,1.0,3.673,1.0,1.62,1.0,0.170074595519,0.872222222222,56.8272291667,1.0,205.467979167,1.0,9.30454166667,1.0,21.7535277778,1.0,382.817597222,1.0,431.697,1.0,15.893,15.629,15.58,15.656,15.327,1.0,1.0,1.0,1.0,1.0,44.101,1.0,0.165479,1.0,35.62,0.999306,49.2573,0.380947,5.35974,1.0,7.41175,0.257056,-0.744036,0.993056,0.0532527,-0.765177,-0.752731,-0.744036,0.989583,0.992361,0.993056,6.05826,6.05826,6.11654,6.13459,6.80229,6.80229,6.86927,6.89977,5.89801,5.89801,5.92292,5.94447,6.79795,6.77095,6.79795,6.81567,-9999,-9999
201410,10.992,1.0,200.027,89.438,0.991935,322.046,1.0,2.215,1.0,97.43,1.0,1.668,1.0,1.581,0.987231,0.163873039933,0.842741935484,31.4921298044,0.998655913978,156.572583517,0.997311827957,7.94803091398,1.0,19.7580645161,1.0,362.586633065,1.0,426.178,0.993952,12.359,12.261,12.479,12.668,13.029,1.0,1.0,1.0,1.0,1.0,45.387,1.0,-3.01905,1.0,25.7591,0.992608,42.2965,0.303976,-4.89728,0.99328,-8.04134,0.385595,-0.389679,0.93414,0.0473963,-0.423441,-0.399271,-0.389679,0.932124,0.932124,0.93414,5.6579,5.6436,5.6579,5.66167,6.04758,6.04758,6.06094,6.06704,5.27694,4.97029,5.11254,5.13584,5.88267,5.7013,5.78401,5.80146,-9999,-9999
201411,5.513,1.0,119.774,44.093,1.0,305.512,1.0,1.158,1.0,97.087,1.0,0.42,1.0,1.526,1.0,0.158744932325,0.86875,5.62442361111,1.0,71.2521065898,0.995833333333,3.99179166667,1.0,8.86893055556,1.0,335.339243056,1.0,430.556,1.0,7.329,7.409,7.867,8.201,9.324,1.0,1.0,1.0,1.0,1.0,44.119,1.0,-5.33483,1.0,10.9066,0.995139,23.6856,0.201275,-6.0815,0.995833,-13.207,0.325976,0.906282,0.936806,0.0307623,0.893035,0.90104,0.906282,0.938889,0.940972,0.936806,3.33226,3.29506,3.29924,3.31631,2.42597,2.39428,2.41527,2.42597,2.87942,2.87942,2.97463,2.99541,2.32625,2.32625,2.35027,2.37011,-9999,-9999
201412,1.714,1.0,83.8091,19.783,1.0,300.66,1.0,0.906,1.0,97.303,1.0,1.687,1.0,2.682,0.998656,0.238667568829,0.915994623656,-3.6331922043,1.0,32.1821991195,0.996639784946,5.56256048387,1.0,6.01161290323,1.0,318.789092742,1.0,418.973,1.0,4.023,4.093,4.448,4.778,5.966,1.0,1.0,1.0,1.0,1.0,46.995,1.0,-4.67477,1.0,6.41121,0.997312,-0.510161,0.150236,-13.9477,0.997312,1.10987,0.357506,1.05141,0.993952,0.0147562,1.04413,1.04863,1.05141,0.993952,0.995296,0.993952,1.75792,1.74483,1.75275,1.75437,0.706508,0.701718,0.706508,0.708614,1.75563,1.73009,1.75563,1.7648,0.796166,0.793502,0.796166,0.798889,-9999,-9999
