TIMESTAMP,TA_F,TA_F_QC,SW_IN_POT,SW_IN_F,SW_IN_F_QC,LW_IN_F,LW_IN_F_QC,VPD_F,VPD_F_QC,PA_F,PA_F_QC,P_F,P_F_QC,WS_F,WS_F_QC,USTAR,USTAR_QC,NETRAD,NETRAD_QC,PPFD_IN,PPFD_IN_QC,PPFD_OUT,PPFD_OUT_QC,SW_OUT,SW_OUT_QC,LW_OUT,LW_OUT_QC,CO2_F_MDS,CO2_F_MDS_QC,TS_F_MDS_1,TS_F_MDS_2,TS_F_MDS_3,TS_F_MDS_4,TS_F_MDS_5,TS_F_MDS_1_QC,TS_F_MDS_2_QC,TS_F_MDS_3_QC,TS_F_MDS_4_QC,TS_F_MDS_5_QC,G_F_MDS,G_F_MDS_QC,LE_F_MDS,LE_F_MDS_QC,LE_CORR,LE_RANDUNC,H_F_MDS,H_F_MDS_QC,H_CORR,H_RANDUNC,NEE_VUT_REF,NEE_VUT_REF_QC,NEE_VUT_REF_RANDUNC,NEE_VUT_25,NEE_VUT_50,NEE_VUT_75,NEE_VUT_25_QC,NEE_VUT_50_QC,NEE_VUT_75_QC,RECO_NT_VUT_REF,RECO_NT_VUT_25,RECO_NT_VUT_50,RECO_NT_VUT_75,GPP_NT_VUT_REF,GPP_NT_VUT_25,GPP_NT_VUT_50,GPP_NT_VUT_75,RECO_DT_VUT_REF,RECO_DT_VUT_25,RECO_DT_VUT_50,RECO_DT_VUT_75,GPP_DT_VUT_REF,GPP_DT_VUT_25,GPP_DT_VUT_50,GPP_DT_VUT_75,RECO_SR,RECO_SR_N
200601,-6.044,0.0,113.85,47.447,0.0,274.786,0.0,0.063,0.0,97.304,0.0,1.257,0.0,1.309,0.0,-9999,-9999,-9999,-9999,-9999,-9999,-9999,-9999,-9999,-9999,-9999,-9999,-9999,-9999,-9999,-9999,-9999,-9999,-9999,-9999,-9999,-9999,-9999,-9999,0.307287,3.0,54.6608,0.0,-9999,-9999,17.4843,0.0,-9999,-9999,0.820174,0.0,-9999,0.643222,0.820174,0.921206,0.0,0.0,0.0,1.78198,1.68536,1.7581,1.78442,0.960353,0.875334,0.964249,1.03963,0.95206,0.95206,0.990389,1.07411,0.790736,0.790736,0.79938,0.802737,-9999,-9999
200602,-3.003,0.0,177.525,75.717,0.0,282.889,0.0,0.272,0.0,96.241,0.0,1.257,0.0,1.366,0.0,-9999,-9999,-9999,-9999,-9999,-9999,-9999,-9999,-9999,-9999,-9999,-9999,-9999,-9999,-9999,-9999,-9999,-9999,-9999,-9999,-9999,-9999,-9999,-9999,0.136787,3.0,54.2715,0.0,-9999,-9999,17.0159,0.0,-9999,-9999,0.838102,0.0,-9999,0.662239,0.838102,0.936828,0.0,0.0,0.0,2.16059,2.0396,2.14082,2.1626,1.32109,1.23717,1.3245,1.37529,1.17486,1.17486,1.21593,1.29403,1.11143,1.11143,1.11679,1.12412,-9999,-9999
200603,0.305,0.0,271.782,119.781,0.0,295.352,0.0,0.675,0.0,95.948,0.0,1.787,0.0,1.474,0.0,-9999,-9999,-9999,-9999,-9999,-9999,-9999,-9999,-9999,-9999,-9999,-9999,-9999,-9999,-9999,-9999,-9999,-9999,-9999,-9999,-9999,-9999,-9999,-9999,0.344727,3.0,54.3789,0.0,-9999,-9999,17.1836,0.0,-9999,-9999,0.825562,0.0,-9999,0.648692,0.825562,0.928172,0.0,0.0,0.0,2.61113,2.45963,2.60011,2.61226,1.78408,1.68944,1.77683,1.80828,1.44934,1.44934,1.491,1.55251,1.47802,1.47006,1.47802,1.48919,-9999,-9999
200604,7.937,0.0784722,372.133,169.5,0.0736111,315.193,0.0729167,2.344,0.0784722,96.311,0.0,1.668,0.0,1.253,0.0777778,-9999,-9999,-9999,-9999,-9999,-9999,-9999,-9999,-9999,-9999,-9999,-9999,-9999,-9999,-9999,-9999,-9999,-9999,-9999,-9999,-9999,-9999,-9999,-9999,0.267139,3.0,54.039,0.078472,-9999,0.841021,16.8889,0.078472,-9999,0.625875,0.824259,0.0729167,0.0504457,0.663234,0.824259,0.914126,0.0729167,0.0729167,0.0729167,3.69793,3.47053,3.68311,3.69674,2.8721,2.77926,2.80761,2.81734,2.13683,2.13683,2.16857,2.1796,1.91634,1.90644,1.91634,1.92651,-9999,-9999
200605,12.434,1.0,449.254,215.183,1.0,323.782,1.0,4.411,1.0,96.601,0.0,2.544,0.0,1.399,0.999328,0.207173633066,0.975806451613,131.97649416,1.0,400.392140147,0.999327956989,13.1299868516,1.0,31.1709658522,1.0,377.685147849,1.0,376.148,0.962366,12.34,12.089,11.746,11.199,10.64,1.0,1.0,1.0,1.0,1.0,0.307287,3.0,85.2088,0.990591,-9999,0.7105,26.7297,1.0,-9999,0.66694,-2.95952,0.932124,0.0601691,-2.97565,-2.95382,-2.9187,0.931452,0.932124,0.936828,5.18413,5.00087,5.18746,5.19496,8.14337,7.97315,8.1054,8.1405,3.93201,4.04847,4.09549,4.2624,7.37287,7.43083,7.46787,7.55879,-9999,-9999
200606,16.567,1.0,484.38,238.305,0.998611,353.042,1.0,5.696,1.0,96.953,0.0,2.595,0.0,1.117,0.993056,0.173850627265,0.974305555556,151.528872779,0.998611111111,453.532021969,0.997916666667,18.5138156694,1.0,43.8935792014,1.0,396.855625,1.0,370.623,0.961111,15.111,14.671,14.158,13.432,12.698,1.0,1.0,1.0,1.0,1.0,0.267139,3.0,95.0886,0.963194,-9999,0.689987,19.443,1.0,-9999,0.519029,-5.27961,0.934722,0.0528899,-5.3037,-5.259,-5.20404,0.932639,0.934722,0.940972,6.35718,6.35097,6.3566,6.5821,11.6151,11.6036,11.6446,11.8311,6.2312,6.1065,6.20304,6.24807,10.9108,10.847,10.905,10.9255,-9999,-9999
200607,20.526,1.0,467.698,267.442,0.506048,361.926,0.50336,7.262,1.0,97.005,0.0,2.354,0.0,0.988,0.489919,-9999,-9999,-9999,-9999,-9999,-9999,-9999,-9999,-9999,-9999,-9999,-9999,387.276,0.436156,19.028,18.607,18.08,17.336,16.481,1.0,1.0,1.0,1.0,1.0,0.149402,3.0,86.0718,0.484543,-9999,0.494442,31.9252,0.50336,-9999,0.36864,-0.643888,0.402554,0.0627371,-0.747144,-0.690412,-0.639031,0.40121,0.407258,0.406586,7.87649,7.86193,7.87649,7.90762,8.51647,8.50175,8.56673,8.63209,7.10571,6.55592,7.12614,7.21283,8.75435,8.5095,8.69139,8.76032,-9999,-9999
200608,14.96,1.0,404.007,156.11,1.0,353.816,1.0,3.107,1.0,96.13,0.0,2.98,0.0,1.392,1.0,0.1987114359,0.800403225806,98.7606035657,0.995967741935,297.158528367,0.997983870968,10.3595101277,1.0,20.0287796074,1.0,389.146505376,1.0,375.123,0.985887,15.242,15.275,15.203,15.079,14.89,1.0,1.0,1.0,1.0,1.0,0.344727,3.0,67.0899,0.993952,-9999,0.486097,15.0932,0.991935,-9999,0.451625,-0.0748788,0.946909,0.0504498,-0.121624,-0.0788734,-0.0649899,0.949597,0.973118,0.951613,5.11758,5.08949,5.12035,5.15337,5.18976,5.14269,5.19462,5.21075,4.12551,4.06028,4.10845,4.21696,4.73827,4.74572,4.77272,4.82136,-9999,-9999
200609,14.985,1.0,312.066,179.176,1.0,334.758,1.0,4.27,1.0,96.767,0.0,0.447,0.0,1.46,1.0,0.19017629652,0.976388888889,100.39261405,0.996527777778,338.33719835,0.997222222222,10.4897327729,1.0,26.115863396,1.0,385.935694444,1.0,374.124,0.936806,13.095,13.129,13.055,12.952,12.87,1.0,1.0,1.0,1.0,1.0,0.267139,3.0,64.9899,0.946528,-9999,0.50546,21.529,1.0,-9999,0.515642,0.169883,0.934028,0.0296681,0.100039,0.163404,0.20293,0.934722,0.934028,0.934028,4.49826,4.54373,4.59544,4.61759,4.33924,4.33924,4.39465,4.50784,4.67031,4.66159,4.68588,4.74302,4.65175,4.65101,4.67246,4.70452,-9999,-9999
200610,9.129,1.0,212.937,99.2,1.0,320.015,1.0,1.82,1.0,96.65,0.0,0.638,0.0,1.039,1.0,0.138707603935,0.956989247312,49.5109087963,0.998655913978,185.798481383,0.998655913978,5.64411136425,1.0,14.8574492937,1.0,354.539583333,1.0,386.333,0.914651,8.627,8.973,9.198,9.514,9.928,1.0,1.0,1.0,1.0,1.0,0.307287,3.0,27.0392,0.984543,-9999,0.412715,12.9764,0.999328,-9999,0.425222,1.40359,0.924731,0.028474,1.35088,1.37058,1.40305,0.924059,0.905242,0.923387,3.78569,3.6566,3.75747,3.81343,2.36063,2.25408,2.35881,2.47612,3.43648,3.37492,3.43348,3.47043,2.40812,2.37381,2.39948,2.41528,-9999,-9999
200611,5.613,1.0,133.323,40.279,1.0,314.263,1.0,0.921,1.0,96.74,0.0,0.926,0.0,1.778,1.0,0.215590982921,0.93125,9.25295734028,1.0,74.9356953528,1.0,3.42721014931,1.0,6.42551972917,1.0,338.864166667,1.0,385.592,0.984722,6.047,6.306,6.53,6.858,7.367,1.0,1.0,1.0,1.0,1.0,0.267139,3.0,14.3165,0.983333,-9999,0.329126,-6.89703,0.999306,-9999,0.434769,1.67999,0.975694,0.0190398,1.6742,1.68311,1.70329,0.971528,0.975694,0.972222,2.10471,2.08724,2.10376,2.12566,0.421602,0.413631,0.417772,0.422366,2.01132,1.88899,1.93986,2.056,0.437542,0.366676,0.379595,0.437571,-9999,-9999
200612,1.534,1.0,97.0257,35.224,0.998656,295.63,1.0,0.472,1.0,97.426,0.0,0.526,0.0,1.259,1.0,0.157191528424,0.880376344086,5.11057206216,0.99126344086,62.2249497365,1.0,2.76301760929,0.838709677419,6.65402647708,1.0,317.734461694,1.0,400.79,0.981183,3.087,3.418,3.788,4.333,5.13,1.0,1.0,1.0,1.0,1.0,0.149402,3.0,7.36867,0.982527,-9999,0.204058,-1.75888,0.997312,-9999,0.286026,0.969235,0.981855,0.0147674,0.949723,0.983036,1.01302,0.965726,0.981855,0.981855,1.18723,1.14684,1.18233,1.2375,0.20292,0.194796,0.202484,0.224409,1.05436,0.999044,1.03031,1.0512,0.183295,0.171331,0.174271,0.181573,-9999,-9999
200701,3.295,1.0,113.85,37.642,1.0,298.759,0.997312,1.373,1.0,96.561,0.0,0.871,1.0,2.467,0.998656,0.273553039027,0.888440860215,-1.18092712782,0.869623655914,76.8078022231,1.0,11.4812392026,0.967741935484,10.5729549407,0.967741935484,323.041646528,0.967741935484,398.265,0.993952,3.003,3.151,3.038,3.619,4.143,1.0,1.0,1.0,1.0,1.0,0.344727,3.0,15.9675,0.993952,-9999,0.380874,-25.27,0.998656,-9999,0.60471,0.584733,0.951613,0.012125,0.578234,0.584574,0.598287,0.948925,0.951613,0.974462,0.661735,0.634298,0.639579,0.65591,0.0749956,0.0497243,0.0562258,0.0685248,0.646835,0.629109,0.641469,0.652217,0.0926959,0.089461,0.0920007,0.0936106,-9999,-9999
200702,3.029,1.0,177.525,70.794,1.0,292.254,1.0,0.983,1.0,96.133,0.0,0.771,1.0,1.975,1.0,0.21230293474,0.897321428571,25.734749936,0.999255952381,138.639159667,0.998511904762,6.92426074182,1.0,10.8531849522,1.0,326.305549107,1.0,400.19,0.97619,2.704,2.848,2.72,3.266,3.742,1.0,1.0,1.0,1.0,1.0,0.311588,3.0,15.735,0.983631,-9999,0.376961,1.55761,0.998512,-9999,0.5101,0.554481,0.973958,0.0161432,0.552848,0.553981,0.555637,0.967262,0.973958,0.973958,0.777397,0.773996,0.776377,0.784088,0.223417,0.218373,0.221888,0.225104,0.728762,0.728762,0.775741,0.809588,0.211381,0.209557,0.230245,0.242533,-9999,-9999
200703,4.419,1.0,271.782,123.699,0.998656,289.503,1.0,1.902,1.0,96.44,0.0,1.239,1.0,1.975,1.0,0.208353439472,0.778225806452,59.0001206361,0.997983870968,239.815778213,1.0,9.72877110444,1.0,19.7976142591,1.0,333.893393145,1.0,396.178,0.959677,3.763,3.914,3.784,4.273,4.618,1.0,1.0,1.0,1.0,1.0,0.149402,3.0,23.7461,0.989919,-9999,0.320355,20.8503,0.995296,-9999,0.465956,0.648805,0.954301,0.0127615,0.642808,0.650252,0.655236,0.950269,0.954301,0.948925,0.94789,0.863826,0.937006,0.95216,0.305279,0.225378,0.286302,0.297863,1.04571,1.01063,1.03886,1.32773,0.41408,0.403598,0.411204,0.571332,-9999,-9999
200704,9.772,1.0,372.133,241.714,1.0,287.224,1.0,5.597,1.0,96.961,0.0,0.03,1.0,1.652,1.0,0.181666502824,0.6625,126.118533263,1.0,464.340794478,0.998611111111,-9999,-9999,38.6645075529,1.0,364.337370139,1.0,395.073,0.931944,7.832,7.911,7.612,7.75,7.577,1.0,1.0,1.0,1.0,1.0,0.267139,3.0,44.0749,0.965972,-9999,0.31492,62.9679,0.972917,-9999,0.537335,0.20555,0.884722,0.0196295,0.184493,0.20555,0.216339,0.881944,0.884722,0.899306,1.83509,1.7922,1.84794,1.88708,1.62676,1.60788,1.6457,1.67222,1.30177,1.29861,1.53308,1.62772,1.42985,1.42841,1.52955,1.54757,-9999,-9999
200705,13.776,0.979839,449.254,231.574,0.981183,333.907,0.979839,4.9,0.979839,96.154,0.0,2.448,1.0,1.608,1.0,0.201854675517,0.951612903226,139.280509818,0.963709677419,442.350812452,0.96438172043,-9999,-9999,40.0727962602,0.967741935484,384.855203472,0.967741935484,385.244,0.987231,12.963,12.748,12.164,11.971,11.407,0.979839,0.979839,0.979839,0.979839,0.979839,0.344727,3.0,84.7813,0.985215,-9999,0.587796,28.4737,0.99664,-9999,0.499694,-2.76625,0.963038,0.0497692,-2.79444,-2.76625,-2.75531,0.969758,0.963038,0.958333,5.65765,5.64192,5.70971,5.81284,8.41681,8.39202,8.48015,8.58618,4.15776,4.12908,4.23718,4.42154,7.48307,7.47614,7.54721,7.63974,-9999,-9999
200706,17.855,1.0,484.38,254.745,0.9875,353.078,1.0,6.357,1.0,96.319,0.0,1.48,1.0,1.27,1.0,0.17688569545,0.964583333333,158.285126303,0.999305555556,513.637683352,0.998611111111,28.8944542007,1.0,50.0061931806,1.0,403.930211806,1.0,388.435,0.972917,16.14,15.853,15.195,14.944,14.289,1.0,1.0,1.0,1.0,1.0,0.267139,3.0,101.007,0.954861,-9999,0.663633,16.772,0.996528,-9999,0.434832,-4.19311,0.95,0.0583356,-4.21319,-4.19249,-4.17483,0.95,0.95,0.95625,7.08673,7.11678,7.26592,7.33501,11.2792,11.2943,11.4779,11.5309,6.8261,6.51466,6.78664,6.87495,11.0667,10.8907,11.0778,11.1292,-9999,-9999
200707,18.205,1.0,467.698,235.872,0.997312,355.446,1.0,7.389,1.0,96.407,0.0,2.482,1.0,1.495,1.0,0.206341536065,0.681451612903,139.919811751,0.998655913978,455.905775734,0.996639784946,33.3193772768,0.677419354839,46.2643411684,1.0,404.824647849,1.0,382.577,0.964382,16.042,15.811,15.237,15.107,14.585,1.0,1.0,1.0,1.0,1.0,0.307287,3.0,101.899,0.958333,-9999,0.626057,1.84348,0.965054,-9999,0.461372,-2.56686,0.950941,0.0542434,-2.56762,-2.53471,-2.51409,0.946909,0.952285,0.955645,7.25868,7.25868,7.32051,7.37218,9.77912,9.7993,9.88444,9.91761,7.98539,7.76361,7.84396,7.98676,10.2292,10.1347,10.2058,10.2292,-9999,-9999
200708,16.883,1.0,404.007,207.31,1.0,353.838,1.0,5.012,1.0,96.493,0.0,1.723,1.0,0.981,1.0,0.140513860682,0.684139784946,125.892681106,0.997983870968,399.658193294,0.997983870968,25.0465900464,1.0,35.9081822852,1.0,398.564928763,1.0,388.394,0.953629,15.275,15.159,14.71,14.78,14.479,1.0,1.0,1.0,1.0,1.0,0.149402,3.0,77.6267,0.944892,-9999,0.571354,16.2343,0.956989,-9999,0.400957,-1.01748,0.924059,0.0479175,-1.07357,-1.02043,-0.988349,0.923387,0.922715,0.922715,6.88266,6.88266,6.9816,7.07394,7.89649,7.92741,8.00409,8.07341,5.42283,5.42283,5.58424,5.69486,7.07707,6.97544,7.071,7.14362,-9999,-9999
200709,11.085,0.986111,312.066,130.786,0.985417,330.222,0.986111,2.222,0.986111,96.723,0.0,4.495,0.977778,1.472,1.0,0.188355510591,0.967361111111,75.4909080815,0.965277777778,257.034072416,0.966666666667,18.4208333333,0.966666666667,19.8454431134,0.966666666667,367.370998563,0.966666666667,384.113,0.988194,10.639,10.778,10.601,11.085,11.349,0.986111,0.986111,0.986111,0.986111,0.986111,0.267139,3.0,39.3413,0.984028,-9999,0.348776,10.0929,1.0,-9999,0.409765,-0.357309,0.961806,0.0426248,-0.394118,-0.357454,-0.348274,0.960417,0.970833,0.972917,3.30071,3.30134,3.32252,3.34357,3.65752,3.66042,3.68505,3.70856,3.64978,3.52292,3.57832,3.63603,4.00748,3.91223,3.98981,4.00748,-9999,-9999
200710,6.992,1.0,212.937,83.223,1.0,318.647,1.0,1.08,1.0,97.164,0.0,1.161,1.0,1.275,1.0,0.164444271955,0.83938172043,43.1712289821,0.998655913978,167.012488422,0.998655913978,10.9325611183,1.0,10.7740421157,1.0,347.378740591,1.0,402.289,0.975134,7.246,7.435,7.336,7.935,8.394,1.0,1.0,1.0,1.0,1.0,0.344727,3.0,21.6429,0.982527,-9999,0.283576,14.0256,0.998656,-9999,0.323824,0.463682,0.895161,0.0216958,0.443228,0.451683,0.461467,0.897177,0.902554,0.894489,1.94386,1.8862,1.93199,1.94386,1.48218,1.44899,1.47562,1.48827,1.56559,1.3295,1.58348,1.95194,1.37135,1.21655,1.37135,1.50992,-9999,-9999
200711,1.328,1.0,133.323,35.282,1.0,298.57,1.0,0.397,1.0,96.524,0.0,1.48,1.0,1.939,1.0,0.215549289285,0.888888888889,7.46957644739,0.998611111111,71.6852790507,1.0,9.73139645833,1.0,6.76503278681,1.0,319.418985417,1.0,397.698,1.0,3.158,3.52,3.607,4.451,5.219,1.0,1.0,1.0,1.0,1.0,0.267139,3.0,16.4534,0.997222,-9999,0.338236,-6.49084,1.0,-9999,0.462243,0.693901,0.946528,0.0164637,0.689936,0.693901,0.724627,0.946528,0.946528,0.947917,0.91558,0.899518,0.90287,0.914398,0.208251,0.183206,0.205578,0.209102,0.775974,0.756841,0.775136,0.80733,0.153901,0.148661,0.161488,0.188594,-9999,-9999
200712,-0.927,1.0,97.0257,27.141,1.0,290.538,0.999328,0.42,1.0,97.133,0.0,0.94,0.96707,1.662,1.0,0.174446339872,0.88373655914,2.75919682297,0.965725806452,53.3178735605,0.999327956989,6.2185780879,1.0,5.11966480847,0.967741935484,309.15843125,0.967741935484,405.579,1.0,1.015,1.353,1.413,2.207,2.966,1.0,1.0,1.0,1.0,1.0,0.307287,3.0,10.7888,0.998656,-9999,0.224097,-0.334263,1.0,-9999,0.293717,0.413603,1.0,0.0132929,0.414463,0.417861,0.424305,1.0,1.0,1.0,0.492064,0.485388,0.488462,0.497271,0.074337,0.0689429,0.0720847,0.0763155,0.542461,0.481226,0.529119,0.542366,0.110765,0.06738,0.108018,0.110765,-9999,-9999
200801,1.124,1.0,113.85,38.614,1.0,294.247,1.0,0.631,1.0,96.89,0.0,0.694,1.0,2.02,1.0,0.209540482493,0.872311827957,9.86917658037,0.999327956989,76.9916249298,0.999327956989,8.94673506116,1.0,6.66381269523,1.0,316.239551075,1.0,389.405,1.0,-0.073,0.068,0.089,0.855,1.591,1.0,1.0,1.0,1.0,1.0,0.149402,3.0,10.6438,0.999328,-9999,0.259326,-6.86035,0.999328,-9999,0.417799,0.360304,0.991935,0.0117487,0.345187,0.358319,0.379299,0.991263,0.991263,0.991263,0.457437,0.449189,0.457437,0.472074,0.0991177,0.0935108,0.0994078,0.102101,0.295694,0.29766,0.474476,0.494538,0.0783568,0.0785138,0.103567,0.123474,-9999,-9999
200802,1.422,1.0,179.025,90.98,1.0,273.921,1.0,1.522,1.0,97.455,0.0,0.362,1.0,1.583,1.0,0.177287399745,0.832614942529,32.421446644,0.999281609195,177.261753012,0.999281609195,19.6321935611,1.0,15.1029714899,1.0,317.168833333,1.0,394.232,0.992816,-0.056,0.132,0.112,0.794,1.432,1.0,1.0,1.0,1.0,1.0,0.392995,3.0,13.9343,0.998563,-9999,0.353244,9.42516,1.0,-9999,0.525189,0.373065,0.926724,0.014134,0.353493,0.365114,0.373508,0.91954,0.943247,0.926724,0.559808,0.547067,0.559808,0.574245,0.191871,0.18531,0.191871,0.202857,0.44794,0.45243,0.521234,0.524126,0.180045,0.183061,0.19119,0.196712,-9999,-9999
200803,3.116,1.0,275.179,121.859,1.0,281.813,1.0,1.732,1.0,95.524,0.108199,1.048,1.0,2.194,0.999328,0.239748170867,0.894489247312,56.4593119389,0.999327956989,238.395843664,1.0,24.2643029532,1.0,19.5313390154,1.0,327.319853495,1.0,389.791,0.997984,0.595,0.729,0.684,1.295,1.829,1.0,1.0,1.0,1.0,1.0,0.149402,3.0,32.1426,0.998656,-9999,0.44575,10.2381,1.0,-9999,0.569696,0.704357,0.997312,0.0124343,0.686741,0.695781,0.701201,0.997984,0.997312,0.997312,0.847327,0.812801,0.84047,0.850851,0.146998,0.12645,0.145685,0.149626,1.25104,1.00864,1.23122,1.28158,0.384194,0.275015,0.388241,0.436662,-9999,-9999
200804,7.633,1.0,375.156,169.742,1.0,306.09,1.0,2.655,1.0,95.96,0.992361,0.854,1.0,1.636,1.0,0.183020894927,0.934027777778,94.3306982276,0.998611111111,328.856543465,0.997916666667,31.1967379298,1.0,26.4022056522,1.0,354.930817361,1.0,390.521,0.965278,5.894,5.779,5.382,5.476,5.351,1.0,1.0,1.0,1.0,1.0,0.267139,3.0,38.0138,0.973611,-9999,0.404624,38.4257,1.0,-9999,0.474057,0.78786,0.943056,0.0187518,0.773452,0.789103,0.799216,0.941667,0.943056,0.943056,1.84032,1.82575,1.84064,1.88471,1.05122,1.04465,1.04909,1.08444,1.55644,1.56487,1.65554,2.03107,1.05073,1.05444,1.09457,1.25427,-9999,-9999
200805,13.116,1.0,451.154,224.31,0.985215,328.994,1.0,4.59,1.0,96.52,0.925403,2.256,1.0,1.344,1.0,0.169065913684,0.903225806452,137.493834102,0.998655913978,431.880139144,1.0,36.6296797368,1.0,37.8960183582,1.0,382.270497984,1.0,381.492,0.969758,10.708,10.415,9.847,9.676,9.167,1.0,1.0,1.0,1.0,1.0,0.344727,3.0,73.5015,0.967742,-9999,0.510864,37.6607,0.999328,-9999,0.437811,-2.53192,0.968414,0.0424071,-2.57972,-2.55339,-2.53595,0.963038,0.957661,0.968414,4.5519,4.3348,4.54054,4.55281,7.08765,6.93038,7.08076,7.08865,4.52169,4.40179,4.49153,4.50644,7.09492,7.01208,7.05393,7.08145,-9999,-9999
200806,17.232,1.0,484.667,232.325,1.0,355.485,1.0,4.889,1.0,96.532,0.995833,3.46,1.0,1.011,1.0,0.144891256753,0.970833333333,139.589896383,0.998611111111,461.81179555,0.997916666667,21.9532872105,1.0,46.1108572878,1.0,401.704702778,1.0,380.691,0.975694,14.92,14.514,13.822,13.518,12.811,1.0,1.0,1.0,1.0,1.0,0.267139,3.0,87.7287,0.983333,-9999,0.513786,22.6356,1.0,-9999,0.35779,-4.08452,0.959028,0.0487607,-4.07416,-4.07201,-4.06796,0.958333,0.956944,0.971528,5.85033,5.82382,5.85263,5.86389,9.91817,9.89447,9.92288,9.93973,6.23104,6.15708,6.23104,6.32675,10.4936,10.4353,10.4936,10.5352,-9999,-9999
200807,17.492,1.0,466.309,208.461,1.0,359.644,1.0,5.111,1.0,96.541,0.997984,2.302,1.0,1.252,1.0,0.176312731587,0.974462365591,127.107521987,1.0,412.312591933,1.0,18.1738960055,1.0,38.3751750972,1.0,402.668899194,1.0,377.549,0.99328,15.222,14.926,14.33,14.187,13.682,1.0,1.0,1.0,1.0,1.0,0.307287,3.0,82.6441,0.961022,-9999,0.485495,16.6029,0.999328,-9999,0.382065,-1.41734,0.981855,0.0435433,-1.43819,-1.41807,-1.40512,0.980511,0.981855,0.983199,6.25821,6.2658,6.29184,6.30723,7.67981,7.67981,7.71052,7.72587,6.46071,6.39592,6.40138,6.45197,7.87136,7.83142,7.84005,7.86195,-9999,-9999
200808,17.161,1.0,401.345,197.582,1.0,354.346,1.0,5.308,1.0,96.479,0.961694,1.788,1.0,1.21,1.0,0.1705309722,0.922043010753,119.620407625,0.998655913978,380.896230617,0.999327956989,16.6500346397,1.0,30.4411356655,1.0,401.314380376,1.0,374.695,0.961022,14.787,14.616,14.122,14.117,13.764,1.0,1.0,1.0,1.0,1.0,0.149402,3.0,70.9883,0.989247,-9999,0.433515,26.157,0.998656,-9999,0.435556,0.0205724,0.951613,0.0366562,0.021767,0.0394273,0.0485841,0.951613,0.950941,0.951613,5.0239,5.0292,5.04964,5.11069,5.00698,5.00863,5.02176,5.05794,5.60108,5.04236,5.17518,5.57968,5.55773,5.30867,5.40822,5.54467,-9999,-9999
200809,11.595,1.0,308.793,124.688,0.99375,336.323,1.0,2.884,1.0,96.747,0.95,1.5,1.0,1.128,1.0,0.145521582398,0.909027777778,72.80553956,0.999305555556,238.481919116,1.0,10.6927266759,1.0,18.1897816533,1.0,371.658234722,1.0,365.306,0.957639,10.875,10.962,10.738,11.127,11.284,1.0,1.0,1.0,1.0,1.0,0.267139,3.0,41.1766,0.977778,-9999,0.333847,18.5014,0.996528,-9999,0.37722,0.435092,0.938194,0.0358725,0.430404,0.438538,0.444973,0.9375,0.9375,0.938889,3.37859,3.37221,3.37859,3.39392,2.94216,2.93626,2.94107,2.94643,3.10305,3.10889,3.19555,3.31865,3.12621,3.12805,3.17958,3.25615,-9999,-9999
200810,7.819,1.0,209.865,89.926,0.995968,317.681,1.0,1.396,1.0,96.716,0.922715,0.548,1.0,1.059,1.0,0.13298679096,0.905241935484,45.0296977522,0.998655913978,164.34098036,0.999327956989,8.87401919086,1.0,13.7244942548,1.0,349.685299731,1.0,379.158,0.979839,7.227,7.438,7.324,7.851,8.23,1.0,1.0,1.0,1.0,1.0,0.344727,3.0,19.5059,0.987231,-9999,0.233594,16.5689,0.997984,-9999,0.303951,1.1979,0.983871,0.0203359,1.19599,1.20256,1.21536,0.983871,0.983871,0.983871,2.42217,2.38698,2.39944,2.4143,1.20675,1.18908,1.19751,1.20269,2.47703,2.02352,2.13999,2.44075,1.40186,1.2327,1.25617,1.39119,-9999,-9999
200811,4.059,1.0,131.352,42.44,1.0,307.083,1.0,0.578,1.0,96.331,0.957639,2.108,1.0,1.627,1.0,0.192597339755,0.878472222222,10.7109663403,0.997916666667,76.5673906512,0.999305555556,5.12696454705,1.0,6.77173514767,1.0,331.568528472,1.0,380.879,0.988194,4.685,4.967,4.94,5.598,6.153,1.0,1.0,1.0,1.0,1.0,0.267139,3.0,14.9899,0.988194,-9999,0.299939,-1.72155,0.997917,-9999,0.382284,1.04429,0.986806,0.0116713,1.04565,1.0515,1.0542,0.986806,0.9875,0.986806,1.2241,1.22448,1.23035,1.23801,0.181024,0.175591,0.182005,0.184554,1.48553,1.45566,1.45832,1.47495,0.275706,0.266363,0.267081,0.27248,-9999,-9999
200812,0.572,1.0,96.7061,29.873,1.0,288.801,1.0,0.494,1.0,96.674,0.991935,0.732,1.0,1.937,1.0,0.224271282087,0.923387096774,-2.62867521957,0.995967741935,50.0316610309,0.997983870968,3.51132308891,1.0,5.66909515047,1.0,315.096969758,1.0,379.424,0.994624,1.96,2.239,2.212,2.873,3.498,1.0,1.0,1.0,1.0,1.0,0.307287,3.0,9.08085,0.995296,-9999,0.214468,-7.77888,0.999328,-9999,0.409597,0.594501,0.997984,0.00768688,0.59094,0.594332,0.601906,0.997984,0.997984,0.997984,0.65175,0.649252,0.65175,0.65766,0.057106,0.0573153,0.0580278,0.0584865,0.74385,0.718549,0.74266,0.755974,0.109622,0.102577,0.109235,0.113224,-9999,-9999
200901,-4.077,1.0,113.85,35.153,1.0,276.434,1.0,0.285,1.0,96.482,1.0,0.285,1.0,1.302,1.0,0.152106633746,0.876344086022,8.45985028074,0.999327956989,61.1566470538,0.89314516129,6.7893570713,1.0,7.11686012582,1.0,296.034706317,1.0,391.538,1.0,-0.087,0.191,0.204,0.967,1.751,1.0,1.0,1.0,1.0,1.0,0.149402,3.0,7.36648,1.0,9.87773,0.143503,6.38324,0.999328,8.5593,0.259287,0.0366365,0.99328,0.00992788,0.0458475,0.0515416,0.0559245,0.99328,0.99328,0.994624,0.244164,0.246593,0.249076,0.257353,0.20445,0.196315,0.20322,0.20648,0.496565,0.338987,0.416407,0.447646,0.273395,0.176446,0.233932,0.243303,-9999,-9999
200902,-1.034,1.0,177.525,55.61,1.0,290.924,1.0,0.331,1.0,96.092,0.970982,1.98,1.0,1.962,1.0,0.214209693893,0.857142857143,13.9605551079,1.0,109.985823248,0.998511904762,39.6727467403,1.0,25.4367826523,1.0,307.43235119,1.0,389.247,1.0,-0.044,0.066,-0.019,0.643,1.268,1.0,1.0,1.0,1.0,1.0,0.35304,3.0,12.8199,1.0,16.7473,0.25854,-2.76858,0.99628,-3.61674,0.32942,0.0827117,0.995536,0.0112513,0.0758678,0.0827117,0.0835675,0.995536,0.995536,0.995536,0.266157,0.24913,0.25602,0.26462,0.183874,0.171972,0.173886,0.1811,0.638313,0.451268,0.57695,0.616684,0.322051,0.258677,0.300085,0.316842,-9999,-9999
200903,3.604,1.0,271.782,87.952,0.987903,301.369,1.0,1.04,1.0,96.15,0.844758,2.276,1.0,2.222,1.0,0.240704682752,0.763440860215,45.1478597879,0.993951612903,168.470834459,0.999327956989,13.9845489429,1.0,13.8760584795,1.0,331.035349462,1.0,378.703,0.991263,1.787,1.587,1.286,1.675,1.994,1.0,1.0,1.0,1.0,1.0,0.307287,3.0,31.2612,0.989919,40.3427,0.424997,1.4094,0.987231,1.81883,0.46691,0.677543,0.983871,0.0172714,0.675075,0.675993,0.678104,0.983871,0.983871,0.983199,0.962022,0.958439,0.965595,0.971418,0.286029,0.283244,0.289401,0.292624,1.23213,1.19024,1.21561,1.23213,0.460022,0.43626,0.456095,0.460022,-9999,-9999
200904,11.213,1.0,372.133,224.278,0.979167,305.75,1.0,4.941,1.0,96.337,0.983333,0.513,1.0,1.69,1.0,0.202433845036,0.959027777778,122.788821821,0.996527777778,420.834998831,0.997916666667,26.7082367135,1.0,34.68215479,1.0,374.377431944,1.0,375.841,0.921528,7.673,7.456,6.941,6.939,6.649,1.0,1.0,1.0,1.0,1.0,0.267139,3.0,50.4827,0.964583,67.6924,0.448767,57.7579,1.0,77.4478,0.5755,0.80863,0.909722,0.0272012,0.805176,0.813194,0.829586,0.909028,0.911806,0.913889,2.84535,2.83853,2.84292,2.91909,2.03129,2.02533,2.03274,2.08897,2.46948,2.39478,2.4265,2.46948,1.69148,1.66285,1.69193,1.76751,-9999,-9999
200905,13.019,1.0,449.254,210.555,0.998656,333.61,1.0,3.961,1.0,96.773,0.900538,2.404,0.987231,1.445,1.0,0.189513872927,0.863575268817,125.044119364,0.995295698925,412.542526942,0.996639784946,18.6121966206,1.0,35.3167384154,1.0,381.68565457,1.0,372.379,0.966398,11.594,11.421,10.873,10.752,10.229,1.0,1.0,1.0,1.0,1.0,0.149402,3.0,76.2788,0.956989,99.647,0.53306,32.1461,0.982527,41.9941,0.470012,-2.26804,0.962366,0.0375605,-2.2894,-2.28277,-2.27414,0.962366,0.953629,0.961694,4.57265,4.42076,4.56317,4.59586,6.86206,6.73101,6.84598,6.87862,4.58105,4.58105,4.60247,4.65795,6.90835,6.89661,6.91354,6.95212,-9999,-9999
200906,14.824,1.0,484.38,206.543,1.0,346.945,1.0,3.408,1.0,96.383,1.0,5.247,1.0,1.586,1.0,0.202480653817,0.96875,123.682156145,0.997916666667,406.041523555,0.998611111111,17.3706531729,1.0,39.0254760461,1.0,390.116349306,1.0,369.789,0.982639,13.4,13.053,12.341,12.07,11.484,1.0,1.0,1.0,1.0,1.0,0.267139,3.0,76.3029,0.984028,98.4694,0.553021,20.549,0.999306,26.5186,0.416039,-3.34062,0.977778,0.0488329,-3.42199,-3.36474,-3.34789,0.972917,0.979861,0.977778,4.89354,4.72138,4.76879,4.876,8.2549,8.13323,8.1528,8.22389,4.67274,4.6697,4.73858,4.80192,8.14399,8.12803,8.14768,8.1975,-9999,-9999
200907,18.06,1.0,467.698,226.298,1.0,360.851,1.0,4.96,1.0,96.539,0.888441,3.413,1.0,1.189,1.0,0.169212648531,0.889112903226,142.875711062,0.997311827957,444.950255196,0.999327956989,19.1536378078,1.0,34.2783601977,1.0,408.691575941,1.0,379.153,0.978495,16.817,16.535,15.84,15.568,14.883,1.0,1.0,1.0,1.0,1.0,0.344727,3.0,91.4714,0.971774,114.934,0.651109,21.0925,0.99328,26.5027,0.363485,-1.05748,0.957661,0.0514809,-1.06635,-1.02395,-0.99663,0.952957,0.954973,0.954301,6.57448,6.22502,6.38186,6.50409,7.55395,7.21409,7.42499,7.50525,5.5756,5.58156,5.61949,5.78838,6.67705,6.68044,6.70842,6.77457,-9999,-9999
200908,18.004,1.0,404.007,212.685,1.0,357.955,1.0,4.881,1.0,96.808,0.94422,2.232,1.0,0.973,1.0,0.134760435494,0.956989247312,130.442515398,0.997311827957,420.01293761,0.997983870968,18.3013286449,1.0,33.6075792933,1.0,405.300898522,1.0,383.756,0.94422,15.762,15.566,14.991,14.916,14.483,1.0,1.0,1.0,1.0,1.0,0.307287,3.0,83.5879,0.952285,106.671,0.522755,23.7061,0.999328,30.2528,0.363536,-1.15317,0.913306,0.0474401,-1.23034,-1.18314,-1.15317,0.914651,0.906586,0.913306,6.19052,6.02794,6.16788,6.26938,7.37488,7.25517,7.33889,7.38302,4.95657,4.78035,4.89551,4.95657,6.62434,6.51948,6.57767,6.62434,-9999,-9999
200909,14.02,1.0,312.066,137.628,1.0,346.038,1.0,2.515,1.0,96.947,0.965972,0.82,1.0,1.005,1.0,0.129193104829,0.935416666667,78.1577386364,0.996527777778,271.035373715,0.997222222222,12.6220317585,1.0,22.1676980531,1.0,382.112329167,1.0,386.436,0.939583,12.458,12.416,12.037,12.275,12.241,1.0,1.0,1.0,1.0,1.0,0.267139,3.0,46.7047,0.975694,69.1015,0.423829,16.0398,0.997917,23.7315,0.337941,-0.160923,0.936806,0.0340572,-0.173787,-0.159322,-0.15463,0.934722,0.935417,0.936111,4.60504,4.55478,4.60208,4.62299,4.78778,4.69931,4.77079,4.78825,4.42285,4.0519,4.42278,4.51778,4.80661,4.65841,4.79729,4.80657,-9999,-9999
200910,7.476,1.0,212.937,71.807,1.0,324.609,1.0,1.207,1.0,96.592,0.975134,1.832,1.0,1.361,1.0,0.168456710645,0.941532258065,35.5186354175,0.997311827957,141.809640981,0.997311827957,7.02081845948,1.0,11.4430357314,1.0,349.032631048,1.0,390.005,0.987231,8.122,8.319,8.198,8.795,9.187,1.0,1.0,1.0,1.0,1.0,0.149402,3.0,27.9062,0.987903,47.2909,0.335272,3.82038,0.998656,6.47415,0.30679,0.105389,0.962366,0.0205823,0.102886,0.119843,0.140141,0.959677,0.964382,0.964382,1.99211,1.95993,1.99211,2.04754,1.87093,1.85704,1.87093,1.90639,1.46537,1.36621,1.44795,1.53912,1.69339,1.65252,1.68067,1.71587,-9999,-9999
200911,5.285,1.0,133.323,49.85,1.0,307.373,1.0,0.892,1.0,96.115,0.88125,0.84,1.0,1.317,1.0,0.156701540245,0.910416666667,14.1228749951,1.0,97.9792054299,1.0,5.84741735604,1.0,8.25801794736,1.0,334.842385417,1.0,398.674,0.995139,4.828,5.067,5.009,5.715,6.294,1.0,1.0,1.0,1.0,1.0,0.267139,3.0,12.1605,0.992361,22.82,0.233977,-1.51709,1.0,-2.84693,0.324989,0.587596,0.985417,0.0148923,0.5625,0.585259,0.588982,0.984028,0.985417,0.985417,0.963514,0.940886,0.95877,0.967742,0.375997,0.371743,0.378857,0.393479,2.09283,1.02877,1.18916,1.84029,0.794548,0.43649,0.465793,0.757897,-9999,-9999
200912,-0.71,1.0,97.0257,26.44,0.997312,294.02,1.0,0.322,1.0,95.771,1.0,1.606,1.0,1.303,1.0,0.151687411165,0.885080645161,4.22151935353,0.995295698925,51.5771081472,1.0,7.02126492997,1.0,6.15754719652,1.0,309.409780242,1.0,396.36,1.0,1.466,1.805,1.883,2.775,3.597,1.0,1.0,1.0,1.0,1.0,0.344727,3.0,9.95307,1.0,18.7533,0.205742,-1.80519,1.0,-3.4013,0.256015,0.412705,0.997984,0.0113076,0.408278,0.414383,0.421827,0.997984,0.998656,0.998656,0.50395,0.495033,0.505211,0.523004,0.0874521,0.0880956,0.0908609,0.10457,0.398825,0.37654,0.388568,0.396699,0.051253,0.0486327,0.050056,0.0515033,-9999,-9999
201001,-4.28,1.0,113.85,31.535,1.0,284.025,1.0,0.192,1.0,96.222,0.999328,1.219,1.0,1.563,1.0,0.150161796828,0.869623655914,1.54584580891,0.935483870968,57.7769832708,1.0,32.0965206308,1.0,18.5618176151,0.923387096774,293.453696237,1.0,392.507,0.991935,-0.017,0.203,0.196,0.966,1.702,1.0,1.0,1.0,1.0,1.0,0.307287,3.0,6.03648,0.991935,8.65014,0.144779,-0.58529,0.998656,-0.838708,0.191613,0.179485,0.983871,0.00816831,0.163844,0.178094,0.190645,0.957661,0.985887,0.989919,0.197055,0.192188,0.197055,0.207324,0.0263171,0.0173953,0.0240241,0.0295957,0.296826,0.25012,0.324107,0.333276,0.0228064,0.02293,0.0260232,0.0645502,-9999,-9999
201002,-1.891,1.0,177.525,63.902,1.0,282.926,1.0,0.597,1.0,95.478,1.0,0.343,1.0,1.579,1.0,0.13554641011,0.855654761905,8.36008869471,0.928571428571,116.905836284,1.0,68.3222759427,1.0,37.9128235635,0.918154761905,300.271019345,1.0,389.887,1.0,0.054,0.19,0.109,0.796,1.404,1.0,1.0,1.0,1.0,1.0,0.136787,3.0,5.0183,0.993304,6.30153,0.161247,-5.8067,0.999256,-7.29153,0.24365,0.519022,0.984375,0.00935207,0.513208,0.518279,0.521747,0.984375,0.985863,0.985863,0.594829,0.569113,0.590927,0.597827,0.0765509,0.0562838,0.0731465,0.0766282,0.599108,0.563455,0.599108,0.617435,0.0983556,0.0853158,0.0959825,0.101374,-9999,-9999
201003,2.73,1.0,271.782,124.429,0.997984,280.897,1.0,1.851,1.0,96.48,0.995968,0.484,1.0,1.826,1.0,0.187918195433,0.90188172043,52.9073190197,0.999327956989,226.840840084,0.997983870968,39.8979634663,1.0,29.1177033631,1.0,323.806955645,1.0,391.364,0.750672,0.496,0.563,0.396,0.929,1.394,1.0,1.0,1.0,1.0,1.0,0.344727,3.0,25.5299,0.998656,30.963,0.373048,7.8588,0.999328,9.53128,0.413836,0.482743,0.766801,0.0117335,0.474452,0.476379,0.489314,0.769489,0.765457,0.770833,0.700782,0.692629,0.704455,0.751631,0.232065,0.216523,0.225633,0.258651,0.592353,0.592353,0.62422,0.727206,0.218954,0.218806,0.231754,0.287935,-9999,-9999
201004,7.589,1.0,372.133,200.78,1.0,297.52,1.0,3.218,1.0,96.657,1.0,1.447,1.0,1.541,1.0,0.174889937155,0.943055555556,110.089345795,0.999305555556,358.210289417,0.997222222222,27.3032618326,1.0,32.3440696547,1.0,355.874131944,1.0,392.19,0.98125,5.424,5.278,4.824,4.908,4.73,1.0,1.0,1.0,1.0,1.0,0.267139,3.0,45.4378,0.972222,60.9276,0.461495,45.0898,1.0,60.461,0.562867,0.896218,0.95,0.0173909,0.887746,0.895191,0.896218,0.945833,0.950694,0.95,1.70488,1.68338,1.70935,1.7137,0.810549,0.796625,0.813039,0.815332,1.76934,1.42879,1.6172,1.76934,0.867845,0.726207,0.829376,0.894668,-9999,-9999
201005,12.09,1.0,449.254,160.713,1.0,342.479,1.0,2.377,1.0,96.071,1.0,2.819,1.0,1.694,1.0,0.211347059882,0.975806451613,100.272034843,0.998655913978,296.860039986,0.998655913978,13.8447000958,1.0,24.7290926858,1.0,377.868413978,1.0,384.03,0.991263,10.887,10.625,9.978,9.769,9.231,1.0,1.0,1.0,1.0,1.0,0.307287,3.0,58.4996,0.99664,76.4211,0.444257,20.0957,0.997984,26.252,0.424475,-2.29856,0.978495,0.0407254,-2.30449,-2.30188,-2.29856,0.979167,0.978495,0.978495,4.01667,4.0061,4.01667,4.02152,6.31387,6.31387,6.31856,6.33007,3.63707,3.63707,3.63999,3.66869,5.93897,5.93897,5.94968,5.96972,-9999,-9999
201006,16.274,1.0,484.38,215.585,1.0,353.862,0.999306,4.422,1.0,96.369,0.905556,3.287,1.0,1.336,1.0,0.191430477704,0.889583333333,130.815248027,1.0,401.252592777,1.0,19.2854734517,1.0,41.6286249515,1.0,397.321736111,1.0,375.328,0.985417,13.97,13.651,12.96,12.728,12.16,1.0,1.0,1.0,1.0,1.0,0.267139,3.0,84.1658,0.975694,108.617,0.555602,14.6844,0.997917,18.9503,0.374754,-5.0914,0.975,0.060255,-5.09884,-5.0914,-5.07252,0.975,0.975,0.975,5.5382,5.538,5.55283,5.57458,10.6296,10.6241,10.6296,10.6494,5.79239,5.60108,5.62892,6.06746,10.6472,10.5177,10.5239,10.8142,-9999,-9999
201007,19.34,1.0,467.698,243.753,1.0,364.416,1.0,6.677,1.0,96.625,1.0,3.213,1.0,1.05,1.0,0.15738571012,0.950940860215,149.760270659,1.0,476.903370384,0.998655913978,21.8126199812,1.0,46.9529214405,1.0,411.98921371,1.0,384.06,0.87164,15.514,15.243,14.588,14.383,13.797,1.0,1.0,1.0,1.0,1.0,0.149402,3.0,89.1621,0.952285,112.032,0.528832,17.9478,0.997984,22.5514,0.388846,-2.8976,0.836022,0.0445014,-2.92731,-2.91145,-2.89545,0.83871,0.834677,0.837366,6.98612,6.98093,6.98612,7.05162,9.88156,9.87869,9.88292,9.97111,6.28991,6.27851,6.32399,6.37737,9.09031,9.07412,9.09031,9.17583,-9999,-9999
201008,17.241,1.0,404.007,181.907,1.0,357.678,1.0,3.927,1.0,96.374,1.0,4.723,1.0,1.252,1.0,0.183275980567,0.94623655914,107.167317222,0.995295698925,350.965234888,0.996639784946,17.6594406626,1.0,26.4735296174,1.0,403.462197581,1.0,382.752,0.987231,15.92,15.714,15.122,15.022,14.568,1.0,1.0,1.0,1.0,1.0,0.344727,3.0,72.6162,0.981183,92.6697,0.622842,13.1274,0.997984,16.7526,0.446131,-0.108811,0.959005,0.0408573,-0.101385,-0.0919722,-0.0730806,0.958333,0.959005,0.959005,5.45185,5.44384,5.45619,5.49434,5.55173,5.54525,5.55751,5.57378,2.69055,2.62742,2.77495,3.51622,3.9884,3.97589,4.03027,4.31511,-9999,-9999
201009,10.904,1.0,312.066,132.324,1.0,331.378,1.0,1.956,1.0,96.522,1.0,2.053,1.0,1.154,1.0,0.161509717499,0.922916666667,76.3148026832,0.998611111111,251.631242771,0.995138888889,11.6904156588,1.0,19.7320267983,1.0,367.549444444,1.0,384.688,0.918056,10.152,10.264,10.051,10.54,10.783,1.0,1.0,1.0,1.0,1.0,0.267139,3.0,45.0851,0.972222,66.7053,0.405656,16.9532,0.999306,25.083,0.404548,0.0427056,0.915972,0.0247286,0.0422914,0.0472832,0.0497576,0.911111,0.909028,0.913889,3.0059,3.00257,3.00571,3.00694,2.96626,2.95578,2.958,2.96337,2.09294,2.11329,2.14572,2.20128,2.69665,2.69588,2.70594,2.76198,-9999,-9999
201010,5.698,1.0,212.937,83.021,1.0,306.372,1.0,1.132,1.0,96.521,0.96707,0.49,1.0,1.251,1.0,0.172399003319,0.924731182796,37.4091362199,0.999327956989,155.565200019,0.999327956989,7.1231873453,1.0,12.0961815993,1.0,339.756048387,1.0,411.301,0.986559,5.872,6.169,6.169,6.953,7.541,1.0,1.0,1.0,1.0,1.0,0.307287,3.0,18.9319,0.921371,32.0827,0.280464,11.454,0.999328,19.4104,0.373755,0.623267,0.928091,0.0167909,0.600396,0.623267,0.650306,0.928091,0.928091,0.930108,1.59929,1.5663,1.60196,1.66191,0.977107,0.963124,0.974184,1.00073,1.38711,1.38203,1.38711,1.41868,1.12896,1.12826,1.13389,1.16735,-9999,-9999
201011,4.95,1.0,133.323,39.348,1.0,313.319,0.370139,0.802,1.0,95.542,0.961806,0.933,1.0,1.47,1.0,0.180854790332,0.854861111111,-9999,-9999,72.6887443208,1.0,4.32730973403,1.0,-9999,-9999,-9999,-9999,407.888,0.989583,5.064,5.2,5.043,5.606,6.015,1.0,1.0,1.0,1.0,1.0,0.267139,3.0,11.1251,0.990278,20.877,0.234676,-1.80619,0.994444,-3.38945,0.340097,1.01628,0.984028,0.014615,0.999616,1.01628,1.01865,0.984722,0.984028,0.984028,1.15102,1.1049,1.15102,1.15991,0.135525,0.105805,0.135527,0.140961,1.03896,1.01589,1.03525,1.03892,0.120319,0.114915,0.120319,0.122314,-9999,-9999
201012,-4.497,1.0,97.0257,32.659,1.0,283.122,0.0,0.236,1.0,95.912,0.995968,0.613,1.0,1.664,1.0,0.171832594206,0.817876344086,-9999,-9999,59.0303729353,0.997983870968,14.9967913853,1.0,-9999,-9999,-9999,-9999,408.732,0.992608,0.274,0.631,0.704,1.605,2.4,1.0,1.0,1.0,1.0,1.0,0.149402,3.0,7.98605,0.981855,15.0471,0.184417,-3.09433,0.998656,-5.83025,0.30455,0.433791,0.965726,0.0107436,0.41869,0.441424,0.447684,0.965054,0.958333,0.959005,0.600598,0.574176,0.583427,0.596136,0.152914,0.133699,0.139817,0.160146,0.443882,0.424963,0.444686,0.453413,0.0909838,0.0814264,0.0914105,0.0940808,-9999,-9999
201101,-1.072,1.0,113.85,37.916,1.0,292.326,0.0,0.313,1.0,96.679,1.0,0.568,1.0,1.419,1.0,0.144681575616,0.882392473118,-9999,-9999,73.8384251284,0.997983870968,7.54019827419,1.0,-9999,-9999,-9999,-9999,409.111,1.0,-0.002,0.14,0.109,0.853,1.486,1.0,1.0,1.0,1.0,1.0,0.344727,3.0,5.98147,0.997984,9.39055,0.14225,-3.0806,1.0,-4.83636,0.289915,0.338674,0.99328,0.0085044,0.330068,0.340588,0.348366,0.990591,0.99328,0.993952,0.440052,0.424449,0.437642,0.455685,0.0987772,0.0970317,0.101143,0.106921,0.504379,0.44955,0.468493,0.476834,0.11384,0.0914041,0.102956,0.111372,-9999,-9999
201102,-2.415,1.0,177.525,77.241,0.998512,276.612,0.0,0.769,1.0,96.706,0.999256,0.2,1.0,1.516,1.0,0.160051745809,0.873511904762,-9999,-9999,147.241453395,1.0,-9999,-9999,-9999,-9999,-9999,-9999,410.259,0.999256,-0.444,-0.117,-0.073,0.627,1.211,1.0,1.0,1.0,1.0,1.0,-6.03845,3.0,11.3776,0.990327,14.287,0.192817,13.9614,1.0,17.5315,0.348811,0.159565,0.984375,0.00791562,0.154649,0.170818,0.18912,0.983631,0.984375,0.984375,0.440982,0.365141,0.426008,0.476394,0.270297,0.218929,0.254514,0.2837,0.382552,0.366886,0.384202,0.397348,0.225845,0.217529,0.224702,0.243027,-9999,-9999
201103,3.002,1.0,271.782,136.924,0.997984,289.36,0.667339,1.974,1.0,96.958,0.950269,1.452,1.0,1.527,1.0,0.16674542779,0.852822580645,88.3712722277,0.515456989247,204.587589565,0.612903225806,-9999,-9999,20.473358334,0.516129032258,336.107552083,0.516129032258,411.61,0.991263,-0.101,-0.145,-0.338,0.3,0.866,1.0,1.0,1.0,1.0,1.0,-9.48985,3.0,16.8811,0.983199,20.4737,0.29824,27.4187,1.0,33.2538,0.503514,0.406255,0.869624,0.0111515,0.409046,0.536663,0.584743,0.806452,0.918683,0.966398,0.81154,0.690779,0.783579,0.83826,0.274878,0.238085,0.274195,0.297135,0.673311,0.681106,0.718821,0.77935,0.341014,0.345169,0.357699,0.376306,-9999,-9999
201104,10.297,1.0,372.133,200.149,1.0,308.323,0.8625,4.305,1.0,96.6,0.995139,1.073,1.0,1.696,1.0,0.212627884055,0.9375,-9999,-9999,386.30482066,0.999305555556,-9999,-9999,-9999,-9999,-9999,-9999,400.023,0.979167,6.905,6.31,5.27,4.893,4.289,0.961111,0.961111,0.961111,0.961111,0.961111,1.91324,3.0,35.9574,0.998611,48.2153,0.404149,43.896,1.0,58.8602,0.604284,1.4072,0.965278,0.0222915,1.33668,1.36616,1.3848,0.972917,0.970139,0.927083,2.11108,2.018,2.08139,2.10166,0.722099,0.690482,0.71632,0.73548,1.74001,1.63476,1.7585,1.80864,0.79514,0.746059,0.796527,0.828797,-9999,-9999
201105,12.818,1.0,449.254,249.22,1.0,329.562,1.0,5.04,1.0,96.674,0.997312,2.523,1.0,1.294,1.0,0.174895322583,0.959677419355,156.06695631,0.998655913978,476.669648939,0.998655913978,43.9838194032,0.85685483871,40.6752950389,1.0,381.625672043,1.0,401.126,0.991263,12.217,11.792,10.853,10.335,9.351,1.0,1.0,1.0,1.0,1.0,5.05128,3.0,59.6654,0.987231,80.0055,0.502611,53.361,0.999328,71.5519,0.512109,-0.864502,0.950941,0.0401896,-0.92511,-0.889548,-0.864502,0.950269,0.962366,0.950941,4.02451,3.69498,3.72706,3.771,4.83817,4.58584,4.64603,4.68619,3.67741,3.74325,3.78604,3.89976,4.88732,4.91139,4.93542,4.97634,-9999,-9999
201106,16.738,0.956944,484.38,244.614,0.960417,359.363,0.956944,4.714,0.956944,96.487,0.998611,2.84,1.0,1.381,1.0,0.197687580665,0.976388888889,145.915878492,0.939583333333,479.087842443,0.938888888889,28.071269932,0.938888888889,62.0332697293,0.938888888889,400.621164898,0.938888888889,391.406,0.976389,15.7,15.363,14.436,13.956,12.867,0.956944,0.956944,0.956944,0.956944,0.956944,5.09944,3.0,82.4312,0.980556,104.836,0.515686,26.7559,1.0,34.0283,0.438161,-2.88923,0.961806,0.0500352,-2.97796,-2.8814,-2.8751,0.957639,0.964583,0.964583,5.3578,5.12563,5.34876,5.39851,8.22822,8.15612,8.22503,8.31783,6.33168,6.25357,6.33168,6.33354,9.11101,9.06235,9.10609,9.11206,-9999,-9999
201107,16.342,1.0,467.698,198.72,1.0,364.112,1.0,3.78,1.0,96.142,0.99664,3.871,1.0,1.245,1.0,0.188758704989,0.972446236559,111.973831497,0.999327956989,380.795179198,0.999327956989,21.9978232498,1.0,53.6710984608,1.0,397.274260753,1.0,378.616,0.981183,15.055,14.831,14.171,13.998,13.266,1.0,1.0,1.0,1.0,1.0,3.22574,3.0,68.1922,0.991263,85.8413,0.417469,18.3005,0.999328,23.0369,0.375622,-2.21619,0.975134,0.0450451,-2.28433,-2.21795,-2.18979,0.962366,0.975134,0.979167,5.00716,4.84959,5.11608,5.12169,7.22511,7.22269,7.30647,7.33675,6.08549,6.04805,6.16588,6.85447,7.85897,7.85897,7.92703,8.33954,-9999,-9999
201108,17.944,1.0,404.007,210.382,1.0,365.712,1.0,4.669,1.0,96.517,0.900538,1.787,1.0,0.93,1.0,0.144224362963,0.891129032258,118.580717122,1.0,406.114615732,1.0,17.1920170036,1.0,52.7119711727,1.0,404.82311828,1.0,387.706,0.961694,15.631,15.263,14.648,14.493,13.786,1.0,1.0,1.0,1.0,1.0,3.8006,3.0,68.3389,0.975134,84.6638,0.385151,24.0357,0.99328,29.7774,0.347301,-0.894103,0.873656,0.054025,-0.984356,-0.926742,-0.910321,0.856855,0.876344,0.875672,4.93837,4.9277,4.93837,5.083,5.85083,5.85067,5.86563,6.03826,6.17053,5.98569,6.10745,6.17053,6.90338,6.74044,6.83431,6.87863,-9999,-9999
201109,14.173,1.0,312.066,149.982,1.0,347.304,1.0,3.067,1.0,96.835,0.0,2.38,1.0,0.898,0.997222,-9999,-9999,79.1991647506,0.751388888889,287.400137344,1.0,12.9947431776,0.751388888889,34.9494595631,0.751388888889,382.760820792,0.751388888889,442.406,0.989583,12.564,12.516,12.241,12.542,12.473,1.0,1.0,1.0,1.0,1.0,-0.599345,3.0,40.5748,0.995833,53.9959,0.370853,19.1926,0.995833,25.541,0.377106,0.504005,0.909028,0.0387021,0.480045,0.487564,0.496209,0.913194,0.899306,0.913194,4.5864,4.37986,4.46373,4.58109,4.09019,3.91566,3.98776,4.07843,4.2377,4.14413,4.23884,4.24943,4.15398,4.10216,4.15318,4.15954,-9999,-9999
201110,7.282,1.0,212.937,84.482,1.0,324.997,1.0,1.31,1.0,97.076,0.0,1.71,1.0,1.201,1.0,-9999,-9999,38.8376839204,1.0,158.977514578,0.999327956989,10.4222966929,1.0,19.1450709255,1.0,351.558266129,1.0,430.291,1.0,7.577,7.833,7.775,8.458,9.021,1.0,1.0,1.0,1.0,1.0,-3.4037,3.0,13.684,0.995968,25.5749,0.201211,8.90029,1.0,16.6343,0.330824,1.05069,0.980511,0.0248556,1.025,1.0475,1.06428,0.96371,0.991263,0.986559,2.50224,2.45956,2.49885,2.52352,1.57511,1.39039,1.4503,1.52722,1.83403,1.76527,1.81633,1.84052,1.23959,1.21765,1.23756,1.24702,-9999,-9999
201111,2.019,1.0,133.323,39.612,1.0,308.678,1.0,0.41,1.0,97.271,0.0,0.02,1.0,1.299,1.0,0.186849627241,0.705555555556,10.0897856681,1.0,74.9000643792,1.0,6.86592486597,1.0,10.5862545037,1.0,327.614305556,1.0,433.411,1.0,4.029,4.548,4.614,5.502,6.413,1.0,1.0,1.0,1.0,1.0,-4.82896,3.0,2.72621,1.0,5.13664,0.0711726,5.19172,1.0,9.7821,0.299958,0.939975,0.991667,0.0140436,0.930546,0.939975,0.949118,0.991667,0.991667,0.98125,1.10938,1.07839,1.10513,1.11273,0.173459,0.126417,0.166458,0.177818,1.01338,1.01338,1.04555,1.06143,0.202136,0.201236,0.212273,0.214988,-9999,-9999
201112,2.327,1.0,97.0257,27.382,1.0,296.924,1.0,0.74,1.0,96.373,0.0,0.219,1.0,1.702,1.0,0.224565894038,0.733870967742,-4.95765844968,0.999327956989,52.1479005447,0.999327956989,-9999,-9999,7.10844654493,1.0,322.116801075,1.0,416.435,1.0,1.712,1.94,1.946,2.742,3.623,1.0,1.0,1.0,1.0,1.0,-3.7172,3.0,3.62019,0.999328,6.82107,0.126117,-14.7429,1.0,-27.7782,0.48868,1.10941,0.987903,0.0134563,1.08303,1.11241,1.11893,0.990591,0.987903,0.986559,1.18666,1.15869,1.18225,1.19483,0.0716759,0.0729719,0.0749774,0.0778929,1.08335,0.929201,1.06002,1.10097,0.0893518,0.0524554,0.0641034,0.0958329,-9999,-9999
201201,0.641,1.0,113.85,41.276,1.0,283.075,1.0,0.782,1.0,96.709,0.0,1.555,1.0,2.134,1.0,0.252748460746,0.836693548387,-6.91283426613,1.0,-9999,-9999,-9999,-9999,18.0504807488,1.0,313.212432796,1.0,414.442,1.0,0.886,1.219,1.332,2.151,2.987,1.0,1.0,1.0,1.0,1.0,-3.89366,3.0,6.2096,0.995968,8.91811,0.158376,-17.8682,0.997984,-25.662,0.488262,0.967586,0.993952,0.0146716,0.948333,0.975216,1.0027,0.982527,0.99328,0.99328,0.982759,0.954918,0.97811,0.989931,0.00469599,-0.0114587,0.0036315,0.00544667,0.934308,0.906349,0.920411,0.93562,0.0290599,0.0205235,0.0253,0.0296898,-9999,-9999
201202,-5.309,1.0,179.025,76.524,1.0,257.202,1.0,0.687,1.0,97.163,0.0,0.338,1.0,1.673,1.0,0.191624737917,0.685344827586,2.02611279526,1.0,-9999,-9999,-9999,-9999,43.2225781106,1.0,288.476652299,1.0,428.476,1.0,-2.812,-2.402,-1.863,-0.457,0.535,1.0,1.0,1.0,1.0,1.0,-16.3605,3.0,4.63778,0.990661,5.82371,0.125378,3.85948,0.987069,4.84639,0.433061,0.643694,0.954741,0.0132999,0.628027,0.663229,0.740351,0.970546,0.962644,0.963362,0.599616,0.562843,0.582718,0.617589,-0.0636125,-0.112929,-0.0919904,-0.0660878,0.581972,0.548545,0.567977,0.588922,0.0483356,0.0239817,0.0291006,0.0440989,-9999,-9999
201203,5.14,1.0,275.179,138.738,1.0,292.708,1.0,2.548,1.0,97.348,0.0,0.103,1.0,1.554,1.0,0.184603464473,0.804435483871,62.7974502218,1.0,257.927293562,1.0,-9999,-9999,32.8423116664,1.0,335.84640457,1.0,435.38,1.0,2.33,1.84,0.467,0.087,0.411,1.0,1.0,1.0,1.0,1.0,9.82419,3.0,16.3236,0.999328,20.4977,0.223815,25.8056,1.0,32.4044,0.498068,1.12672,0.887097,0.0180585,1.13594,1.16646,1.32798,0.895161,0.893817,0.902554,1.26145,1.1474,1.28223,1.39068,0.0963692,0.00671793,0.0251916,0.0708307,0.975283,0.942451,0.956702,1.02426,0.0860802,0.0699566,0.0827396,0.110721,-9999,-9999
201204,8.047,1.0,375.156,180.183,0.997917,307.017,1.0,3.753,1.0,95.628,0.0,1.26,1.0,1.826,1.0,0.212384451291,0.872222222222,91.4413284777,0.997222222222,357.11548901,0.754861111111,-9999,-9999,41.2510446573,1.0,353.493715278,1.0,427.182,1.0,6.023,5.777,4.88,4.518,4.182,1.0,1.0,1.0,1.0,1.0,5.36358,3.0,33.5272,0.998611,39.2241,0.326276,41.0069,0.999306,47.9747,0.556149,1.1452,0.961806,0.0259534,1.11592,1.20056,1.23063,0.947222,0.970833,0.980556,2.27708,2.22822,2.26569,2.29109,1.06805,1.0548,1.07717,1.10922,2.0446,1.94409,2.01645,2.04421,0.998758,0.956646,1.02147,1.03575,-9999,-9999
201205,13.908,1.0,451.154,242.164,0.995968,333.26,1.0,5.384,1.0,96.531,0.0,1.148,1.0,1.449,1.0,0.19486725524,0.91061827957,127.658295072,0.998655913978,470.529254875,0.996639784946,20.5734008751,0.697580645161,64.3952215655,1.0,383.145833333,1.0,427.869,0.994624,11.691,11.503,10.776,10.562,10.009,1.0,1.0,1.0,1.0,1.0,4.565,3.0,67.9273,0.994624,73.927,0.518536,45.4361,0.991263,49.4492,0.537639,-1.23873,0.922715,0.0596367,-1.38137,-1.29532,-1.26159,0.912634,0.93078,0.930108,6.82852,6.28441,6.60784,6.74847,8.07795,7.60961,7.91216,8.00093,4.36311,4.06744,4.36311,4.59828,6.60748,6.43484,6.59328,6.68018,-9999,-9999
201206,17.073,1.0,484.667,226.897,1.0,363.126,1.0,4.83,1.0,96.441,0.0,3.993,1.0,1.212,1.0,0.18071673976,0.91875,127.203473934,0.999305555556,446.131927598,0.999305555556,18.2311805556,1.0,62.0296935035,1.0,400.431527778,1.0,421.13,0.998611,14.955,14.611,13.783,13.387,12.612,1.0,1.0,1.0,1.0,1.0,6.82565,3.0,73.5303,0.999306,84.1474,0.595637,31.9927,0.997917,36.6122,0.459809,-2.59385,0.988889,0.0691478,-2.64366,-2.55925,-2.43568,0.983333,0.992361,0.99375,7.34083,7.34083,7.51874,7.81274,9.88186,9.97617,10.0839,10.2201,6.74952,6.41701,6.59409,6.74093,9.70399,9.55439,9.6608,9.70304,-9999,-9999
201207,17.981,1.0,466.309,203.609,0.997984,368.883,1.0,3.82,1.0,96.605,0.0,6.058,1.0,1.138,0.974462,0.174023521569,0.874327956989,114.79248552,0.846102150538,394.864335268,0.999327956989,17.1597753268,0.958333333333,53.9620598523,0.958333333333,400.804671405,0.958333333333,418.926,1.0,16.665,16.438,15.729,15.501,14.821,1.0,1.0,1.0,1.0,1.0,5.14319,3.0,68.7622,1.0,80.2042,0.601594,27.2967,1.0,31.8389,0.466429,-1.24342,0.991935,0.0605974,-1.56298,-1.17283,-1.00123,0.978495,0.991935,0.99664,7.90047,6.67918,8.03615,8.50673,9.04123,8.29637,9.27957,9.51589,6.78459,6.41928,6.74204,6.78104,8.45682,8.38573,8.41971,8.45682,-9999,-9999
201208,18.088,1.0,401.345,213.76,1.0,358.898,1.0,5.197,1.0,96.799,0.0,3.032,1.0,0.983,1.0,0.153557292101,0.920698924731,-9999,-9999,412.654969882,0.999327956989,18.7781586022,1.0,51.8368834695,1.0,393.050575269,1.0,422.091,0.987903,16.356,16.268,15.715,15.691,15.228,1.0,1.0,1.0,1.0,1.0,3.2486,3.0,73.1528,0.998656,85.3254,0.540097,31.1643,0.998656,36.35,0.476897,0.0532623,0.977823,0.06232,-0.404483,0.119838,0.316068,0.964382,0.977823,0.983871,7.75205,7.04683,7.89113,8.04832,7.57768,7.4734,7.68973,7.76991,5.30164,5.22697,5.33444,5.5551,6.52583,6.44653,6.52583,6.59092,-9999,-9999
201209,13.031,1.0,308.793,141.504,1.0,319.261,1.0,2.497,1.0,96.67,0.0,1.94,1.0,1.068,1.0,0.150038714843,0.8375,-9999,-9999,271.442243006,0.997916666667,13.6587152778,1.0,33.8857263053,1.0,340.25350625,1.0,422.351,0.990972,11.741,11.796,11.549,12.04,12.21,1.0,1.0,1.0,1.0,1.0,-1.57101,3.0,35.0079,0.988194,51.8202,0.385046,22.4933,0.988194,33.2955,0.405002,0.0915621,0.963194,0.0497842,0.0052754,0.146556,0.277791,0.948611,0.879861,0.969444,5.23686,5.20486,5.2988,5.34896,5.08522,5.05348,5.12371,5.17078,3.89602,3.57825,3.81711,4.0471,4.55393,4.51093,4.54716,4.63531,-9999,-9999
201210,7.653,1.0,209.865,74.855,1.0,313.647,0.774194,1.084,1.0,96.369,0.0,1.335,1.0,1.175,1.0,0.152548718805,0.862903225806,-9999,-9999,144.110304921,1.0,11.0630121905,1.0,19.1097976845,1.0,334.560146038,0.57123655914,423.073,1.0,7.082,7.22,7.185,8.001,8.562,1.0,1.0,1.0,1.0,1.0,-4.4485,3.0,13.6908,1.0,22.1013,0.247521,9.66728,1.0,15.606,0.35213,1.53639,0.975134,0.0261118,1.54563,1.58112,1.59755,0.962366,0.992608,0.992608,3.41739,3.11585,3.38711,3.45736,1.79317,1.56833,1.74878,1.85616,2.55911,2.55242,2.62032,2.70648,1.55015,1.53724,1.56708,1.5994,-9999,-9999
201211,4.644,1.0,131.352,34.585,1.0,323.307,0.352083,0.372,1.0,96.378,0.0,0.587,1.0,1.315,1.0,0.16799153499,0.93125,-9999,-9999,66.149510325,1.0,4.76442527361,1.0,8.2705852,1.0,-9999,-9999,419.548,0.897917,4.299,4.379,4.29,5.017,5.591,1.0,1.0,1.0,1.0,1.0,-3.26777,3.0,5.05806,0.892361,8.70671,0.113608,-6.11549,0.891667,-10.5269,0.370856,1.43947,0.834028,0.0160194,1.35368,1.53643,1.56503,0.741667,0.860417,0.860417,1.68356,1.54943,1.68356,1.71542,0.14713,0.135544,0.170359,0.198718,1.65801,1.38855,1.62831,1.65029,0.282811,0.239983,0.269141,0.296229,-9999,-9999
201212,-0.834,1.0,96.7061,31.078,1.0,287.206,1.0,0.276,1.0,96.233,0.0,1.097,1.0,1.304,1.0,0.158138380817,0.85752688172,10.3631717083,0.612903225806,55.922861932,0.999327956989,10.1600652438,1.0,8.47780440793,1.0,300.778696237,1.0,418.468,1.0,-0.248,-0.213,-0.032,1.093,2.193,1.0,1.0,1.0,1.0,1.0,-6.69208,3.0,1.90392,0.999328,3.58732,0.0725933,-5.99356,0.999328,-11.2929,0.294223,0.794952,0.999328,0.00982922,0.790346,0.833362,0.843594,0.998656,0.999328,0.999328,0.827275,0.809659,0.836605,0.846707,-0.00524024,-0.00411581,0.000578179,0.0174268,0.916449,0.910151,0.931533,0.953205,0.0813527,0.0788514,0.0820712,0.0870328,-9999,-9999
201301,-1.271,1.0,113.85,28.486,1.0,300.083,1.0,0.265,1.0,96.156,0.0,1.368,1.0,1.584,1.0,0.175159750569,0.866935483871,7.86040932014,0.967741935484,58.5274617619,1.0,26.0143998013,1.0,13.0386281414,1.0,307.789784946,1.0,420.377,1.0,-0.211,-0.024,-0.038,0.777,1.596,1.0,1.0,1.0,1.0,1.0,-4.60249,3.0,2.29946,0.999328,3.49128,0.11772,-9.06379,0.997984,-13.7616,0.308175,0.614562,0.977823,0.00797778,0.617373,0.644378,0.651582,0.979839,0.998656,0.997984,0.67192,0.682989,0.692851,0.696522,0.0298539,0.0348092,0.0419803,0.0787305,0.63389,0.551434,0.604224,0.635974,0.0353017,0.0244563,0.0286598,0.0362171,-9999,-9999
201302,-1.174,1.0,177.525,51.262,1.0,294.005,1.0,0.334,1.0,96.151,0.0,0.85,1.0,1.582,1.0,0.132959486163,0.856398809524,12.782403853,0.94568452381,93.3484849324,0.749255952381,54.2645386155,0.923363095238,25.6708029792,0.928571428571,308.202678571,1.0,421.191,1.0,0.545,0.528,0.241,0.837,1.52,1.0,1.0,1.0,1.0,1.0,-1.61004,3.0,2.78117,1.0,3.71389,0.104637,-0.846449,1.0,-1.13032,0.23432,0.642134,0.97619,0.00951198,0.627146,0.631075,0.721768,0.997024,0.977679,0.967262,0.600022,0.597842,0.600705,0.661562,-0.0409231,-0.036826,-0.0319997,-0.0284194,0.647495,0.65288,0.676215,0.854367,0.0461365,0.039487,0.0521076,0.0627408,-9999,-9999
201303,-0.008,1.0,271.782,105.461,1.0,284.929,1.0,0.889,1.0,95.752,0.0,0.484,1.0,1.964,1.0,0.188906973076,0.866935483871,49.7064246544,1.0,194.820768898,0.997983870968,51.2842773281,0.89314516129,28.1809293474,0.990591397849,312.833400538,1.0,421.526,1.0,-0.009,0.098,-0.039,0.616,1.288,1.0,1.0,1.0,1.0,1.0,-3.4248,3.0,10.3804,0.997312,14.3364,0.162917,14.4359,0.998656,19.9375,0.499377,0.730015,0.96707,0.00812806,0.724658,0.736798,0.754817,0.96371,0.976478,0.978495,0.842036,0.794826,0.813055,0.884081,0.106233,0.0706276,0.107058,0.131202,0.650892,0.671225,0.706106,0.737248,0.0357393,0.0377215,0.0589367,0.0746977,-9999,-9999
201304,8.42,1.0,372.133,153.044,1.0,319.794,1.0,2.934,1.0,96.445,0.0,0.247,1.0,1.569,1.0,0.177218559985,0.873611111111,92.8097562854,1.0,289.382208095,1.0,21.017319029,0.98125,22.9612440927,1.0,357.066944444,1.0,423.705,1.0,5.94,6.006,4.983,4.492,4.158,1.0,1.0,1.0,1.0,1.0,5.33597,3.0,24.4336,0.998611,33.7453,0.292382,38.9533,0.999306,53.7984,0.554447,1.30321,0.970833,0.0226837,1.23167,1.31285,1.36605,0.902778,0.975694,0.98125,2.01786,1.99084,2.09766,2.15381,0.699383,0.706244,0.7546,0.800389,1.47191,1.47191,1.53883,1.59578,0.386387,0.386743,0.408947,0.453107,-9999,-9999
201305,12.261,1.0,449.254,177.339,1.0,343.444,1.0,2.552,1.0,96.031,0.0,3.523,1.0,1.562,1.0,0.210838896926,0.931451612903,115.760956653,0.999327956989,331.149143259,0.999327956989,12.5902934476,1.0,29.8773673872,1.0,374.970060484,1.0,407.15,1.0,10.961,11.02,10.535,10.518,10.143,1.0,1.0,1.0,1.0,1.0,3.03686,3.0,51.8921,1.0,78.0983,0.602896,23.2174,0.999328,34.9426,0.664901,-2.97645,0.994624,0.0641915,-3.14234,-2.92549,-2.84046,0.989247,0.995296,0.997312,4.76675,4.64712,4.71465,4.7735,7.65215,7.59667,7.65566,7.73894,2.48381,2.47238,2.6006,3.05988,6.18945,6.17906,6.21018,6.25252,-9999,-9999
201306,14.95,0.997917,484.38,212.215,0.973611,365.131,0.944444,3.266,0.994444,96.619,0.0,7.053,1.0,1.417,0.997222,0.191021231604,0.868055555556,137.692380124,1.0,365.486270499,0.552777777778,15.843149761,0.58125,-9999,-9999,396.372821493,0.58125,402.489,1.0,14.142,14.037,13.292,13.107,12.491,0.940972,0.940972,0.940972,0.940972,0.940972,6.36073,3.0,63.4499,0.999306,93.3154,0.596635,14.2214,0.997917,20.9154,0.397026,-1.41268,0.968056,0.0529185,-1.75589,-1.31122,-1.1006,0.933333,0.974306,0.988889,3.67212,3.71582,3.74064,3.82847,4.96086,4.92425,4.99695,5.40373,4.44419,3.5427,4.35181,4.56694,6.60225,6.20992,6.60605,6.68669,-9999,-9999
201307,19.406,1.0,467.698,274.118,0.995296,364.077,0.979839,6.352,1.0,96.941,0.0,0.019,1.0,1.051,1.0,0.159883372539,0.92876344086,180.154458649,0.998655913978,531.053850486,1.0,21.3771684712,0.922715053763,48.3642579497,1.0,409.083759579,0.933467741935,426.289,0.969758,16.272,16.213,15.463,15.095,14.378,0.979839,0.979839,0.979839,0.979839,0.979839,4.74772,3.0,99.4109,1.0,142.791,0.650719,23.2477,1.0,33.3923,0.36439,-2.39977,0.909946,0.0502963,-2.44554,-2.36663,-2.31472,0.88172,0.935484,0.943548,7.44845,6.64591,7.70318,8.00742,9.81359,8.96504,9.98491,10.4072,7.9754,6.83255,7.47568,8.44659,10.2637,9.65252,9.95189,10.5699,-9999,-9999
201308,17.767,1.0,404.007,205.397,1.0,362.876,1.0,5.294,1.0,96.961,0.991935,1.858,0.999328,0.906,1.0,0.137493782271,0.932795698925,131.702959143,0.997311827957,401.723742416,0.996639784946,17.8106813291,1.0,34.9269679751,1.0,400.247883065,1.0,435.359,0.978495,14.908,14.922,14.524,14.578,14.398,1.0,1.0,1.0,1.0,1.0,0.913038,3.0,68.4212,0.997312,99.5647,0.518086,22.4553,0.997984,32.6763,0.362837,0.613223,0.942876,0.0449712,0.505478,0.66572,0.790387,0.834005,0.867608,0.942876,8.39262,8.04633,8.31739,8.4106,7.67348,7.45731,7.5995,7.73098,7.69107,7.20881,7.55733,7.74871,7.26147,6.96338,7.066,7.29484,-9999,-9999
201309,12.547,1.0,312.066,129.956,1.0,347.153,1.0,1.918,1.0,96.635,0.854167,1.552,0.8875,1.223,1.0,0.181303090551,0.936805555556,80.6619931253,0.997222222222,250.400579682,0.996527777778,13.2091928097,1.0,21.4895176924,1.0,373.674861111,1.0,425.79,0.954167,10.584,10.703,10.519,10.883,11.111,1.0,1.0,1.0,1.0,1.0,-1.37646,3.0,39.5141,0.980556,62.3034,0.434271,13.6801,1.0,21.5699,0.385095,0.00174642,0.921528,0.035389,-0.0531445,0.0308154,0.12984,0.90625,0.923611,0.9,4.44884,4.22754,4.3624,5.12304,4.41134,4.24583,4.41134,4.9789,3.44418,3.55011,3.66669,4.07127,4.18675,4.21661,4.29513,4.35636,-9999,-9999
201310,8.887,1.0,212.937,94.785,1.0,325.267,1.0,1.838,1.0,96.878,1.0,1.265,1.0,1.138,1.0,0.164955015629,0.930779569892,48.6922946441,0.997983870968,176.961670464,0.998655913978,11.2983872055,1.0,16.2895959845,1.0,354.690725806,1.0,440.923,0.739247,6.945,7.12,6.986,7.44,7.822,1.0,1.0,1.0,1.0,1.0,-1.71717,3.0,24.811,0.735887,35.0064,0.282172,14.0066,1.0,19.7623,0.481469,1.66108,0.719086,0.0222731,1.62126,1.67295,1.78958,0.698253,0.719086,0.732527,2.4606,2.33435,2.43452,2.97417,0.737881,0.723992,0.757596,1.17654,2.19042,2.06232,2.52751,2.7089,1.07351,1.07351,1.54123,1.87348,-9999,-9999
201311,4.289,1.0,133.323,38.124,1.0,316.885,1.0,0.505,1.0,96.529,1.0,0.747,1.0,1.612,1.0,0.2058186965,0.924305555556,14.947416505,0.998611111111,69.0830262356,0.997222222222,5.01631652375,1.0,6.21396985292,1.0,333.732152778,1.0,439.767,1.0,3.211,3.394,3.653,4.51,5.359,1.0,1.0,1.0,1.0,1.0,-4.47684,3.0,10.3172,1.0,14.5568,0.233575,-1.08239,1.0,-1.52717,0.320754,1.50092,0.999306,0.0111962,1.48312,1.51048,1.55662,0.998611,0.999306,0.999306,1.60606,1.517,1.5702,1.66499,0.0763712,0.0330423,0.0597215,0.0988278,1.35951,1.36309,1.37498,1.38251,0.0555329,0.0554319,0.0566638,0.0583569,-9999,-9999
201312,0.884,1.0,97.0257,32.498,1.0,300.456,1.0,0.227,1.0,97.22,1.0,0.084,1.0,1.473,1.0,0.170274534773,0.70564516129,8.6204113489,0.997311827957,58.2803078813,1.0,4.91428850142,1.0,6.60555466243,1.0,317.28219086,1.0,439.324,1.0,-0.168,-0.017,0.21,1.189,2.049,1.0,1.0,1.0,1.0,1.0,-4.01203,3.0,4.23444,0.995296,5.55419,0.153207,0.225021,0.994624,0.295153,0.338352,0.845384,0.941532,0.00746824,0.792537,0.862689,0.92475,0.915323,0.946909,0.965726,0.906105,0.885729,0.921945,0.92764,0.0194952,0.00565115,0.0203878,0.0436771,0.875104,0.854058,0.875104,0.946343,0.0838813,0.0566752,0.0753526,0.0838813,-9999,-9999
201401,0.289,1.0,113.85,34.928,1.0,300.033,1.0,0.194,1.0,96.162,1.0,0.671,1.0,1.459,1.0,0.1613350352,0.850134408602,9.71385607252,0.999327956989,67.2088030999,1.0,13.994422581,1.0,10.2087562086,1.0,314.884543011,1.0,426.96,0.997984,0.018,0.1,0.099,0.954,1.658,1.0,1.0,1.0,1.0,1.0,-3.24711,3.0,3.30717,0.997312,4.33792,0.128148,-0.835183,0.997984,-1.09549,0.275457,0.592624,0.935484,0.00571645,0.607847,0.612601,0.648528,0.929435,0.93414,0.948925,0.652238,0.594186,0.619561,0.662458,0.031775,-0.014266,0.0111704,0.0159052,0.668216,0.678816,0.695244,0.714401,0.0563915,0.0520478,0.0604453,0.0664509,-9999,-9999
201402,1.491,1.0,177.525,77.657,1.0,294.707,1.0,0.604,1.0,96.185,1.0,0.207,1.0,1.83,1.0,-9999,-9999,34.5769719792,1.0,149.541450664,1.0,21.5873006172,0.857142857143,16.7262461886,1.0,321.031547619,1.0,416.344,0.983631,-0.389,-0.205,-0.41,-0.164,0.615,1.0,1.0,1.0,1.0,1.0,-1.38423,3.0,6.63369,0.978423,9.38689,0.137008,7.78421,0.980655,11.0149,0.33448,0.59576,0.825893,0.00594456,0.55943,0.570458,0.59576,0.884673,0.745536,0.825893,0.594779,0.565956,0.6235,0.657926,-0.00328916,-0.00328916,0.00626369,0.073153,0.46721,0.437122,0.456707,0.476588,0.023224,0.017076,0.0211225,0.0256615,-9999,-9999
201403,5.734,1.0,271.782,131.536,1.0,322.611,0.972446,2.265,1.0,96.673,1.0,0.716,1.0,1.595,1.0,0.19642506032,0.78561827957,66.7603458657,0.998655913978,256.480941637,1.0,-9999,-9999,25.0272326337,0.558467741935,371.038617608,1.0,421.433,1.0,2.286,2.191,2.451,2.36,2.95,1.0,1.0,1.0,1.0,1.0,3.34556,3.0,13.731,0.998656,19.4299,0.214801,30.9845,1.0,43.8441,0.525955,0.939294,0.954301,0.00838534,0.939606,0.948664,1.13682,0.927419,0.924731,0.977151,1.00243,0.957806,0.990016,1.13695,0.0442772,-0.0592593,0.00813159,0.0273014,0.8698,0.89118,0.903995,1.09601,0.0457927,0.0457927,0.0601772,0.137205,-9999,-9999
201404,9.418,1.0,372.133,172.88,0.998611,347.106,1.0,2.377,1.0,96.413,1.0,0.567,1.0,1.571,1.0,0.172892842107,0.603472222222,101.49267094,0.996527777778,338.283567412,0.999305555556,-9999,-9999,-9999,-9999,385.608541667,1.0,429.352,0.967361,5.791,5.591,5.513,5.048,5.21,1.0,1.0,1.0,1.0,1.0,4.14285,3.0,23.6094,0.971528,33.8901,0.304293,44.3684,0.974306,63.6885,0.524042,1.17736,0.842361,0.020394,1.12228,1.23721,1.4214,0.779861,0.875,0.915972,2.31309,2.3512,2.47611,2.66876,1.02952,1.18911,1.24234,1.27042,1.97565,1.87602,1.97841,2.24998,0.95851,0.923509,0.964821,1.19196,-9999,-9999
201405,12.037,0.991263,449.254,185.884,0.979839,352.348,0.735887,3.125,0.987231,96.521,0.957661,3.733,0.957661,1.696,0.999328,0.224997863992,0.907258064516,118.815939561,0.854166666667,344.579453676,0.972446236559,-9999,-9999,48.7642346125,0.611559139785,-9999,-9999,412.593,1.0,8.613,8.425,8.338,7.754,7.676,1.0,1.0,1.0,1.0,1.0,8.72843,3.0,49.4078,0.997984,66.3431,0.453761,32.4268,0.99664,43.5416,0.468097,-1.58071,0.983871,0.0380067,-1.60976,-1.57281,-1.49649,0.976478,0.987231,0.992608,3.74118,3.68295,3.78341,3.86045,5.26775,5.2812,5.34418,5.37826,3.6584,3.6584,3.6768,3.94748,5.17233,5.17233,5.18189,5.35642,-9999,-9999
201406,16.091,1.0,484.38,263.51,1.0,342.752,0.996528,7.424,1.0,96.733,1.0,1.513,1.0,0.979,1.0,0.172227246449,0.927083333333,163.014334004,0.986111111111,512.316939544,1.0,20.4944853263,0.920833333333,49.7439171338,0.921527777778,391.11740765,0.920833333333,424.741,0.992361,11.057,10.853,10.699,9.981,9.751,1.0,1.0,1.0,1.0,1.0,8.90063,3.0,80.501,1.0,106.351,0.521225,38.1274,0.998611,50.3707,0.459926,-2.57981,0.958333,0.0443262,-2.64627,-2.57612,-2.53355,0.959028,0.972917,0.955556,5.82393,5.99804,6.03832,6.28162,8.48947,8.55139,8.7103,8.85482,6.88519,6.79739,6.86879,7.02517,9.2576,8.96446,9.22459,9.32424,-9999,-9999
201407,18.67,1.0,467.698,233.732,1.0,362.634,0.324597,6.157,1.0,96.453,1.0,3.323,1.0,0.829,0.899194,0.150394031868,0.813172043011,142.056010555,0.995967741935,459.625324904,0.997311827957,21.2506148241,1.0,-9999,-9999,-9999,-9999,421.264,0.981183,13.454,12.818,12.867,11.932,11.466,1.0,1.0,1.0,1.0,1.0,13.5882,3.0,73.3905,0.991263,91.7223,0.535369,30.6806,0.986559,38.3441,0.395691,-0.739189,0.854839,0.0464632,-0.836913,-0.818748,-0.770189,0.908602,0.920027,0.87836,6.92433,6.67653,6.88002,7.17421,7.76124,7.4149,7.7179,8.01007,8.61153,8.08482,8.7,8.80431,8.81344,8.60404,8.86544,9.17872,-9999,-9999
201408,15.565,1.0,404.007,169.687,0.995296,360.746,1.0,3.756,1.0,96.547,1.0,2.071,1.0,0.779,0.999328,0.138520620385,0.915994623656,111.330091569,0.987903225806,320.376260279,0.999327956989,15.3035493313,1.0,27.3548238828,0.999327956989,387.929726464,0.999327956989,421.693,1.0,12.906,12.365,12.636,12.399,12.226,1.0,1.0,1.0,1.0,1.0,8.61905,3.0,46.9476,0.999328,71.1593,0.509454,23.9879,0.999328,36.3589,0.354227,0.208573,0.926747,0.0368027,-0.0803208,0.208573,0.568425,0.807124,0.926747,0.994624,5.71079,5.48032,5.63783,6.45055,5.41731,5.50532,5.63415,5.88816,6.81658,6.4402,6.91531,7.13207,6.13111,6.12436,6.23114,6.39701,-9999,-9999
201409,13.997,1.0,312.066,121.388,1.0,352.812,0.388194,2.601,1.0,96.861,1.0,2.187,1.0,1.008,1.0,0.164393474191,0.918055555556,61.603686522,0.999305555556,237.808846618,0.997916666667,12.9779680306,1.0,-9999,-9999,-9999,-9999,410.465,1.0,11.866,11.928,11.403,11.537,11.428,1.0,1.0,1.0,1.0,1.0,16.3696,3.0,29.3442,1.0,27.1748,0.340033,19.6869,1.0,18.2315,0.391952,0.511855,0.979167,0.0259539,0.491218,0.510585,0.53253,0.959028,0.977778,0.990972,3.68127,3.76812,3.78934,3.81671,3.14874,3.25389,3.28029,3.30485,3.67393,3.50426,3.67598,3.70641,3.20156,3.15222,3.23667,3.27239,-9999,-9999
201410,10.45,1.0,212.937,66.53,1.0,345.595,1.0,1.385,1.0,96.903,1.0,1.968,1.0,0.964,0.96707,0.154516714037,0.854166666667,38.6868086457,0.997983870968,126.569998345,0.997983870968,8.12121365591,1.0,9.75132308872,0.935483870968,363.518128003,0.999327956989,423.738,1.0,9.047,8.978,8.799,9.036,9.368,1.0,1.0,1.0,1.0,1.0,10.4931,3.0,11.5724,0.998656,14.5795,0.180881,11.0774,1.0,13.9559,0.312166,1.53074,0.964382,0.0206675,1.52829,1.56986,1.62344,0.962366,0.895833,0.988575,2.86976,2.79524,2.85058,2.9122,1.27484,1.26973,1.27823,1.2887,2.49604,2.54768,2.58735,2.678,1.20455,1.20579,1.23548,1.28116,-9999,-9999
201411,6.181,1.0,133.323,30.701,1.0,332.215,1.0,0.85,1.0,96.502,1.0,0.427,1.0,1.29,0.999306,0.210498979827,0.927777777778,14.8759928264,1.0,58.6475232424,1.0,3.80644453472,1.0,4.28831890347,1.0,343.751111111,1.0,413.202,1.0,5.28,5.277,5.13,5.524,6.209,1.0,1.0,1.0,1.0,1.0,2.95528,3.0,6.16375,1.0,8.0848,0.101104,2.92836,0.998611,3.84104,0.241358,1.39014,0.994444,0.0111218,1.36531,1.37526,1.38061,0.999306,0.999306,0.991667,1.59905,1.61436,1.62368,1.63506,0.238891,0.247115,0.250745,0.255794,1.60291,1.62261,1.65889,1.70988,0.252079,0.236234,0.256291,0.276912,-9999,-9999
201412,2.159,1.0,97.0257,26.047,1.0,304.067,1.0,1.181,1.0,96.831,1.0,0.239,1.0,1.422,0.99328,0.218453683003,0.906586021505,1.00097908983,0.987231182796,46.1068105091,1.0,3.92644639919,1.0,4.5824100375,1.0,323.50577957,1.0,401.736,1.0,1.358,1.457,1.482,2.039,2.969,1.0,1.0,1.0,1.0,1.0,-4.22325,3.0,5.39255,0.999328,7.07325,0.13049,-6.78715,0.999328,-8.9025,0.336381,0.762606,0.999328,0.00930268,0.756988,0.768558,0.785798,0.994624,0.999328,0.999328,0.803424,0.712439,0.770799,0.8182,0.0304622,-0.0441849,0.00224149,0.0324051,0.760515,0.746694,0.754785,0.775103,0.0280178,0.0238769,0.0264775,0.0357613,-9999,-9999
