TIMESTAMP,TA_F,TA_F_QC,SW_IN_POT,SW_IN_F,SW_IN_F_QC,LW_IN_F,LW_IN_F_QC,VPD_F,VPD_F_QC,PA_F,PA_F_QC,P_F,P_F_QC,WS_F,WS_F_QC,USTAR,USTAR_QC,NETRAD,NETRAD_QC,SW_DIF,SW_DIF_QC,SW_OUT,SW_OUT_QC,LW_OUT,LW_OUT_QC,CO2_F_MDS,CO2_F_MDS_QC,TS_F_MDS_1,TS_F_MDS_2,TS_F_MDS_3,TS_F_MDS_4,TS_F_MDS_5,TS_F_MDS_6,TS_F_MDS_7,TS_F_MDS_8,TS_F_MDS_9,TS_F_MDS_1_QC,TS_F_MDS_2_QC,TS_F_MDS_3_QC,TS_F_MDS_4_QC,TS_F_MDS_5_QC,TS_F_MDS_6_QC,TS_F_MDS_7_QC,TS_F_MDS_8_QC,TS_F_MDS_9_QC,G_F_MDS,G_F_MDS_QC,LE_F_MDS,LE_F_MDS_QC,LE_CORR,LE_RANDUNC,H_F_MDS,H_F_MDS_QC,H_CORR,H_RANDUNC,NEE_VUT_REF,NEE_VUT_REF_QC,NEE_VUT_REF_RANDUNC,NEE_VUT_25,NEE_VUT_50,NEE_VUT_75,NEE_VUT_25_QC,NEE_VUT_50_QC,NEE_VUT_75_QC,RECO_NT_VUT_REF,RECO_NT_VUT_25,RECO_NT_VUT_50,RECO_NT_VUT_75,GPP_NT_VUT_REF,GPP_NT_VUT_25,GPP_NT_VUT_50,GPP_NT_VUT_75,RECO_DT_VUT_REF,RECO_DT_VUT_25,RECO_DT_VUT_50,RECO_DT_VUT_75,GPP_DT_VUT_REF,GPP_DT_VUT_25,GPP_DT_VUT_50,GPP_DT_VUT_75,RECO_SR,RECO_SR_N
200401,3.589,0.0,91.4084,19.977,0.0,309.487,0.0,0.879,0.0,100.636,0.0,5.538,0.0,3.342,0.0,0.297440725685,0.6875,-9999,-9999,-9999,-9999,-9999,-9999,-9999,-9999,389.357,0.262769,-9999,-9999,-9999,-9999,-9999,-9999,-9999,-9999,-9999,-9999,-9999,-9999,-9999,-9999,-9999,-9999,-9999,-9999,-9999,1.0,16.2832,0.227151,8.16642,-9999,-18.3242,0.704301,-9.19003,-9999,0.500404,0.201613,-9999,0.495148,0.498114,0.505294,0.213038,0.209677,0.205645,3.19061,3.16379,3.20977,3.43262,2.91667,2.66864,2.70259,2.91763,0.752838,0.647678,0.75032,0.752838,0.734355,0.76416,0.76473,0.80199,-9999,-9999
200402,4.131,0.0,156.328,49.106,0.0,304.026,0.0,1.401,0.0,101.639,0.0,3.292,0.0,3.052,0.0,0.334843640064,0.688936781609,-9999,-9999,-9999,-9999,-9999,-9999,-9999,-9999,378.414,0.274425,-9999,-9999,-9999,-9999,-9999,-9999,-9999,-9999,-9999,-9999,-9999,-9999,-9999,-9999,-9999,-9999,-9999,-9999,-9999,1.0,25.4253,0.261494,57.4429,-9999,-13.6511,0.689655,-30.8417,-9999,0.0524499,0.201868,-9999,0.0328201,0.055029,0.0588388,0.181034,0.204023,0.219828,3.2749,3.24932,3.29543,3.50571,3.44424,3.19048,3.25661,3.45042,0.760385,0.654171,0.757841,0.760385,1.70553,1.7661,1.76723,1.83264,-9999,-9999
200403,4.843,0.0,255.47,109.481,0.0,295.64,0.0,1.896,0.0,101.851,0.0,1.447,0.0,2.773,0.0,0.300246468277,0.709677419355,-9999,-9999,-9999,-9999,-9999,-9999,-9999,-9999,385.821,0.588038,-9999,-9999,-9999,-9999,-9999,-9999,-9999,-9999,-9999,-9999,-9999,-9999,-9999,-9999,-9999,-9999,-9999,-9999,-1.22709,0.829301,22.2858,0.631048,40.4147,-9999,2.29111,0.726478,4.15488,-9999,-0.0654849,0.453629,-9999,-0.0805179,-0.0717875,-0.053213,0.473118,0.469758,0.387769,3.38168,3.35708,3.40368,3.6027,3.67677,3.42142,3.45161,3.67677,0.771606,0.663825,0.769025,0.771606,3.55707,3.66343,3.66533,3.75437,-9999,-9999
200404,9.234,0.0,361.876,175.247,0.0,310.232,0.0,3.234,0.0,101.161,0.0,1.507,0.0,2.235,0.0,0.239250366875,1.0,-9999,-9999,-9999,-9999,-9999,-9999,-9999,-9999,380.22,0.652778,-9999,-9999,-9999,-9999,-9999,-9999,-9999,-9999,-9999,-9999,-9999,-9999,-9999,-9999,-9999,-9999,-9999,-9999,-0.949029,0.0,45.5767,0.422222,74.6507,-9999,18.4305,1.0,30.1875,-9999,-0.94049,0.369444,-9999,-0.932215,-0.904265,-0.899776,0.318056,0.398611,0.395139,4.05913,4.04367,4.08457,4.1959,5.08862,4.94556,5.00245,5.0926,0.834449,0.717889,0.831657,0.834449,5.40748,5.54695,5.54936,5.6402,-9999,-9999
200405,11.28,0.0,445.156,217.612,0.0,321.306,0.0,3.407,0.0,101.423,0.0,0.953,0.0,2.081,0.0,0.240033997715,1.0,-9999,-9999,-9999,-9999,-9999,-9999,-9999,-9999,379.402,0.97043,-9999,-9999,-9999,-9999,-9999,-9999,-9999,-9999,-9999,-9999,-9999,-9999,-9999,-9999,-9999,-9999,-9999,-9999,-0.915576,0.0,62.4452,0.995296,81.3538,-9999,22.8771,0.999328,29.8044,-9999,-3.48911,0.726478,-9999,-3.50286,-3.47535,-3.46588,0.649194,0.799731,0.636425,4.37757,4.36689,4.41038,4.47109,7.93639,7.82951,7.88606,7.94439,0.862639,0.742142,0.859753,0.862639,6.53528,6.69105,6.69368,6.77903,-9999,-9999
200406,15.151,0.210417,482.758,229.908,0.209722,342.024,0.210417,4.102,0.0,101.514,0.209722,2.601,0.0,2.461,0.0,0.284259669653,1.0,-9999,-9999,-9999,-9999,-9999,-9999,-9999,-9999,372.34,0.997222,-9999,-9999,-9999,-9999,-9999,-9999,-9999,-9999,-9999,-9999,-9999,-9999,-9999,-9999,-9999,-9999,-9999,-9999,-0.642042,0.209722,76.9677,0.990972,99.7351,-9999,9.6816,0.999306,12.5455,-9999,-3.05673,0.836111,-9999,-3.08839,-3.06771,-3.0541,0.875694,0.786111,0.815278,4.95983,4.91711,4.95533,4.95907,8.02346,7.97128,8.02608,8.04347,1.76157,1.5594,1.70202,1.76157,7.20056,7.39625,7.39718,7.41434,-9999,-9999
200407,17.086,1.0,462.408,211.193,1.0,353.299,1.0,4.223,0.0,101.468,0.998656,2.789,0.0,2.019,0.0,0.24443712379,1.0,121.303016097,0.998655913978,-9999,-9999,39.4803951575,0.998655913978,398.843645044,0.998655913978,367.079,1.0,-9999,-9999,-9999,-9999,-9999,-9999,-9999,-9999,-9999,-9999,-9999,-9999,-9999,-9999,-9999,-9999,-9999,-9999,0.532266,1.0,78.9809,1.0,102.344,-9999,14.5082,1.0,18.7999,-9999,-1.9614,0.99328,-9999,-1.98822,-1.96349,-1.93812,0.990591,0.994624,0.995968,5.33081,5.22072,5.27475,5.35148,7.21568,7.20092,7.2433,7.2868,5.47338,5.25011,5.35201,5.40457,7.36982,7.36982,7.39932,7.4481,-9999,-9999
200408,18.99,1.0,390.87,179.265,1.0,362.724,1.0,5.859,0.0,100.999,1.0,5.819,0.0,2.432,0.0,0.265458908602,1.0,98.0570986962,1.0,-9999,-9999,34.0091802688,1.0,408.33916129,1.0,363.485,0.905242,19.602,19.322,16.138,-9999,-9999,-9999,-9999,-9999,-9999,0.997984,0.997984,0.997984,-9999,-9999,-9999,-9999,-9999,-9999,-0.164244,1.0,79.9674,0.905242,94.6414,-9999,3.59615,1.0,4.25605,-9999,-0.511788,0.903226,-9999,-0.623147,-0.490576,-0.481086,0.901882,0.903226,0.903226,6.55112,6.38731,6.42831,6.55112,6.89963,6.88346,6.90292,7.17468,4.1039,3.82218,4.03902,4.10876,5.25825,5.09646,5.15843,5.23602,-9999,-9999
200409,15.501,0.875,291.375,136.089,0.877778,341.965,0.875,5.153,0.0,101.657,0.859028,4.153,0.415972,2.933,0.482639,0.297520513819,1.0,60.3543912212,0.829861111111,-9999,-9999,24.037077071,0.829861111111,384.741988953,0.829861111111,361.152,0.470139,15.446,15.839,15.337,-9999,-9999,-9999,-9999,-9999,-9999,0.875,0.875,0.875,-9999,-9999,-9999,-9999,-9999,-9999,-2.6366,0.875,89.1519,0.471528,134.805,-9999,-3.8506,1.0,-5.8224,-9999,-2.05479,0.4625,-9999,-2.09547,-2.05479,-2.04204,0.459028,0.4625,0.4625,4.35871,4.31735,4.34254,4.36139,6.38127,6.33928,6.3855,6.43947,4.58334,2.89333,4.21378,4.8106,5.62583,4.48531,5.13202,5.48147,-9999,-9999
200410,11.584,1.0,188.117,72.62,1.0,325.949,1.0,3.366,0.0,100.807,0.998656,2.418,0.998656,2.749,0.998656,0.303977668078,1.0,23.948857311,0.997983870968,-9999,-9999,13.6632693823,0.998655913978,367.599565305,0.998655913978,367.098,0.883737,11.944,12.617,13.465,-9999,-9999,-9999,-9999,-9999,-9999,1.0,1.0,1.0,-9999,-9999,-9999,-9999,-9999,-9999,-2.65676,1.0,29.7695,0.883737,54.7953,-9999,-15.6666,1.0,-28.8368,-9999,0.153019,0.879032,-9999,0.135492,0.149447,0.162377,0.88172,0.879032,0.87836,2.66158,2.6379,2.65318,2.66158,2.53044,2.48285,2.50539,2.52542,1.88697,1.57614,1.86004,1.88697,2.23297,2.08432,2.22678,2.23833,-9999,-9999
200411,7.389,0.840278,108.786,30.785,1.0,318.024,1.0,1.752,0.0,101.877,0.999306,2.961,0.999306,2.273,0.999306,0.239273519792,0.933333333333,7.04151927793,0.999305555556,-9999,-9999,4.86650045228,0.999305555556,342.811347444,0.999305555556,381.99,1.0,7.606,8.565,11.05,-9999,-9999,-9999,-9999,-9999,-9999,1.0,1.0,1.0,-9999,-9999,-9999,-9999,-9999,-9999,-3.75447,1.0,13.0494,1.0,24.0195,-9999,-11.5174,1.0,-21.1996,-9999,0.679869,0.997222,-9999,0.649103,0.659585,0.673425,0.997222,0.997222,0.997222,1.57126,1.44754,1.56574,1.57932,0.905727,0.796253,0.902274,0.913627,2.35128,1.92606,2.1786,2.35128,1.08413,1.02506,1.12586,1.16752,-9999,-9999
200412,5.385,0.209677,74.7996,19.282,1.0,305.598,1.0,0.926,0.0,101.611,0.999328,1.945,0.999328,2.494,0.999328,0.274147702869,0.805779569892,-0.15123569821,0.999327956989,-9999,-9999,2.96109259008,0.999327956989,328.346804207,0.999327956989,395.734,0.995968,4.348,5.349,8.318,-9999,-9999,-9999,-9999,-9999,-9999,1.0,1.0,1.0,-9999,-9999,-9999,-9999,-9999,-9999,-3.29214,1.0,7.47576,0.998656,3.74927,-9999,-13.1574,1.0,-6.59875,-9999,0.651395,0.994624,-9999,0.644127,0.649597,0.653975,0.995296,0.995296,0.995296,1.32267,1.28629,1.31781,1.36555,0.709815,0.642897,0.671294,0.711516,1.02302,0.940481,1.02177,1.12908,0.289138,0.282304,0.299904,0.310426,-9999,-9999
200501,5.378,1.0,91.4084,32.55,1.0,300.578,1.0,1.708,0.0,101.771,1.0,3.378,1.0,4.268,1.0,0.368261945768,0.960349462366,-0.0546808736559,1.0,-9999,-9999,5.71623783602,1.0,335.77697379,1.0,379.289,0.999328,5.27,5.143,7.888,6.535,5.923,8.853,5.691,6.026,6.623,1.0,1.0,1.0,1.0,1.0,1.0,1.0,1.0,1.0,-1.85321,1.0,8.73354,0.999328,4.38007,-9999,-24.5862,1.0,-12.3305,-9999,0.239568,0.999328,-9999,0.226122,0.261467,0.313846,0.999328,0.999328,0.999328,0.578182,0.60944,0.669727,0.732808,0.409277,0.372529,0.414105,0.419882,0.746526,0.684972,0.762114,0.783064,0.371283,0.32319,0.340288,0.349735,-9999,-9999
200502,2.308,0.357887,154.801,59.304,0.360863,289.916,0.357887,1.189,0.0,101.738,0.344494,3.345,0.344494,3.028,0.344494,0.30062052522,0.780505952381,-9999,-9999,-9999,-9999,-9999,-9999,-9999,-9999,393.002,0.732143,3.447,3.534,6.325,5.099,4.555,7.429,4.515,5.018,5.715,0.357887,0.357887,0.357887,0.357887,0.357887,0.357887,0.357887,0.357887,0.357887,-5.26399,0.357887,11.1953,0.929315,25.2932,-9999,-6.36092,0.966518,-14.3711,-9999,0.182791,0.618304,-9999,0.199927,0.291434,0.315557,0.613839,0.629464,0.658482,0.404695,0.535355,0.767141,1.04097,0.742395,0.279739,0.535678,0.726322,0.399611,0.398446,0.552223,0.657734,0.362053,0.243681,0.257151,0.323006,-9999,-9999
200503,6.98,1.0,251.912,89.101,1.0,317.338,1.0,1.561,0.0,101.378,1.0,1.602,1.0,3.375,1.0,0.285585368767,0.986559139785,37.7119293469,0.997311827957,-9999,-9999,22.2661642473,1.0,344.550390457,1.0,382.55,0.999328,7.417,7.094,9.744,8.307,7.381,10.298,6.511,6.178,6.279,1.0,1.0,1.0,1.0,1.0,1.0,1.0,1.0,1.0,2.41399,1.0,15.7956,0.999328,35.6868,-9999,-0.148185,1.0,-0.334792,-9999,0.310767,0.999328,-9999,0.307731,0.312613,0.315005,0.999328,0.999328,0.999328,1.12885,1.11233,1.12742,1.13383,0.812673,0.80666,0.814606,0.821284,1.2137,1.20031,1.2137,1.23286,0.823731,0.786058,0.792399,0.80268,-9999,-9999
200504,10.898,1.0,358.609,170.272,1.0,322.851,1.0,2.735,0.0,101.204,0.99375,2.928,0.995139,2.786,0.995833,0.234896058476,0.913194444444,84.3350030521,0.993055555556,-9999,-9999,33.1831951055,0.99375,365.027666974,0.99375,382.897,0.997917,11.887,11.844,14.546,13.035,11.926,15.41,10.924,10.442,10.243,1.0,1.0,1.0,1.0,1.0,1.0,1.0,1.0,1.0,0.931254,1.0,41.543,1.0,56.8173,-9999,19.6508,1.0,26.8759,-9999,-1.18117,0.995139,-9999,-1.21594,-1.18117,-1.16568,0.995139,0.995139,0.995833,2.74033,2.6874,2.70739,2.73507,3.85602,3.86621,3.90561,3.92992,2.21211,2.20157,2.25617,2.37168,3.74783,3.69039,3.73922,3.8138,-9999,-9999
200505,13.083,0.997984,443.045,209.854,0.998656,335.366,0.997984,3.773,0.0,101.472,0.994624,1.718,0.99328,2.87,0.994624,0.276912161728,0.865591397849,108.766837068,0.993279569892,-9999,-9999,41.1654985715,0.994623655914,376.729143734,0.994623655914,379.581,0.995296,14.217,14.12,16.791,15.221,13.989,18.022,13.154,12.614,12.289,0.997984,0.997984,0.997984,0.997984,0.997984,0.997984,0.997984,0.997984,0.997984,0.771602,0.997984,69.6886,0.995968,89.6747,-9999,14.1315,0.99664,18.1843,-9999,-2.8449,0.993952,-9999,-2.92744,-2.8241,-2.80713,0.992608,0.994624,0.994624,4.19296,4.09039,4.17158,4.23311,7.02825,6.96114,7.02444,7.0405,4.27494,4.1245,4.24811,4.30186,7.26169,7.14332,7.19369,7.26144,-9999,-9999
200506,17.138,0.997917,482.428,242.361,0.997917,362.559,0.997917,4.951,0.0,101.714,0.993056,3.518,0.992361,2.453,0.993056,0.256853231138,0.999305555556,139.715018932,0.993055555556,-9999,-9999,45.2810741076,0.993055555556,396.436770998,0.993055555556,375.251,1.0,16.392,16.283,18.768,17.225,15.961,20.174,15.165,14.585,14.176,0.997917,0.997917,0.997917,0.997917,0.997917,0.997917,0.997917,0.997917,0.997917,2.34359,0.997917,90.7115,1.0,113.747,-9999,18.3952,1.0,23.0665,-9999,-2.53429,0.99375,-9999,-2.63177,-2.53429,-2.46526,0.99375,0.99375,0.996528,5.08141,5.07625,5.41834,5.46962,7.89415,7.62328,7.89415,7.92341,5.04968,5.49415,5.93992,6.26502,8.36384,7.8723,8.11552,8.25774,-9999,-9999
200507,18.351,1.0,463.953,189.489,1.0,365.744,1.0,4.222,0.0,101.302,0.997984,4.27,0.997984,2.369,0.997312,0.256295115462,0.997983870968,112.237491935,0.997983870968,-9999,-9999,34.7423817204,0.997983870968,426.394852151,0.997983870968,357.889,0.999328,17.607,17.508,19.802,18.418,17.302,21.533,16.672,16.254,15.881,1.0,1.0,1.0,1.0,1.0,1.0,1.0,1.0,1.0,1.54832,1.0,69.4148,1.0,95.9064,-9999,10.5816,1.0,14.62,-9999,-1.54736,0.995968,-9999,-1.65737,-1.59856,-1.46132,0.997984,0.997312,0.995296,6.39233,6.3639,6.43395,6.50207,7.99793,7.94481,8.00046,8.01184,5.09563,4.88213,5.03019,5.19638,7.38755,7.41893,7.50266,7.55899,-9999,-9999
200508,16.747,1.0,393.773,179.338,1.0,352.532,1.0,4.416,0.0,101.544,1.0,3.513,1.0,2.201,1.0,0.238839318751,0.997983870968,105.367284946,1.0,-9999,-9999,31.2773723118,1.0,417.512915995,1.0,351.677,1.0,16.145,16.019,18.177,16.914,15.948,20.028,15.518,15.421,15.319,1.0,1.0,1.0,1.0,1.0,1.0,1.0,1.0,1.0,0.478326,1.0,70.6233,0.999328,93.3187,-9999,8.77634,1.0,11.5967,-9999,-1.55299,0.993952,-9999,-1.69374,-1.55299,-1.51225,0.993952,0.993952,0.99664,4.79535,4.6692,4.74999,4.80791,6.31025,6.31148,6.32578,6.36446,3.52316,3.33792,3.43281,3.475,5.72304,5.81009,5.85591,5.88017,-9999,-9999
200509,16.38,1.0,294.845,140.739,1.0,345.153,0.999306,4.826,0.0,101.644,0.997917,2.443,0.997917,2.025,0.997917,0.212529245339,0.998611111111,74.4758578704,0.997916666667,-9999,-9999,25.1037819444,0.997916666667,415.233104352,0.997916666667,358.62,1.0,15.734,15.561,17.584,16.452,15.622,19.481,15.284,15.284,15.218,1.0,1.0,1.0,1.0,1.0,1.0,1.0,1.0,1.0,-0.875549,1.0,46.3671,1.0,71.6403,-9999,2.98111,1.0,4.60602,-9999,0.222661,0.988889,-9999,0.142126,0.169683,0.192566,0.991667,0.989583,0.989583,5.0078,4.97653,5.01363,5.04767,4.83879,4.80379,4.82785,4.86877,4.11125,3.92256,4.11051,4.20345,4.68323,4.50809,4.6343,4.66391,-9999,-9999
200510,13.713,1.0,191.272,85.922,1.0,331.036,1.0,3.446,0.0,101.532,1.0,1.915,1.0,2.61,1.0,0.274296434947,0.969758064516,34.7643817204,1.0,-9999,-9999,14.8059206989,1.0,397.138245968,1.0,355.728,1.0,13.158,12.979,14.985,13.854,13.089,16.83,12.822,12.974,13.128,1.0,1.0,1.0,1.0,1.0,1.0,1.0,1.0,1.0,-0.556888,1.0,31.1136,1.0,61.6475,-9999,-13.2869,1.0,-26.3262,-9999,0.674524,0.995296,-9999,0.678026,0.687804,0.690397,0.994624,0.997312,0.997312,3.37443,3.3676,3.37627,3.38888,2.70648,2.68109,2.69516,2.70177,2.60511,2.5715,2.6052,2.6559,2.48632,2.477,2.49987,2.51434,-9999,-9999
200511,7.164,1.0,110.741,35.197,1.0,313.901,1.0,2.451,0.0,101.312,1.0,4.987,1.0,2.707,1.0,0.249345546789,0.934722222222,6.36055555556,1.0,-9999,-9999,5.28701388889,1.0,356.021874306,1.0,349.054,0.979861,8.84,8.692,10.931,9.773,9.359,12.898,9.597,10.356,11.025,1.0,1.0,1.0,1.0,1.0,1.0,1.0,1.0,1.0,-6.86057,1.0,14.3204,0.998611,17.778,-9999,-15.0891,0.999306,-18.7323,-9999,0.962209,0.976389,-9999,0.906517,0.920752,0.986061,0.976389,0.976389,0.975694,1.7777,1.62179,1.65495,1.72188,0.801131,0.654669,0.738015,0.805784,1.71538,1.41542,1.65847,1.7129,0.816305,0.816305,0.914312,0.934457,-9999,-9999
200512,4.259,1.0,75.1109,25.377,1.0,301.014,1.0,1.328,0.0,101.492,1.0,2.678,1.0,2.827,1.0,0.27676959448,0.973790322581,-9.76400975492,0.999327956989,-9999,-9999,4.00692855511,1.0,338.252538306,1.0,405.056,1.0,5.547,5.351,7.598,6.37,5.938,9.366,6.061,6.692,7.378,1.0,1.0,1.0,1.0,1.0,1.0,1.0,1.0,1.0,-5.23962,1.0,7.31226,1.0,3.66726,-9999,-16.3017,1.0,-8.17566,-9999,0.652379,0.999328,-9999,0.648029,0.668815,0.674124,0.997984,0.999328,0.999328,1.00612,0.999737,1.00992,1.02498,0.350598,0.348542,0.350823,0.35184,0.91466,0.908778,0.935046,0.975572,0.382132,0.369599,0.375784,0.386686,-9999,-9999
200601,1.637,1.0,91.4084,31.327,1.0,284.592,1.0,0.692,0.0,102.305,0.99664,1.117,0.997312,2.741,0.99664,-9999,-9999,-9.72955453806,0.993279569892,3.8128177225,0.997311827957,4.89622901538,0.997311827957,319.243336694,1.0,416.136,0.999328,3.288,6.996,6.456,3.798,3.615,7.005,4.182,5.355,6.411,1.0,1.0,1.0,0.217742,0.217742,0.217742,0.217742,0.217742,0.217742,-5.36599,1.0,5.47883,0.217742,2.74776,-9999,-21.2419,0.217742,-10.6533,-9999,0.546129,0.217742,-9999,0.542313,0.557385,0.574288,0.217742,0.217742,0.217742,3.71296,2.98768,4.18372,4.36646,3.62328,2.41207,3.62812,3.84441,2.90001,2.98302,3.40323,7.56345,1.52575,1.09376,1.12489,2.42036,-9999,-9999
200602,3.27,1.0,154.801,43.989,1.0,302.02,1.0,0.877,0.0,101.323,1.0,2.419,1.0,3.163,1.0,-9999,-9999,11.7481582652,1.0,5.49992860119,1.0,6.41255622024,1.0,327.48112872,1.0,403.791,1.0,4.533,8.004,5.842,3.762,3.579,6.959,4.142,5.318,6.384,1.0,1.0,1.0,0.0,0.0,0.0,0.0,0.0,0.0,-1.68909,1.0,6.11581,0.0,6.42711,-9999,-21.7747,0.0,-22.883,-9999,0.509836,0.0,-9999,0.506757,0.520565,0.533976,0.0,0.0,0.0,4.05438,3.13168,4.48848,4.67724,3.96517,2.59664,3.98173,4.1884,3.10358,3.17688,3.52576,8.07641,2.03245,1.48641,1.52675,3.17732,-9999,-9999
200603,4.241,1.0,251.912,105.692,1.0,293.433,1.0,1.585,0.0,100.892,1.0,3.599,1.0,3.444,1.0,-9999,-9999,48.5134415021,0.994623655914,6.3876780578,1.0,17.2451551344,1.0,332.918762769,1.0,403.251,0.999328,5.681,8.86,5.814,3.576,3.391,6.724,3.94,5.129,6.239,1.0,1.0,1.0,0.0,0.0,0.0,0.0,0.0,0.0,0.173463,1.0,5.37592,0.0,9.1304,-9999,-24.0937,0.0,-40.9205,-9999,0.474205,0.0,-9999,0.475105,0.483963,0.49389,0.0,0.0,0.0,4.2844,3.20468,4.6858,4.86276,4.18672,2.71066,4.19852,4.39211,3.22324,3.28702,3.58267,8.37332,4.18569,3.25495,3.33061,6.12308,-9999,-9999
200604,9.411,1.0,358.609,163.277,1.0,315.645,1.0,2.061,0.0,101.236,1.0,2.244,1.0,3.284,1.0,-9999,-9999,90.7848307324,1.0,11.7839674514,1.0,28.6955057361,1.0,359.269966667,1.0,400.186,1.0,11.252,13.884,8.435,3.429,3.243,6.539,3.784,4.981,6.126,1.0,1.0,1.0,0.0,0.0,0.0,0.0,0.0,0.0,2.38214,1.0,117.473,0.0,199.515,-9999,-2.04801,0.0,-3.47832,-9999,-1.33495,0.0,-9999,-1.5102,-1.39826,-1.2968,0.0,0.0,0.0,5.41507,3.63609,5.62957,5.87946,6.721,5.11471,7.03938,7.25177,3.86422,3.87856,3.94,9.97972,5.91423,4.75459,4.85472,8.44595,-9999,-9999
200605,14.897,1.0,443.045,197.665,1.0,339.148,1.0,5.07,0.0,101.201,1.0,3.793,1.0,3.418,1.0,-9999,-9999,113.105224522,1.0,16.9400361559,1.0,39.2270688172,1.0,384.507947581,1.0,400.571,1.0,15.273,17.663,11.625,3.43,3.245,6.543,3.788,4.986,6.13,1.0,1.0,1.0,0.0,0.0,0.0,0.0,0.0,0.0,2.66286,1.0,92.7571,0.0,151.587,-9999,-4.43636,0.0,-7.25003,-9999,-0.615346,0.0,-9999,-0.860412,-0.700071,-0.594425,0.0,0.0,0.0,6.66605,4.0525,6.71099,6.87659,6.99303,4.78594,7.13948,7.63953,4.52681,4.42176,4.54361,11.628,6.84815,5.56454,5.67952,9.75724,-9999,-9999
200606,16.796,0.997222,482.428,248.969,0.997222,348.447,1.0,5.504,0.0,101.919,0.995833,0.864,0.995833,2.28,0.995833,-9999,-9999,150.808501702,0.995833333333,38.8787299308,0.995138888889,50.7746850347,0.995833333333,393.166702778,1.0,387.342,0.994444,15.487,18.106,12.811,3.429,3.243,6.539,3.784,4.981,6.126,0.997222,0.997222,0.997222,0.0,0.0,0.0,0.0,0.0,0.0,2.99007,0.997222,115.824,0.215972,142.842,-9999,-0.36219,0.215972,-0.446677,-9999,-1.738,0.111806,-9999,-2.01115,-1.68285,-1.59272,0.109722,0.198611,0.1125,7.10407,4.18655,7.10407,7.20288,8.3797,5.8694,8.50631,9.17917,4.74937,4.59263,4.76699,12.1792,8.0589,6.70177,6.83107,11.3035,-9999,-9999
200607,21.927,1.0,463.953,266.357,1.0,369.871,1.0,8.205,0.0,101.816,0.997312,0.434,0.997312,1.973,0.997312,0.243204631344,0.897177419355,162.286068378,0.997311827957,-9999,-9999,54.5416021577,0.997983870968,419.53978293,1.0,384.397,1.0,18.544,20.931,14.553,3.428,3.243,6.539,3.784,4.981,6.126,0.999328,0.999328,0.999328,0.0,0.0,0.0,0.0,0.0,0.0,4.20749,1.0,120.28,1.0,148.338,-9999,7.39706,1.0,9.12256,-9999,-1.82865,0.993952,-9999,-1.89292,-1.80244,-1.68725,0.99328,0.994624,0.995968,7.76722,6.96156,7.54639,7.6324,9.32927,8.64252,9.34954,9.53788,6.97879,6.58584,6.98075,7.25651,7.92238,8.17631,8.51951,8.66264,-9999,-9999
200608,16.457,1.0,393.773,145.886,1.0,364.968,1.0,4.326,0.0,100.947,1.0,6.828,1.0,2.376,1.0,0.276936916105,0.781586021505,87.7834538468,1.0,-9999,-9999,27.1603374126,1.0,395.354706317,1.0,385.73,0.994624,16.944,19.963,15.451,3.427,3.241,6.535,3.78,4.976,6.121,1.0,1.0,1.0,0.0,0.0,0.0,0.0,0.0,0.0,-1.05062,1.0,74.6271,0.995296,87.0311,-9999,0.993742,0.995296,1.15891,-9999,-1.27436,0.949597,-9999,-1.29524,-1.18103,-1.11669,0.947581,0.959005,0.986559,5.07779,4.95255,4.97582,5.06715,6.1362,6.07525,6.15664,6.33221,4.26027,4.14875,4.26119,4.40232,6.00553,5.84456,5.88689,5.90812,-9999,-9999
200609,18.049,1.0,294.845,139.822,1.0,359.378,1.0,5.613,0.0,101.267,1.0,0.59,1.0,2.181,1.0,0.230175032849,0.6875,70.1217917181,1.0,-9999,-9999,26.6328166528,1.0,401.671524306,1.0,387.637,0.997917,17.06,19.861,15.153,3.429,3.243,6.539,3.784,4.981,6.126,1.0,1.0,1.0,0.0,0.0,0.0,0.0,0.0,0.0,0.890506,1.0,56.9608,0.997917,70.2643,-9999,-0.888656,0.997917,-1.09621,-9999,0.433154,0.956944,-9999,0.438373,0.472517,0.541256,0.959028,0.952083,0.964583,5.64538,5.4321,5.46558,5.5047,5.0027,4.8776,4.9994,5.07072,6.0342,5.82009,6.0099,6.07093,5.08641,5.04296,5.08641,5.10751,-9999,-9999
200610,13.878,1.0,191.272,69.331,1.0,344.31,1.0,3.227,0.0,100.979,1.0,3.151,1.0,2.969,1.0,0.329731726229,0.876344086022,19.7540391644,1.0,-9999,-9999,13.8555342473,1.0,379.275118952,1.0,385.626,0.998656,14.363,17.679,14.538,3.43,3.245,6.543,3.788,4.986,6.13,1.0,1.0,1.0,0.0,0.0,0.0,0.0,0.0,0.0,-2.29732,1.0,31.6741,0.997984,49.4168,-9999,-17.5666,0.998656,-27.4068,-9999,0.556622,0.99664,-9999,0.549032,0.557415,0.570215,0.995968,0.997984,0.997984,3.68171,3.49269,3.60034,3.68171,3.02969,2.92054,3.03525,3.14881,3.7894,3.56612,3.75198,3.82153,3.12972,3.06526,3.10285,3.11347,-9999,-9999
200611,9.075,1.0,110.741,34.642,0.997917,316.991,1.0,2.83,0.0,101.303,0.995833,4.483,0.995833,3.348,0.995833,0.363948283466,0.911805555556,-11.547937702,0.994444444444,-9999,-9999,5.58799021086,0.994444444444,356.650799537,0.995833333333,386.861,0.997917,10.349,14.011,12.305,3.429,3.243,6.539,3.784,4.981,6.126,1.0,1.0,0.998611,0.0,0.0,0.0,0.0,0.0,0.0,-4.17305,0.998611,19.7418,0.997917,13.403,-9999,-30.7122,0.999306,-20.8511,-9999,0.753378,0.995139,-9999,0.758956,0.76762,0.774229,0.994444,0.994444,0.995139,1.71262,1.72885,1.74599,1.76075,0.966945,0.970622,0.978317,0.986217,1.7671,1.76561,1.78427,1.7923,1.08238,1.08644,1.08979,1.10608,-9999,-9999
200612,6.427,1.0,75.1109,16.957,1.0,317.388,1.0,1.823,0.0,101.901,0.997984,4.441,1.0,3.506,0.997984,0.387112072931,0.876344086022,-12.416278321,1.0,-9999,-9999,2.31357909274,1.0,343.876975134,1.0,398.256,0.998656,7.831,11.536,10.286,3.46,3.271,6.567,3.805,4.996,6.126,1.0,1.0,1.0,0.0,0.0,0.0,0.0,0.0,0.0,-4.09036,1.0,14.0921,0.999328,10.2295,-9999,-25.6329,1.0,-18.6071,-9999,0.567121,0.998656,-9999,0.55926,0.572833,0.586499,0.998656,0.998656,0.998656,0.840168,0.828229,0.851391,0.86072,0.27573,0.269921,0.27436,0.27573,0.986883,0.98852,1.15397,1.26434,0.418419,0.341726,0.418852,0.45399,-9999,-9999
200701,6.615,1.0,91.4084,25.398,0.998656,311.205,0.998656,1.964,0.0,101.33,0.992608,5.303,0.0,4.293,0.0,0.487699021365,0.938844086022,-13.1594487865,0.989247311828,-9999,-9999,3.82565709812,0.993951612903,344.818943528,0.993279569892,380.29,0.998656,7.649,10.997,9.031,5.91,5.486,8.766,5.52,6.357,6.121,0.219086,1.0,1.0,0.0,0.0,0.0,0.0,0.0,0.0,-3.50976,1.0,21.0256,0.997312,10.3776,-9999,-40.487,0.997984,-19.9832,-9999,-0.313277,0.997312,-9999,-0.340833,-0.305836,-0.279106,0.997312,0.997312,0.997312,0.253426,0.232458,0.256677,0.271173,0.564166,0.549273,0.563981,0.573841,0.971816,0.988767,1.12306,1.20568,0.450338,0.434278,0.457835,0.481809,-9999,-9999
200702,5.666,1.0,154.801,41.497,1.0,309.888,1.0,1.116,0.0,100.725,1.0,3.479,0.0,2.734,0.0,0.315572155695,0.934523809524,4.28256837914,1.0,-9999,-9999,6.08656251488,1.0,340.355918899,1.0,393.923,0.999256,7.689,10.264,7.993,5.924,5.499,8.78,5.533,6.373,6.131,0.0,1.0,1.0,0.0,0.0,0.0,0.0,0.0,0.0,-2.15768,1.0,16.4338,1.0,17.2703,-9999,-15.8985,1.0,-16.7077,-9999,0.278358,0.999256,-9999,0.261113,0.289022,0.302598,0.999256,0.999256,0.999256,0.864255,0.848535,0.872591,0.884764,0.583304,0.583359,0.585353,0.587153,1.09392,0.935941,1.05627,1.09215,0.644601,0.603112,0.639277,0.649176,-9999,-9999
200703,7.819,1.0,251.912,111.335,1.0,303.054,1.0,2.632,0.0,101.34,1.0,2.291,0.0,3.126,0.0,0.39367018761,0.74126344086,44.4263675317,0.991935483871,-9999,-9999,19.1785675739,1.0,349.897925046,0.998655913978,400.229,0.998656,8.066,11.733,8.586,5.952,5.522,8.802,5.546,6.374,6.126,0.0,1.0,1.0,0.0,0.0,0.0,0.0,0.0,0.0,-1.17163,1.0,29.5864,0.998656,47.5818,-9999,-1.17933,0.999328,-1.89663,-9999,0.106211,0.997312,-9999,0.095097,0.109361,0.117151,0.997312,0.997312,0.997312,1.20005,1.20005,1.20208,1.20761,1.09745,1.0905,1.10181,1.10602,1.60142,1.74992,1.77186,1.9144,1.60706,1.565,1.59774,1.67869,-9999,-9999
200704,12.991,1.0,358.609,216.713,1.0,312.007,1.0,4.422,0.0,102.035,1.0,0.02,0.0,2.235,0.0,0.261091056464,0.961111111111,105.827335904,0.986111111111,-9999,-9999,41.5807961944,1.0,374.373305324,0.9875,407.642,1.0,16.689,15.779,10.362,5.938,5.511,8.792,5.54,6.374,6.126,0.0,1.0,1.0,0.0,0.0,0.0,0.0,0.0,0.0,3.37244,1.0,26.2027,1.0,46.8646,-9999,33.6104,1.0,60.1136,-9999,-1.1759,1.0,-9999,-1.23239,-1.1832,-1.12411,1.0,1.0,1.0,3.63275,3.64497,3.66558,3.69126,4.81262,4.78969,4.82409,4.9133,3.91936,4.01403,4.10441,4.28378,5.15573,5.13035,5.15573,5.21889,-9999,-9999
200705,14.442,1.0,443.045,206.353,1.0,340.321,1.0,3.72,0.0,100.919,1.0,3.906,0.0,2.438,0.0,0.338615186488,0.934139784946,121.06448692,0.997311827957,-9999,-9999,42.5084509946,1.0,382.641579009,0.997311827957,401.787,0.999328,16.673,17.654,12.792,5.938,5.511,8.792,5.541,6.375,6.121,0.0,1.0,1.0,0.0,0.0,0.0,0.0,0.0,0.0,1.15784,1.0,5.86655,1.0,9.5873,-9999,17.7902,1.0,29.0734,-9999,-4.51579,0.999328,-9999,-4.54116,-4.52409,-4.50548,0.999328,0.999328,0.999328,5.17932,5.04989,5.07175,5.17545,9.59236,9.59061,9.6162,9.68944,4.5561,4.55753,4.74552,4.80091,9.7967,9.6133,9.75822,9.7967,-9999,-9999
200706,18.001,1.0,482.428,205.437,1.0,366.055,1.0,3.75,0.0,101.039,0.999306,3.155,0.0,2.122,0.0,0.30854487958,0.948611111111,125.281763553,0.995138888889,-9999,-9999,43.8724252778,1.0,400.940945065,0.999305555556,399.895,1.0,16.671,19.7,14.382,5.938,5.511,8.792,5.54,6.374,6.126,0.217361,1.0,1.0,0.0,0.0,0.0,0.0,0.0,0.0,2.26771,1.0,72.047,1.0,106.624,-9999,12.0446,1.0,17.8251,-9999,-2.93227,1.0,-9999,-2.95534,-2.94376,-2.93851,1.0,1.0,1.0,7.02679,7.01499,7.04708,7.18318,9.96245,9.96637,10.0156,10.1231,6.84438,6.68868,6.77398,6.85841,9.9732,9.95057,10.0006,10.0571,-9999,-9999
200707,17.34,1.0,463.953,195.999,1.0,361.996,1.0,4.666,0.0,101.021,1.0,5.641,0.0,2.826,1.0,0.340034571215,0.972446236559,124.661915853,0.99126344086,-9999,-9999,35.2171963844,1.0,398.475049396,0.994623655914,389.982,0.999328,16.979,18.796,16.699,5.926,5.501,8.781,5.533,6.373,6.13,1.0,1.0,1.0,0.0,0.0,0.0,0.0,0.0,0.0,0.533558,1.0,98.928,1.0,117.844,-9999,4.76912,1.0,5.68103,-9999,-3.44853,0.998656,-9999,-3.53515,-3.38809,-3.34993,0.998656,0.998656,0.998656,5.43402,5.37247,5.398,5.41634,8.75736,8.7305,8.75736,8.92985,3.97705,2.65893,3.2474,3.75649,6.83356,6.86414,7.03063,7.60499,-9999,-9999
200708,17.744,1.0,393.773,187.095,1.0,359.609,1.0,5.743,0.0,101.345,1.0,1.663,0.0,2.326,1.0,0.296323570532,0.9375,118.936995364,0.922715053763,-9999,-9999,32.0814910529,0.997983870968,398.640890487,0.922715053763,362.243,0.997984,17.015,18.841,16.797,5.952,5.522,8.802,5.546,6.374,6.126,1.0,1.0,1.0,0.0,0.0,0.0,0.0,0.0,0.0,0.102396,1.0,49.071,1.0,96.9162,-9999,9.81043,1.0,19.3758,-9999,-1.92397,0.997312,-9999,-1.94443,-1.87787,-1.84483,0.997312,0.997312,0.997312,5.39404,5.39882,5.47872,5.58808,7.34859,7.32983,7.38719,7.44396,4.36535,4.36657,4.50184,4.89484,7.27309,6.90241,7.02785,7.37242,-9999,-9999
200709,13.914,1.0,294.845,111.517,1.0,352.316,1.0,4.304,0.0,101.76,1.0,3.363,0.0,2.42,1.0,0.309814735661,0.94375,65.3690220728,0.935416666667,-9999,-9999,20.8094302917,1.0,383.440408856,0.936805555556,357.638,0.999306,14.773,16.701,14.812,5.938,5.511,8.792,5.54,6.374,6.126,1.0,1.0,1.0,0.0,0.0,0.0,0.0,0.0,0.0,-2.54481,1.0,31.4029,1.0,73.0575,-9999,-4.68802,1.0,-10.9065,-9999,-0.918785,0.997917,-9999,-0.940326,-0.892653,-0.884856,0.997917,0.997917,0.997917,4.50034,4.4999,4.51841,4.56567,5.42805,5.42805,5.44637,5.45645,3.26542,2.57345,3.18264,3.29053,4.56903,4.59098,4.84437,4.8695,-9999,-9999
200710,10.233,1.0,191.272,75.446,1.0,329.895,1.0,2.925,0.0,102.265,1.0,1.233,0.0,1.832,1.0,0.219803278619,0.922715053763,31.3884302584,0.999327956989,-9999,-9999,12.5228071169,1.0,360.894695064,0.999327956989,407.911,1.0,11.542,13.589,11.808,5.846,5.421,8.701,5.46,6.342,6.121,1.0,1.0,1.0,0.0,0.0,0.0,0.0,0.0,0.0,-3.9979,1.0,26.662,1.0,33.9331,-9999,1.18539,1.0,1.50866,-9999,0.756762,0.997312,-9999,0.74459,0.751667,0.75741,0.997312,0.997984,0.997312,3.12356,3.08169,3.0956,3.11975,2.42381,2.33263,2.34423,2.3668,2.20359,2.14423,2.2028,2.40092,1.9095,1.9108,1.94046,2.04344,-9999,-9999
200711,6.448,1.0,110.741,32.535,1.0,312.573,1.0,2.343,0.0,101.554,1.0,3.159,0.0,2.84,1.0,0.338541990021,0.950694444444,-5.11099716893,0.998611111111,-9999,-9999,4.34688463889,1.0,345.120181944,1.0,410.16,1.0,8.286,10.42,8.714,5.697,5.28,8.561,5.341,6.3,6.126,1.0,1.0,1.0,0.0,0.0,0.0,0.0,0.0,0.0,-4.75389,1.0,19.6234,1.0,19.824,-9999,-25.5158,1.0,-25.7766,-9999,0.959317,0.999306,-9999,0.944497,0.950267,0.960868,0.999306,0.999306,0.999306,1.59678,1.55201,1.56299,1.60052,0.587201,0.607613,0.61272,0.639232,0.757096,0.623515,0.737297,0.76913,0.363156,0.248038,0.290764,0.301595,-9999,-9999
200712,3.45,1.0,75.1109,23.014,1.0,298.0,1.0,1.181,0.0,101.98,0.998656,3.412,0.0,3.063,0.998656,0.369702504334,0.863575268817,-13.7152202949,0.996639784946,-9999,-9999,3.40081081317,1.0,330.260685098,0.999327956989,413.496,0.999328,5.639,7.786,6.27,5.69,5.265,8.546,5.318,6.285,6.13,1.0,1.0,1.0,0.223118,0.223118,0.223118,0.223118,0.223118,0.0,-4.00792,1.0,11.6729,1.0,8.72819,-9999,-24.5675,1.0,-18.3698,-9999,0.506002,0.998656,-9999,0.506002,0.5129,0.515849,0.998656,0.998656,0.998656,0.783859,0.755555,0.770536,0.783217,0.260945,0.239903,0.264064,0.274001,0.679194,0.677138,0.691732,0.925214,0.233787,0.222667,0.226682,0.312707,-9999,-9999
200801,6.031,1.0,91.4084,23.833,1.0,306.029,1.0,1.329,0.0,101.226,0.995296,3.89,0.995296,4.357,0.994624,0.494493897299,0.960349462366,-24.693873658,0.967069892473,-9999,-9999,3.19865233584,0.994623655914,351.558815032,0.995295698925,400.753,1.0,6.967,6.835,8.938,7.565,7.021,10.186,6.775,7.079,6.126,1.0,1.0,1.0,1.0,1.0,1.0,1.0,1.0,0.0,-0.781839,1.0,16.4626,1.0,21.2828,-9999,-34.5765,1.0,-44.7002,-9999,0.200445,1.0,-9999,0.191425,0.202293,0.223261,1.0,1.0,1.0,0.54288,0.532863,0.54288,0.564943,0.341754,0.341541,0.341725,0.342077,0.752235,0.702558,0.752235,0.752833,0.388812,0.364859,0.377513,0.385701,-9999,-9999
200802,4.85,1.0,156.328,63.096,1.0,289.501,1.0,1.681,0.0,102.233,1.0,1.573,1.0,3.112,1.0,0.327164067039,0.923132183908,-3.10420622557,1.0,-9999,-9999,10.1076250934,1.0,345.572817529,1.0,417.803,0.999282,5.718,5.645,7.824,6.493,6.013,9.203,5.935,6.688,6.126,1.0,1.0,1.0,1.0,1.0,1.0,1.0,1.0,0.0,-2.64224,1.0,16.4215,0.999282,21.2695,-9999,-8.38401,1.0,-10.8592,-9999,0.117485,0.996408,-9999,0.119081,0.121236,0.135756,0.997126,0.997126,0.997845,0.711245,0.712998,0.717673,0.721762,0.592416,0.580218,0.591731,0.601145,0.266423,0.263986,0.288757,0.351246,0.318861,0.277862,0.316995,0.329661,-9999,-9999
200803,5.798,1.0,255.47,91.448,1.0,304.274,0.999328,1.966,0.0,100.342,1.0,4.895,1.0,4.169,1.0,0.411395885822,0.930779569892,33.9277440664,0.984543010753,-9999,-9999,15.1417194691,1.0,349.237563172,1.0,407.232,0.99664,7.312,7.189,9.27,7.927,7.366,10.483,7.101,7.35,6.126,1.0,1.0,1.0,1.0,1.0,1.0,1.0,1.0,0.0,-1.13677,1.0,33.239,0.997312,43.1329,-9999,-5.83943,0.997984,-7.57758,-9999,-0.483358,0.993952,-9999,-0.499556,-0.473463,-0.44219,0.993952,0.993952,0.995296,0.893428,0.889904,0.89445,0.906669,1.33766,1.34746,1.34914,1.38611,0.958752,0.925246,0.97012,0.990815,1.28872,1.19573,1.28325,1.29847,-9999,-9999
200804,9.381,1.0,361.876,179.983,1.0,307.306,0.998611,3.061,0.0,100.971,1.0,1.246,1.0,2.876,1.0,0.300305600221,0.967361111111,85.4219071179,0.689583333333,-9999,-9999,33.2209893958,1.0,371.062406944,1.0,417.604,1.0,10.237,10.181,12.081,10.719,10.017,13.022,9.427,8.851,6.126,1.0,1.0,1.0,1.0,1.0,1.0,1.0,1.0,0.0,2.23652,1.0,50.0763,0.999306,60.9747,-9999,32.2086,1.0,39.2184,-9999,-0.651925,0.995139,-9999,-0.673609,-0.656887,-0.650857,0.993056,0.996528,0.997917,2.7414,2.69839,2.70578,2.71905,3.3641,3.35637,3.36587,3.38856,2.46367,2.05438,2.27557,2.43886,3.13668,3.04671,3.13566,3.20741,-9999,-9999
200805,15.902,0.891129,445.156,237.278,0.893145,329.791,0.891801,6.148,0.0,101.461,0.887097,1.088,0.887097,2.442,0.887097,0.269357777514,0.961021505376,102.525676744,0.827956989247,-9999,-9999,49.9157748765,0.870967741935,413.606388117,0.870967741935,412.4,0.963038,15.326,15.204,16.951,15.62,14.816,17.697,14.007,12.795,6.121,0.891801,0.891801,0.891801,0.891801,0.891801,0.891801,0.891801,0.891801,0.0,3.29958,0.891801,97.306,0.999328,81.5633,-9999,17.3089,0.997984,14.5085,-9999,-2.72578,0.948253,-9999,-2.89978,-2.74673,-2.71162,0.957661,0.948925,0.942204,6.26091,6.06302,6.14098,6.24353,8.94063,8.92226,8.94937,8.99406,5.06811,5.10631,5.89853,6.82617,8.8173,8.36055,8.8173,9.44524,-9999,-9999
200806,16.088,0.00416667,482.758,243.18,0.00486111,338.36,0.00416667,5.507,0.0,101.42,0.0,1.234,0.0,2.159,0.0,0.295633785915,0.9375,-9999,-9999,-9999,-9999,-9999,-9999,-9999,-9999,405.167,0.958333,16.152,15.934,17.685,16.39,15.644,18.504,14.973,14.036,6.126,0.00416667,0.00416667,0.00416667,0.00416667,0.00416667,0.00416667,0.00416667,0.00416667,0.0,3.65388,0.00416667,109.988,0.988194,100.239,-9999,14.0985,0.990972,12.8489,-9999,-4.12725,0.692361,-9999,-4.14753,-4.11506,-4.06557,0.669444,0.686806,0.791667,6.47456,6.47447,6.47692,8.1028,10.5377,10.6018,10.6661,12.1632,5.5982,5.53711,5.62741,5.77653,11.3957,10.9036,11.1474,11.2941,-9999,-9999
200807,18.417,0.836694,462.408,202.577,0.838038,362.405,0.836694,5.03,0.0,101.274,0.821237,3.822,0.821237,2.52,0.821237,0.34246790462,0.777553763441,100.111076519,0.816532258065,-9999,-9999,39.1318992734,0.82123655914,424.621802747,0.82123655914,380.506,0.834677,16.787,16.583,18.363,17.064,16.38,19.208,15.77,14.949,5.275,0.836694,0.836694,0.836694,0.836694,0.836694,0.836694,0.836694,0.836694,0.0,2.75948,0.836694,87.9097,0.836022,86.549,-9999,3.54041,0.836022,3.48561,-9999,-2.3024,0.834677,-9999,-2.32625,-2.28681,-2.15047,0.834677,0.834677,0.834677,6.99326,6.96861,7.02154,7.14864,9.16554,9.20813,9.29265,9.35311,6.3561,6.18604,6.30698,6.36843,8.92987,8.82107,8.86662,8.92987,-9999,-9999
200808,17.799,0.823925,390.87,163.759,0.625672,363.225,0.823925,4.882,0.0,101.005,0.814516,3.707,0.814516,2.881,0.814516,0.344513495989,0.793010752688,66.9298935789,0.620967741935,-9999,-9999,25.4669037003,0.814516129032,422.391286355,0.814516129032,405.414,0.818548,17.597,17.437,19.206,17.922,17.279,20.311,16.638,16.062,5.242,0.823925,0.823925,0.823925,0.823925,0.823925,0.823925,0.622984,0.823925,0.0,1.19992,0.823925,76.11,0.830645,66.2475,-9999,0.855426,0.831989,0.744578,-9999,-0.363614,0.790995,-9999,-0.416778,-0.359486,-0.261292,0.788978,0.794355,0.806452,5.3549,4.93539,5.29896,5.34486,5.61268,5.18994,5.63257,5.71379,4.20583,2.86476,4.11946,4.27638,5.59886,4.77779,5.60573,5.67675,-9999,-9999
200809,15.127,0.372222,291.375,111.427,0.0902778,348.168,0.340278,4.29,0.0,101.628,0.357639,2.539,0.357639,2.523,0.357639,0.271995985291,0.93125,-9999,-9999,-9999,-9999,-9999,-9999,-9999,-9999,411.033,0.7625,17.072,16.911,18.653,17.409,16.711,19.781,15.953,15.65,5.243,0.372222,0.372222,0.372222,0.372222,0.372222,0.372222,0.0,0.372222,0.0,3.03554,0.372222,60.5961,0.972917,52.7439,-9999,-2.98533,0.989583,-2.59849,-9999,-1.65225,0.548611,-9999,-1.77103,-1.59246,-1.38964,0.53125,0.556944,0.629167,4.81586,4.67827,4.6941,4.74891,6.35335,6.07512,6.42231,6.46411,4.38971,3.30364,3.46209,4.05875,4.72209,4.74241,4.84953,5.14036,-9999,-9999
200810,11.761,0.0907258,188.117,64.616,0.0920699,331.611,0.0907258,2.863,0.0,101.257,0.0806452,5.323,0.0806452,2.982,0.0806452,0.319150065342,0.838037634409,-9999,-9999,-9999,-9999,-9999,-9999,-9999,-9999,409.995,0.796371,9.602,9.775,11.911,10.71,10.442,13.747,15.077,12.078,5.245,0.0907258,0.0907258,0.0907258,0.0907258,0.0907258,0.0907258,0.0,0.0907258,0.0,-7.94929,0.0907258,34.6054,0.912634,62.2753,-9999,-12.6458,0.928091,-22.7572,-9999,0.241527,0.637097,-9999,0.232937,0.236984,0.242973,0.618952,0.699597,0.643817,3.11301,3.04101,3.10154,3.1107,2.8838,2.81725,2.84956,2.86983,3.11983,2.94264,3.11764,3.56201,1.83106,1.92222,1.97195,2.07262,-9999,-9999
200811,7.047,1.0,108.786,30.72,1.0,315.009,1.0,1.634,0.0,101.08,0.997222,3.356,0.997222,3.056,0.997222,0.334585701727,0.965972222222,-14.2864188691,0.997222222222,-9999,-9999,5.03788515783,0.997222222222,354.47662178,0.997222222222,427.281,1.0,9.017,8.996,11.075,9.773,9.372,12.596,7.068,10.28,5.243,1.0,1.0,1.0,1.0,1.0,1.0,0.0,1.0,0.0,-3.71271,1.0,18.0708,1.0,42.5433,-9999,-19.6653,1.0,-46.2973,-9999,0.798545,1.0,-9999,0.780142,0.798545,0.806465,1.0,1.0,1.0,1.47908,1.42377,1.48796,1.52641,0.686859,0.644131,0.681371,0.726522,1.61943,1.65961,1.67867,1.73654,0.792139,0.749226,0.767891,0.799924,-9999,-9999
200812,2.609,1.0,74.7996,26.207,1.0,278.149,1.0,0.799,0.0,101.664,0.991263,1.308,0.990591,2.54,0.990591,0.274544094554,0.935483870968,-28.6238673572,0.990591397849,-9999,-9999,4.46543248452,0.99126344086,327.736725468,0.99126344086,433.534,0.998656,5.518,5.398,7.639,6.226,5.987,9.194,7.061,7.369,5.243,1.0,1.0,1.0,1.0,1.0,1.0,0.207661,1.0,0.0,-4.43476,1.0,6.2682,0.999328,14.757,-9999,-16.6497,1.0,-39.1977,-9999,0.496569,0.995968,-9999,0.483916,0.493478,0.511469,0.995968,0.995968,0.997984,0.825649,0.810761,0.828783,0.857779,0.362283,0.327373,0.339886,0.348089,0.976917,0.976282,1.05159,1.10719,0.455061,0.396223,0.423584,0.451935,-9999,-9999
200901,0.229,0.216398,91.4084,35.213,1.0,277.6,1.0,0.657,0.0,101.217,1.0,2.153,1.0,2.869,1.0,0.324763259033,0.834005376344,-9.72976146458,1.0,-9999,-9999,6.51703975134,1.0,315.170518817,1.0,448.723,1.0,3.051,2.953,5.193,3.844,3.528,6.73,6.876,4.914,5.242,1.0,1.0,1.0,1.0,1.0,1.0,1.0,1.0,0.0,-3.64478,1.0,3.61151,0.208333,8.50244,-9999,-18.4605,1.0,-43.4609,-9999,0.566581,1.0,-9999,0.56627,0.570233,0.572007,1.0,1.0,1.0,4.46353,4.38031,4.41715,4.59429,4.05828,3.80929,3.85131,4.02712,1.06313,0.756489,0.96968,1.01077,0.252757,0.210606,0.233979,0.245818,-9999,-9999
200902,2.151,0.0,154.802,43.208,0.570685,301.869,0.569196,0.626,0.0,101.222,0.556548,2.385,0.556548,2.495,0.556548,0.276722540673,0.927827380952,3.87618736272,0.556547619048,-9999,-9999,6.5235306529,0.556547619048,320.540994978,0.556547619048,440.858,0.923363,3.446,3.288,5.481,4.116,3.722,6.887,7.643,4.593,5.245,0.569196,0.569196,0.569196,0.569196,0.569196,0.569196,0.569196,0.569196,0.0,-0.985319,0.568452,4.31298,0.0,5.58627,-9999,-5.63224,0.991071,-7.29502,-9999,0.429749,0.771577,-9999,0.428058,0.430673,0.437526,0.781994,0.764881,0.77381,4.91573,4.82727,4.85994,5.03864,4.62746,4.39852,4.42554,4.60946,0.788776,0.54533,0.720748,0.857292,0.275144,0.254627,0.313327,0.40238,-9999,-9999
200903,5.051,0.0,251.912,97.828,0.0,299.26,0.0,1.394,0.0,101.201,0.0,1.838,0.0,2.706,0.0,0.329716134525,0.928091397849,-9999,-9999,-9999,-9999,-9999,-9999,-9999,-9999,425.786,0.881048,7.315,7.162,9.086,7.688,7.07,10.08,10.439,6.524,5.243,0.0,0.0,0.0,0.0,0.0,0.0,0.0,0.0,0.0,2.26569,0.0336022,5.26699,0.0,6.62401,-9999,8.96136,0.998656,11.2702,-9999,0.21297,0.624328,-9999,0.1968,0.202134,0.206059,0.632392,0.631048,0.618952,5.61927,5.5236,5.55329,5.72414,5.55198,5.31939,5.34827,5.51712,2.35227,1.40399,1.49349,2.30176,1.32321,1.23211,1.32321,1.64383,-9999,-9999
200904,10.315,0.0,358.609,180.569,0.972917,318.166,0.972917,3.184,0.0,101.254,0.956944,0.947,0.956944,2.301,0.956944,0.252546958485,0.899305555556,90.519298061,0.95625,-9999,-9999,36.8837242199,0.956944444444,371.138513077,0.956944444444,422.524,0.982639,11.259,11.165,12.965,11.612,10.93,13.857,13.12,9.341,5.243,0.972917,0.972917,0.972917,0.972917,0.972917,0.972917,0.972917,0.972917,0.0,3.03693,1.0,5.25314,0.0,5.87214,-9999,26.889,1.0,30.0575,-9999,-0.591182,0.979167,-9999,-0.647232,-0.616014,-0.584041,0.979861,0.979861,0.979167,6.92218,6.80961,6.83183,6.96549,7.60951,7.40168,7.49266,7.59012,3.26233,3.05111,3.16586,3.30579,3.96606,3.93823,3.99378,4.0672,-9999,-9999
200905,13.072,0.0,443.045,222.205,1.0,330.629,1.0,4.316,0.0,101.72,1.0,2.457,1.0,3.042,1.0,0.335384116584,0.739247311828,126.215337457,0.997311827957,-9999,-9999,45.9368509341,1.0,379.487245296,1.0,419.837,1.0,13.495,13.456,15.192,13.916,13.25,16.149,14.887,11.69,5.242,1.0,1.0,1.0,1.0,1.0,1.0,1.0,1.0,0.0,1.48933,1.0,5.24925,0.0,5.39583,-9999,18.3503,1.0,18.8627,-9999,-3.43639,0.998656,-9999,-3.48432,-3.44808,-3.41518,0.998656,0.998656,0.99664,7.6067,7.48857,7.50176,7.62939,11.0939,10.9068,10.9544,11.0883,3.81979,3.94013,4.18005,4.35501,6.8476,6.81421,6.8476,7.13774,-9999,-9999
200906,15.223,0.0,482.428,240.213,1.0,343.824,1.0,4.866,0.0,101.542,1.0,2.111,1.0,2.368,1.0,-9999,-9999,148.058073565,1.0,-9999,-9999,47.2654718403,1.0,388.781766667,1.0,409.131,0.0229167,15.076,14.998,16.691,15.465,14.816,17.693,17.217,13.297,5.243,1.0,1.0,1.0,1.0,1.0,1.0,1.0,1.0,0.0,1.5356,1.0,5.25314,0.0,4.78754,-9999,9.86807,0.023611,8.99345,-9999,-2.93121,0.0194444,-9999,-3.07349,-2.94424,-2.92671,0.0201389,0.0194444,0.0194444,8.139,8.02192,8.02442,8.14364,11.0877,10.9498,11.0829,11.1115,4.88658,4.92167,5.63726,6.00037,5.14212,5.16098,5.69512,5.97438,-9999,-9999
200907,18.641,0.0,463.953,224.553,1.0,358.422,1.0,5.951,0.0,101.139,0.997984,3.281,0.997312,2.744,0.997984,-9999,-9999,138.319129288,0.997983870968,-9999,-9999,42.1491673504,0.997983870968,402.767115905,0.997983870968,401.224,0.744624,17.014,16.908,18.525,17.381,16.746,19.633,18.37,15.196,5.245,1.0,1.0,1.0,1.0,1.0,1.0,1.0,1.0,0.0,1.33216,1.0,5.24318,0.0,4.86289,-9999,-0.642071,0.744624,-0.595502,-9999,-2.45898,0.744624,-9999,-2.50947,-2.46644,-2.45847,0.744624,0.744624,0.744624,8.98181,8.8518,8.86702,8.94636,11.3901,11.3477,11.3891,11.4068,3.53888,2.92035,3.92753,4.43551,5.25912,4.90604,5.38253,5.81259,-9999,-9999
200908,18.349,0.857527,393.773,200.458,1.0,358.673,1.0,7.798,0.0,101.505,0.997984,2.103,0.997984,2.269,0.997984,0.247665324829,0.895833333333,117.055960499,0.997983870968,-9999,-9999,37.6011477473,0.997983870968,404.371531541,0.997983870968,401.933,1.0,16.829,16.745,18.38,17.266,16.666,19.584,17.827,15.547,5.243,1.0,1.0,1.0,1.0,1.0,1.0,1.0,1.0,0.0,0.998981,1.0,5.26699,0.0,4.88498,-9999,3.68995,1.0,3.42232,-9999,-1.34075,1.0,-9999,-1.4175,-1.27947,-1.12584,1.0,1.0,1.0,6.91043,6.80233,6.8709,6.90797,8.11225,8.01348,8.11938,8.25038,3.69718,2.86977,3.18847,3.57181,5.54907,5.56435,5.66942,5.87747,-9999,-9999
200909,15.141,1.0,294.845,133.17,1.0,347.747,1.0,5.044,0.0,101.928,0.997917,2.744,0.997222,2.56,0.997917,0.286204133618,0.899305555556,66.1804175869,0.995138888889,-9999,-9999,27.5784908606,0.997916666667,385.632389769,0.997916666667,393.809,1.0,14.914,14.846,16.593,15.49,14.947,17.962,16.645,14.722,5.243,1.0,1.0,1.0,1.0,1.0,1.0,1.0,1.0,0.0,-0.915154,1.0,5.25314,0.0,4.57243,-9999,-1.93531,1.0,-1.68453,-9999,-1.28656,0.999306,-9999,-1.30612,-1.27952,-1.23395,0.999306,0.999306,0.999306,3.71675,3.69012,3.70995,3.71944,4.98777,4.95788,4.99004,4.99989,1.06496,1.44734,1.71725,1.87409,3.78805,3.57645,3.71828,3.87568,-9999,-9999
200910,10.764,1.0,191.272,72.486,1.0,330.336,1.0,3.305,0.0,101.498,0.995968,3.09,0.995296,2.551,0.995968,0.280919613867,0.929435483871,25.1963193204,0.995295698925,-9999,-9999,14.6089400999,0.995967741935,362.909833781,0.995967741935,380.016,0.997312,12.013,12.013,13.876,12.752,12.274,15.335,14.646,12.711,5.242,1.0,1.0,0.998656,1.0,0.998656,0.998656,1.0,1.0,0.0,-2.4422,0.999328,5.24925,0.0,3.21142,-9999,-10.0534,1.0,-6.15056,-9999,0.622379,0.997312,-9999,0.618805,0.633963,0.675638,0.997312,0.997312,0.997312,2.63553,2.63165,2.63791,2.65234,2.01974,1.97152,2.01119,2.01974,0.706719,0.688433,0.79072,0.811315,0.999062,1.03914,1.07626,1.14641,-9999,-9999
200911,9.368,1.0,110.741,28.762,1.0,320.327,1.0,1.97,0.0,100.218,0.995833,5.044,0.995833,3.87,0.995833,0.400970834103,0.986805555556,-12.2195036606,0.994444444444,-9999,-9999,4.89123734763,0.995833333333,356.174404408,0.995833333333,355.15,1.0,10.364,10.43,12.353,11.188,10.741,13.798,13.14,11.253,5.243,1.0,1.0,1.0,1.0,1.0,1.0,1.0,1.0,0.0,-2.63689,1.0,5.25314,0.0,12.3673,-9999,-29.9539,1.0,-70.5193,-9999,1.7441,1.0,-9999,1.74107,1.74253,1.75177,1.0,1.0,1.0,2.1162,2.11253,2.1162,2.11929,0.376759,0.366458,0.368831,0.37376,1.62351,1.60982,1.64457,1.68634,0.236013,0.24269,0.259862,0.269513,-9999,-9999
200912,2.204,1.0,75.1109,23.464,1.0,300.714,1.0,0.788,0.0,100.51,1.0,2.892,1.0,2.98,1.0,0.297144194034,0.957661290323,-13.2458283863,1.0,-9999,-9999,7.41578968414,1.0,330.007568548,1.0,362.969,1.0,6.252,6.068,8.227,7.022,6.76,9.833,9.402,8.425,5.245,1.0,1.0,1.0,1.0,1.0,1.0,1.0,1.0,0.0,-5.83997,1.0,5.26659,0.0,12.3989,-9999,-15.4859,1.0,-36.4578,-9999,1.00474,0.997984,-9999,1.00177,1.00344,1.00484,0.997984,0.997984,0.99664,1.18966,1.18919,1.1919,1.1933,0.189886,0.184415,0.188931,0.196184,1.15568,1.11642,1.18838,1.20991,0.0712771,0.0821579,0.110204,0.124637,-9999,-9999
201001,-0.503,1.0,91.4084,29.259,1.0,277.389,1.0,0.439,0.0,101.356,1.0,1.452,1.0,2.267,1.0,0.255664403383,0.962365591398,-13.1766030203,0.997983870968,-9999,-9999,11.0918889987,1.0,307.921580645,1.0,429.366,1.0,3.525,3.853,5.333,5.226,4.972,7.983,8.177,6.524,5.243,1.0,1.0,1.0,0.202285,0.202285,0.202285,0.202285,0.202285,0.0,-4.96744,1.0,4.31632,0.0,7.1256,-9999,-8.05228,1.0,-13.2931,-9999,0.592984,1.0,-9999,0.583837,0.586372,0.591456,1.0,1.0,0.997984,0.679879,0.664362,0.66954,0.677525,0.0846645,0.0801821,0.0833823,0.086671,0.430716,0.437292,0.481939,0.505595,0.0627253,0.0518712,0.06246,0.0683656,-9999,-9999
201002,1.348,1.0,154.801,42.556,1.0,276.604,1.0,0.6,0.0,100.159,1.0,3.797,1.0,2.731,1.0,0.283432330099,0.981398809524,-11.6966338912,0.996279761905,-9999,-9999,11.5966706622,1.0,317.856299851,1.0,437.58,1.0,4.005,4.131,4.86,5.242,4.993,8.007,8.2,6.563,5.242,1.0,1.0,1.0,0.0,0.0,0.0,0.0,0.0,0.0,-1.97343,1.0,4.24508,0.0,4.51324,-9999,-6.05353,1.0,-6.43592,-9999,0.475121,1.0,-9999,0.463136,0.475456,0.481924,1.0,1.0,1.0,0.671531,0.667437,0.672987,0.676108,0.202759,0.186631,0.200181,0.20441,0.7168,0.755626,0.782119,0.803455,0.1961,0.195656,0.204304,0.21356,-9999,-9999
201003,6.47,1.0,251.912,108.536,1.0,289.154,1.0,1.585,0.0,101.483,1.0,2.457,1.0,2.855,1.0,0.289908927117,0.967741935484,35.8782627164,1.0,-9999,-9999,19.808619086,1.0,341.214084005,1.0,416.332,1.0,6.58,6.495,6.034,5.175,4.925,7.938,8.154,6.484,5.245,1.0,1.0,1.0,0.0,0.0,0.0,0.0,0.0,0.0,0.569719,1.0,4.33659,0.0,4.68098,-9999,8.5064,1.0,9.18193,-9999,0.842528,1.0,-9999,0.833872,0.840151,0.842528,1.0,1.0,1.0,1.39592,1.36719,1.3881,1.39592,0.553102,0.535535,0.54747,0.552367,1.32794,1.33151,1.34061,1.37023,0.569008,0.568055,0.569663,0.58062,-9999,-9999
201004,9.557,1.0,358.609,200.868,1.0,298.315,1.0,2.845,0.0,101.757,1.0,1.38,1.0,2.723,1.0,0.271745892579,0.935416666667,96.6629689618,1.0,-9999,-9999,41.24269625,1.0,360.702120139,1.0,408.533,1.0,9.551,9.53,8.558,5.13,4.881,7.897,8.131,6.453,5.243,1.0,1.0,1.0,0.0,0.0,0.0,0.0,0.0,0.0,0.0271185,1.0,4.29891,0.0,4.78004,-9999,33.8616,1.0,37.6514,-9999,-0.31284,0.999306,-9999,-0.319685,-0.314906,-0.3098,0.999306,0.999306,0.999306,2.54589,2.52693,2.54589,2.62707,2.88252,2.83595,2.85873,2.94238,1.62987,1.44697,1.48813,1.52663,2.31121,2.29923,2.31148,2.34994,-9999,-9999
201005,10.184,1.0,443.045,198.28,1.0,318.119,1.0,3.117,0.0,101.414,1.0,2.963,1.0,2.624,1.0,0.279088586113,0.936155913978,107.724796968,0.998655913978,-9999,-9999,42.2346234005,1.0,365.563928763,1.0,402.267,0.998656,11.547,11.554,10.335,5.131,4.882,7.899,8.132,6.454,5.243,1.0,1.0,1.0,0.0,0.0,0.0,0.0,0.0,0.0,-0.500941,1.0,4.30984,0.0,4.9539,-9999,24.8975,1.0,28.6182,-9999,-2.40151,0.997984,-9999,-2.41709,-2.40701,-2.39418,0.997984,0.997984,0.997984,3.84088,3.80829,3.83791,3.85052,6.22991,6.22218,6.23379,6.26848,2.3734,2.3797,2.56736,2.58229,5.57758,5.46288,5.56328,5.57758,-9999,-9999
201006,15.691,0.980556,482.428,253.987,0.981944,337.154,0.980556,4.218,0.0,101.513,0.976389,0.513,0.976389,1.938,0.976389,0.25505093671,0.875694444444,144.043441142,0.9625,-9999,-9999,56.9004554765,0.9625,391.05069965,0.9625,405.637,0.996528,15.117,14.866,12.967,5.13,4.881,7.897,8.131,6.453,5.243,0.980556,0.980556,0.980556,0.0,0.0,0.0,0.0,0.0,0.0,1.2471,0.980556,4.29891,0.0,5.04342,-9999,22.2495,0.998611,26.1028,-9999,-3.41363,0.986111,-9999,-3.46972,-3.43696,-3.36498,0.9875,0.986111,0.986111,6.80925,6.23267,6.66759,6.81887,9.52365,9.71146,9.92492,10.2151,4.29506,4.29506,4.42857,4.52021,8.58947,8.2784,8.47333,8.53163,-9999,-9999
201007,19.213,0.769489,463.953,235.074,0.770833,360.332,0.769489,6.816,0.0,101.441,0.760753,1.142,0.760753,1.766,0.760753,0.251514861422,0.885080645161,136.980174062,0.760080645161,-9999,-9999,50.9311389464,0.760080645161,409.989870689,0.760080645161,412.854,0.997312,17.615,17.384,15.399,4.283,4.043,6.844,8.131,8.247,5.242,0.769489,0.769489,0.769489,0.0,0.0,0.0,0.0,0.0,0.0,1.97874,0.769489,4.25029,0.0,5.80799,-9999,10.7095,1.0,14.6344,-9999,-2.35379,0.912634,-9999,-2.40729,-2.38129,-2.33195,0.922043,0.912634,0.908602,7.46676,5.20642,7.27,7.42476,7.57271,7.62738,9.5966,9.73629,5.77995,6.03074,6.11764,6.56764,9.14562,8.99882,9.11679,9.30508,-9999,-9999
201008,16.704,1.0,393.773,159.701,1.0,359.611,1.0,4.898,0.0,101.128,0.999328,4.818,0.999328,2.173,0.999328,0.290059487287,0.924059139785,88.5497458226,0.997983870968,-9999,-9999,33.8527746232,0.999327956989,395.904802705,0.999327956989,406.973,1.0,16.79,16.759,15.741,4.244,4.005,6.794,8.721,8.338,5.245,1.0,1.0,1.0,0.0,0.0,0.0,0.0,0.0,0.0,-0.0105488,1.0,4.33659,0.0,6.0886,-9999,3.21698,0.999328,4.51667,-9999,-1.07447,0.998656,-9999,-1.09186,-1.07906,-1.07145,0.998656,0.998656,0.998656,5.78422,5.74868,5.78844,5.80686,6.86454,6.82381,6.86018,6.90387,4.48787,3.91601,4.27037,4.44177,6.18781,6.14582,6.27641,6.33701,-9999,-9999
201009,13.413,0.998611,294.845,117.83,0.998611,344.675,0.998611,3.865,0.0,101.303,0.997222,3.863,0.997222,1.983,0.997222,0.25782430248,0.898611111111,59.9278867972,0.997222222222,-9999,-9999,23.5232394129,0.997222222222,378.122463573,0.997222222222,412.968,0.99375,14.179,14.299,14.263,4.242,4.003,6.792,11.668,8.338,5.243,0.998611,0.998611,0.998611,0.0,0.0,0.0,0.0,0.0,0.0,-1.27199,0.998611,4.29891,0.0,4.80759,-9999,-0.258575,1.0,-0.289172,-9999,-0.423231,0.990972,-9999,-0.424791,-0.419502,-0.396962,0.990972,0.990972,0.990972,3.68566,3.67947,3.70274,3.71071,4.1187,4.09792,4.10782,4.12259,2.33711,2.31813,2.69901,2.89857,3.85572,3.71581,3.83758,3.88495,-9999,-9999
201010,10.592,0.997312,191.272,73.987,0.998656,326.509,0.998656,3.274,0.0,101.179,0.991935,3.002,0.991935,2.337,0.991935,-9999,-9999,22.2109964893,0.991935483871,-9999,-9999,14.2055283017,0.991935483871,362.132048701,0.991935483871,423.064,0.983871,11.914,12.106,12.603,4.198,3.959,6.755,11.674,8.326,5.223,0.998656,0.998656,0.998656,0.0,0.0,0.0,0.0,0.0,0.0,-1.8141,0.998656,6.01006,0.0,3.67688,-9999,-17.2059,0.870968,-10.5264,-9999,0.420149,0.866263,-9999,0.413835,0.420193,0.425616,0.866935,0.867608,0.866263,2.59111,2.5469,2.58227,2.59535,2.16664,2.12938,2.16664,2.17014,2.84964,2.83067,2.84989,2.96023,2.53655,2.49542,2.50419,2.55665,-9999,-9999
201011,5.517,1.0,110.741,30.893,1.0,312.31,1.0,1.316,0.0,100.407,0.997222,2.785,0.997222,2.456,0.997222,0.291585914297,0.933333333333,-2.0713642853,0.997222222222,-9999,-9999,5.88400306376,0.997222222222,338.746399306,0.997222222222,407.625,0.996528,8.746,9.132,10.272,4.147,3.896,6.711,11.668,8.31,5.185,1.0,1.0,1.0,0.0,0.0,0.0,0.0,0.0,0.0,-3.20978,1.0,6.90644,0.0,4.22527,-9999,-12.443,1.0,-7.61248,-9999,0.635496,0.994444,-9999,0.598261,0.615095,0.630369,0.994444,0.994444,0.994444,1.27978,1.24155,1.25375,1.28059,0.633835,0.638557,0.643298,0.64638,1.04211,1.01767,1.0422,1.09347,0.586869,0.602894,0.612115,0.635105,-9999,-9999
201012,-1.276,1.0,75.1109,20.804,1.0,286.365,1.0,0.694,0.0,101.186,1.0,1.128,1.0,2.348,1.0,0.258335412205,0.895161290323,-9.93904357688,1.0,-9999,-9999,11.7878068817,1.0,304.683109543,1.0,433.49,0.997312,3.633,4.07,5.998,4.134,3.878,6.697,11.667,8.3,5.173,1.0,1.0,1.0,0.219086,0.219086,0.219086,0.0,0.219086,0.219086,-4.70679,1.0,6.57843,0.204301,4.0246,-9999,-10.1616,1.0,-6.21675,-9999,0.576957,0.994624,-9999,0.566693,0.577296,0.578914,0.993952,0.993952,0.995296,0.670803,0.646309,0.653884,0.670457,0.0796817,0.0742968,0.0822816,0.0966584,0.392219,0.256828,0.273656,0.392371,0.109877,0.107471,0.124534,0.162871,-9999,-9999
201101,3.438,1.0,91.4084,29.216,1.0,289.244,1.0,0.592,0.0,101.632,1.0,2.872,1.0,2.839,1.0,0.274432861104,0.745295698925,-14.1425477548,0.998655913978,-9999,-9999,5.44372262097,1.0,326.774390457,1.0,417.55,0.981183,5.246,4.862,7.001,5.656,5.415,8.165,11.663,9.447,5.985,1.0,1.0,1.0,1.0,1.0,1.0,0.0,1.0,1.0,-1.39407,1.0,11.4339,0.981183,10.8329,-9999,-14.3424,0.981183,-13.5885,-9999,0.594221,0.981183,-9999,0.580618,0.597226,0.604396,0.981183,0.981183,0.981183,0.781117,0.759666,0.782733,0.787734,0.187349,0.178255,0.183392,0.18681,0.494709,0.482135,0.487538,0.5114,0.202949,0.201707,0.20294,0.214932,-9999,-9999
201102,4.484,1.0,154.801,45.786,1.0,305.087,1.0,0.828,0.0,101.409,0.997768,2.988,0.997768,3.696,0.997768,-9999,-9999,9.44813630299,1.0,-9999,-9999,8.43415367857,0.997767857143,332.996490327,1.0,424.643,0.689732,5.773,5.475,7.479,6.203,5.858,8.683,12.056,9.658,6.187,1.0,1.0,1.0,1.0,1.0,1.0,0.0,1.0,1.0,-0.597035,1.0,13.7055,0.692708,12.9851,-9999,-0.868066,0.700149,-0.822438,-9999,0.590149,0.662202,-9999,0.590905,0.591589,0.593479,0.662202,0.662202,0.662202,1.03728,1.03116,1.03728,1.04972,0.441089,0.439757,0.447133,0.454408,0.352854,0.352489,0.353184,0.371595,0.239601,0.239631,0.240142,0.246266,-9999,-9999
201103,5.839,1.0,251.912,120.606,1.0,291.511,1.0,1.416,0.0,102.101,1.0,0.875,1.0,2.534,1.0,0.23980391507,0.880376344086,47.1916808395,0.997311827957,-9999,-9999,24.3980965323,1.0,339.409729839,1.0,422.749,1.0,6.792,6.609,8.469,7.262,6.812,9.732,12.066,10.258,6.637,1.0,1.0,1.0,1.0,1.0,1.0,0.0,1.0,1.0,-0.188514,1.0,24.0207,1.0,28.3181,-9999,16.5615,1.0,19.5243,-9999,0.54005,1.0,-9999,0.534771,0.536582,0.551544,1.0,1.0,1.0,1.36424,1.36765,1.37609,1.37903,0.841094,0.824188,0.835591,0.841608,1.0869,1.08062,1.08789,1.11296,0.823423,0.799112,0.803184,0.823322,-9999,-9999
201104,12.603,0.945833,358.609,196.656,0.948611,320.555,0.944444,5.741,0.480556,101.75,0.930556,0.294,0.930556,2.548,0.930556,0.253325470866,0.877777777778,92.7772395332,0.99375,-9999,-9999,44.2711276173,0.917361111111,372.130585744,0.917361111111,418.869,0.988194,12.047,11.971,13.361,12.199,11.542,14.513,12.05,13.019,9.469,0.945139,0.945139,0.945139,0.945139,0.945139,0.945139,0.479861,0.945139,0.945139,1.58716,0.945139,67.3828,1.0,74.9233,1.36075,22.8468,1.0,25.4035,0.654037,-1.64349,0.966667,0.0790613,-1.64624,-1.63469,-1.62156,0.958333,0.968056,0.970833,2.85547,2.78218,2.82698,2.88089,4.45969,4.40406,4.4694,4.5211,1.90669,1.87482,1.96657,2.12913,4.13217,3.84025,3.92608,4.01793,-9999,-9999
201105,13.787,1.0,443.045,223.113,1.0,331.116,1.0,5.829,1.0,101.65,1.0,1.703,1.0,2.763,1.0,0.311455042386,0.940860215054,121.717827732,1.0,-9999,-9999,49.9940927419,1.0,382.517334005,1.0,405.54,0.99664,13.699,13.667,14.861,13.888,13.328,16.307,12.73,13.218,11.554,1.0,1.0,1.0,1.0,1.0,1.0,1.0,1.0,1.0,-0.0581502,1.0,99.8028,1.0,104.29,1.0992,16.7341,1.0,17.4864,0.591814,-2.84789,0.969086,0.0638949,-2.83765,-2.82939,-2.78734,0.969086,0.969086,0.97043,4.99784,4.90909,4.93322,4.98221,7.76426,7.71791,7.75061,7.81048,3.27207,3.25044,3.33405,3.68276,6.99375,6.65903,6.77767,6.90548,-9999,-9999
201106,15.937,1.0,482.428,216.411,1.0,353.938,1.0,5.005,1.0,101.381,1.0,3.467,1.0,2.466,1.0,0.308400855186,0.934722222222,131.046107667,0.999305555556,-9999,-9999,42.8770381944,1.0,396.176510417,1.0,403.833,0.997222,15.385,15.337,16.504,15.577,15.001,18.009,14.403,13.324,13.19,1.0,1.0,1.0,1.0,1.0,1.0,1.0,1.0,1.0,0.829553,1.0,87.5922,0.998611,113.122,1.37012,12.7252,0.996528,16.4341,0.724803,-3.36835,0.9875,0.0739741,-3.42456,-3.32544,-3.29558,0.9875,0.988194,0.988194,5.10623,5.08552,5.13561,5.17175,8.45656,8.42291,8.4723,8.48402,3.67722,3.25424,3.4108,3.65002,6.46995,6.28651,6.49561,6.69695,-9999,-9999
201107,15.795,1.0,463.953,190.197,1.0,359.151,1.0,4.43,1.0,101.075,1.0,5.419,1.0,2.467,1.0,0.312903387285,0.941532258065,118.492051068,0.999327956989,-9999,-9999,35.0617607527,1.0,395.407690188,1.0,402.692,0.999328,15.594,15.551,16.788,15.899,15.416,18.514,15.03,13.21,14.286,1.0,1.0,1.0,1.0,1.0,1.0,1.0,1.0,1.0,0.0199308,1.0,92.1027,1.0,108.971,1.3651,8.08062,1.0,9.56053,0.753216,-2.40639,0.991935,0.0770339,-2.42767,-2.30434,-2.25901,0.991935,0.991935,0.991263,4.37498,4.36082,4.43643,4.48327,6.74785,6.71686,6.73105,6.77542,2.77888,1.82909,2.57396,2.84684,4.81497,4.82573,5.17183,5.6594,-9999,-9999
201108,16.781,1.0,393.773,157.08,1.0,366.559,1.0,3.949,1.0,101.133,1.0,2.871,1.0,2.143,1.0,0.271230585465,0.952956989247,93.91947008,1.0,-9999,-9999,29.0272573925,1.0,400.692622312,1.0,398.165,0.99664,16.369,16.324,17.536,16.659,16.17,19.219,15.768,13.665,14.997,1.0,1.0,1.0,1.0,1.0,1.0,1.0,1.0,1.0,0.749822,1.0,49.5459,0.999328,80.5058,1.22812,7.78185,0.999328,12.6445,0.625947,-1.59565,0.993952,0.0757964,-1.73292,-1.56121,-1.46209,0.99328,0.993952,0.99664,4.53743,4.36801,4.41225,4.46203,5.97589,5.8275,6.09402,6.13505,2.86895,2.4915,3.0258,3.45817,5.02656,4.71156,4.9125,5.00411,-9999,-9999
201109,15.549,1.0,294.845,122.5,1.0,353.64,1.0,3.922,1.0,101.31,1.0,2.62,1.0,2.451,1.0,-9999,-9999,58.3343672831,0.998611111111,-9999,-9999,24.2732430556,1.0,392.950215278,1.0,-9999,-9999,14.958,14.926,16.18,15.304,14.875,17.904,14.663,13.027,14.401,1.0,1.0,1.0,1.0,1.0,1.0,1.0,1.0,1.0,-0.196176,1.0,59.962,0.175,67.0572,1.60655,2.01796,0.176389,2.25674,0.847139,-2.27686,0.170833,0.0937224,-2.30809,-2.25704,-2.21398,0.170833,0.170139,0.167361,2.72708,2.72942,2.84103,2.98267,5.12309,5.03095,5.10283,5.19666,1.92118,0.226872,0.71982,1.92852,4.29388,4.24898,4.29398,4.37594,-9999,-9999
201110,11.16,1.0,191.272,77.13,1.0,330.913,1.0,2.845,1.0,101.639,1.0,2.968,1.0,2.568,1.0,-9999,-9999,19.0854959008,0.997983870968,-9999,-9999,15.5600766129,1.0,372.694887097,1.0,-9999,-9999,11.646,11.665,13.05,12.172,11.861,14.906,11.934,11.08,12.44,1.0,1.0,1.0,1.0,1.0,1.0,1.0,1.0,1.0,-1.95032,1.0,37.8584,0.0,23.1613,-9999,-3.37364,0.0,-2.06395,-9999,-0.657201,0.0,-9999,-0.690603,-0.589794,-0.504776,0.0,0.0,0.0,2.4067,2.40365,2.49216,2.63519,3.10144,3.08196,3.10144,3.13916,1.77623,0.151534,0.646857,1.77623,3.25035,3.1387,3.24857,3.30628,-9999,-9999
201111,7.003,1.0,110.741,40.401,1.0,319.293,1.0,1.463,1.0,101.772,1.0,0.573,1.0,2.15,1.0,-9999,-9999,-1.07534589243,1.0,-9999,-9999,7.32891041667,1.0,353.440706944,1.0,-9999,-9999,8.13,8.19,9.668,8.744,8.51,11.558,8.763,8.562,9.717,1.0,1.0,1.0,1.0,1.0,1.0,1.0,1.0,1.0,-2.82426,1.0,42.1257,0.0,25.772,-9999,0.301801,0.0,0.184638,-9999,-1.00704,0.0,-9999,-1.00704,-0.899919,-0.761136,0.0,0.0,0.0,2.09934,2.09173,2.16426,2.30148,3.06968,3.0401,3.06262,3.09886,1.63087,0.105938,0.575646,1.63087,2.3664,2.19584,2.34206,2.40939,-9999,-9999
201112,6.085,1.0,75.1109,20.951,1.0,316.081,1.0,1.591,1.0,100.8,1.0,8.465,1.0,3.955,1.0,-9999,-9999,-15.1527782289,0.998655913978,-9999,-9999,3.66715793011,1.0,348.356406586,1.0,-9999,-9999,5.878,5.925,7.404,6.41,6.096,9.134,6.247,6.303,7.136,1.0,1.0,1.0,1.0,1.0,1.0,1.0,1.0,1.0,-2.02202,1.0,57.3838,0.0,54.3675,-9999,7.15749,0.0,6.78127,-9999,-2.02287,0.0,-9999,-2.06149,-2.03792,-2.02287,0.0,0.0,0.0,2.03153,2.02272,2.09154,2.22795,4.17828,4.04559,4.12219,4.26392,1.60081,0.0939495,0.531921,1.60081,1.65456,1.45589,1.63418,1.6869,-9999,-9999
