TIMESTAMP,TA_F,TA_F_QC,SW_IN_POT,SW_IN_F,SW_IN_F_QC,LW_IN_F,LW_IN_F_QC,VPD_F,VPD_F_QC,PA_F,PA_F_QC,P_F,P_F_QC,WS_F,WS_F_QC,USTAR,USTAR_QC,NETRAD,NETRAD_QC,SW_OUT,SW_OUT_QC,CO2_F_MDS,CO2_F_MDS_QC,TS_F_MDS_1,TS_F_MDS_2,TS_F_MDS_1_QC,TS_F_MDS_2_QC,SWC_F_MDS_1,SWC_F_MDS_2,SWC_F_MDS_1_QC,SWC_F_MDS_2_QC,G_F_MDS,G_F_MDS_QC,LE_F_MDS,LE_F_MDS_QC,LE_CORR,LE_RANDUNC,H_F_MDS,H_F_MDS_QC,H_CORR,H_RANDUNC,NEE_VUT_REF,NEE_VUT_REF_QC,NEE_VUT_REF_RANDUNC,NEE_VUT_25,NEE_VUT_50,NEE_VUT_75,NEE_VUT_25_QC,NEE_VUT_50_QC,NEE_VUT_75_QC,RECO_NT_VUT_REF,RECO_NT_VUT_25,RECO_NT_VUT_50,RECO_NT_VUT_75,GPP_NT_VUT_REF,GPP_NT_VUT_25,GPP_NT_VUT_50,GPP_NT_VUT_75,RECO_DT_VUT_REF,RECO_DT_VUT_25,RECO_DT_VUT_50,RECO_DT_VUT_75,GPP_DT_VUT_REF,GPP_DT_VUT_25,GPP_DT_VUT_50,GPP_DT_VUT_75,RECO_SR,RECO_SR_N
200101,-0.926,1.0,191.54,113.931,0.0,226.238,0.0,2.054,0.932796,85.168,0.0,0.316,1.0,1.49,1.0,-9999,-9999,-9999,-9999,31.7545725806,1.0,-9999,-9999,-9999,0.701,-9999,1.0,-9999,12.998,-9999,1.0,-3.32183,0.0645161,14.849,0.0,16.2539,-9999,24.3049,0.0,26.6045,-9999,-0.309638,0.0,-9999,-0.317311,-0.312124,-0.309899,0.0,0.0,0.0,0.0796804,0.0789844,0.0881258,0.0968177,0.393159,0.39019,0.399489,0.40767,0.0439322,0.0421217,0.0439322,0.0440423,0.492844,0.492843,0.500328,0.541826,-9999,-9999
200102,3.793,1.0,251.598,149.943,0.0,237.476,0.0,3.683,0.980655,84.883,0.0,0.311,1.0,2.127,1.0,-9999,-9999,-9999,-9999,31.7452380952,1.0,-9999,-9999,-9999,5.21,-9999,1.0,-9999,13.416,-9999,1.0,-8.58293,0.0,22.1391,0.0,24.4736,-9999,22.0048,0.0,24.3251,-9999,-0.31591,0.0,-9999,-0.332088,-0.324688,-0.304851,0.0,0.0,0.0,0.116081,0.115505,0.121513,0.128088,0.4348,0.427561,0.446537,0.455117,0.0987433,0.0946739,0.0987433,0.0989906,0.561809,0.561809,0.569985,0.621194,-9999,-9999
200103,8.443,1.0,332.396,203.663,0.0,256.532,0.0,5.715,0.967742,84.899,0.0,0.771,1.0,1.961,1.0,-9999,-9999,-9999,-9999,44.255108871,1.0,-9999,-9999,-9999,10.631,-9999,1.0,-9999,13.482,-9999,1.0,-3.69841,0.0766129,23.8367,0.075269,32.3329,0.80898,37.6733,0.075269,51.1013,1.07411,-0.414604,0.0645161,0.0101511,-0.428436,-0.421155,-0.409749,0.061828,0.0645161,0.0645161,0.157498,0.156851,0.15815,0.160017,0.572752,0.568076,0.575745,0.584275,0.190512,0.18266,0.190512,0.190989,0.651747,0.651747,0.660335,0.729438,-9999,-9999
200104,13.462,1.0,409.935,272.205,0.0,258.16,0.0,11.297,1.0,84.741,0.933333,0.43,1.0,3.114,1.0,0.263838297572,0.908333333333,107.312114583,0.933333333333,56.5491694444,1.0,-9999,-9999,-9999,16.538,-9999,1.0,-9999,9.432,-9999,1.0,2.42946,0.995833,23.093,0.991667,31.3241,0.394995,53.4786,0.993056,72.5401,0.732866,-0.369197,0.958333,0.0101285,-0.377474,-0.372314,-0.356235,0.954167,0.958333,0.890278,0.290315,0.270723,0.284264,0.325249,0.654468,0.648258,0.65803,0.6776,0.271309,0.256799,0.274284,0.358308,0.642083,0.643179,0.65562,0.724677,-9999,-9999
200105,19.632,1.0,463.383,312.03,0.0,289.065,0.0,17.941,1.0,84.954,0.995968,0.953,0.998656,2.447,1.0,0.212275652741,0.986559139785,131.160314049,0.997311827957,67.9239274194,1.0,-9999,-9999,-9999,24.217,-9999,1.0,-9999,10.128,-9999,1.0,4.97634,1.0,24.2054,0.998656,33.963,0.270935,65.3452,1.0,91.6871,0.634016,-0.127849,0.94086,0.00791102,-0.156359,-0.144566,-0.131076,0.973118,0.86828,0.901882,0.516459,0.470496,0.515817,0.520586,0.652552,0.631583,0.648068,0.657699,0.337118,0.169365,0.252256,0.33717,0.429429,0.467858,0.540101,0.586653,-9999,-9999
200106,25.518,1.0,485.489,339.701,0.0,307.218,0.0,28.292,1.0,84.893,1.0,0.163,1.0,2.78,1.0,0.245668900966,0.998611111111,135.570468056,1.0,77.3658375,1.0,-9999,-9999,-9999,31.445,-9999,1.0,-9999,4.966,-9999,1.0,5.97475,1.0,9.83313,0.995833,14.8593,0.110284,75.9154,0.997222,114.72,0.656903,-0.0914662,0.983333,0.00696356,-0.139952,-0.107009,-0.0983307,0.927778,0.994444,0.990278,0.251753,0.203952,0.2241,0.248994,0.35278,0.339664,0.345172,0.349483,0.158679,0.138918,0.156736,0.164595,0.393856,0.34741,0.360044,0.367529,-9999,-9999
200107,26.937,1.0,474.256,297.715,0.0,340.025,0.0,25.529,1.0,85.075,0.998656,1.029,1.0,2.462,1.0,-9999,-9999,132.871772733,0.998655913978,63.7462379032,1.0,-9999,-9999,-9999,31.164,-9999,1.0,-9999,8.584,-9999,1.0,3.44446,1.0,17.6252,0.645161,28.871,0.211929,57.7557,0.658602,94.6066,0.561169,-0.00596224,0.627688,0.00637907,-0.0586311,-0.0209445,-0.00437047,0.502688,0.633065,0.626344,0.216999,0.185355,0.20066,0.237183,0.244268,0.207358,0.220961,0.244268,0.381833,0.197128,0.276456,0.349335,0.50099,0.339753,0.429301,0.501858,-9999,-9999
200108,25.254,1.0,431.005,258.329,0.0,330.358,0.0,20.376,0.991935,85.265,1.0,0.935,1.0,2.123,1.0,0.194831112669,0.995967741935,119.419551075,1.0,53.5897849462,1.0,-9999,-9999,-9999,29.113,-9999,1.0,-9999,9.259,-9999,1.0,2.69006,1.0,23.3734,0.997312,40.3658,0.486409,44.0682,0.997312,76.1058,0.519231,0.0150595,0.962366,0.00931836,-0.00883108,0.0110822,0.0221494,0.901882,0.978495,0.965054,0.289105,0.276901,0.289084,0.304403,0.271795,0.266956,0.288684,0.307429,0.186467,0.186467,0.227459,0.264149,0.480646,0.456731,0.495536,0.514617,-9999,-9999
200109,23.077,1.0,362.879,242.032,0.0,298.587,0.0,22.116,1.0,85.109,1.0,0.28,0.998611,2.22,1.0,0.199656763285,0.997222222222,107.740323611,1.0,55.6227833333,1.0,-9999,-9999,-9999,26.801,-9999,1.0,-9999,6.113,-9999,1.0,2.12277,1.0,8.40065,0.998611,14.5079,0.261396,48.4984,0.998611,83.7568,0.464069,-0.0222102,0.966667,0.00634856,-0.0344343,-0.0177336,-0.0140157,0.848611,0.955556,0.977778,0.0839151,0.0773843,0.0849425,0.0873674,0.096182,0.0972955,0.0995695,0.101717,0.0232879,0.0249475,0.0312163,0.0447215,0.0742273,0.0703428,0.0823446,0.104067,-9999,-9999
200110,15.219,1.0,281.623,178.034,0.0,269.772,0.0,12.944,1.0,85.189,1.0,0.216,1.0,1.953,1.0,0.189747125887,0.995967741935,69.9359932796,1.0,41.7620994624,1.0,-9999,-9999,-9999,18.162,-9999,1.0,-9999,6.028,-9999,1.0,-1.06233,1.0,4.94032,0.998656,7.28797,0.174362,33.0389,1.0,48.7391,0.493431,-0.0400683,0.982527,0.00376023,-0.0404982,-0.0388236,-0.0305405,0.987903,0.991935,0.916667,0.00464764,0.0042575,0.00604391,0.0354589,0.0467486,0.0439519,0.0467486,0.0660722,0.0248006,0.0231922,0.0422294,0.0713267,0.056129,0.039546,0.0552559,0.0744407,-9999,-9999
200111,7.508,1.0,209.772,121.737,0.0,252.871,0.0,5.326,0.970833,85.229,0.781944,1.01,1.0,1.844,1.0,0.174075196987,0.711111111111,35.5870169345,0.765277777778,29.4294472222,1.0,-9999,-9999,-9999,9.401,-9999,1.0,-9999,9.011,-9999,1.0,-3.14044,0.993056,8.68782,0.9875,12.8163,0.313155,19.5199,0.993056,28.7959,0.415165,-0.0461404,0.959722,0.00318305,-0.0491396,-0.0472664,-0.0231954,0.9625,0.958333,0.758333,0.00273001,0.000426463,0.0044964,0.025132,0.0516549,0.0493925,0.0516549,0.057086,0.0481759,0.0386596,0.04928,0.100256,0.0412904,0.0459184,0.0505086,0.0835867,-9999,-9999
200112,-0.932,1.0,174.527,100.034,0.0,226.492,0.0,2.036,0.942204,85.054,0.0577957,0.587,0.998656,1.467,0.998656,-9999,-9999,-9999,-9999,32.1975716456,0.998655913978,-9999,-9999,-9999,0.531,-9999,0.998656,-9999,12.977,-9999,0.998656,-4.57405,0.271505,10.4412,0.270161,13.4159,0.297081,8.66488,0.267473,11.1336,0.41346,-0.0647232,0.206989,0.00593606,-0.062184,-0.0594278,-0.0524208,0.138441,0.223118,0.143817,9.51247e-07,6.48578e-07,1.30971e-06,1.65617e-05,0.0637922,0.0521422,0.0580325,0.0620615,0.048677,0.00817567,0.0182225,0.0473122,0.0631977,0.0531975,0.0566078,0.076077,-9999,-9999
200201,-0.749,1.0,191.54,117.189,1.0,221.773,0.0,2.449,1.0,85.233,0.856183,0.11,1.0,1.706,1.0,0.165136451863,0.90188172043,22.8343410494,0.856182795699,34.2717768817,1.0,-9999,-9999,-9999,0.181,-9999,0.0,-9999,14.246,-9999,0.0,-2.00097,0.987903,7.42266,0.986559,8.12494,0.253624,13.0801,0.987903,14.3177,0.470464,-0.0548761,0.919355,0.00606857,-0.0554089,-0.0514268,-0.0265618,0.947581,0.969086,0.723118,0.0107365,0.0119175,0.0189637,0.0276631,0.089817,0.0499499,0.0661622,0.0820835,0.247053,0.0605902,0.0890785,0.271825,0.117029,0.099439,0.126828,0.186174,-9999,-9999
200202,1.247,1.0,251.598,170.651,1.0,211.669,0.0,4.107,1.0,85.497,0.334821,0.05,1.0,1.833,1.0,-9999,-9999,-9999,-9999,38.8687514881,1.0,-9999,-9999,-9999,0.172,-9999,0.0,-9999,14.229,-9999,0.0,0.728489,0.703869,6.68964,0.702381,7.39505,0.231238,34.083,0.696429,37.677,0.790631,-0.104856,0.599702,0.00974108,-0.137717,-0.123595,-0.06427,0.68006,0.443452,0.458333,0.0307594,0.027851,0.0710299,0.0887517,0.151409,0.153022,0.160796,0.174129,0.0117233,0.0155267,0.027214,0.0898516,0.122475,0.113514,0.122475,0.12656,-9999,-9999
200203,6.46,1.0,332.396,232.254,1.0,225.675,0.0,7.335,1.0,84.859,0.663978,0.21,1.0,2.494,1.0,0.223609989648,0.662634408602,77.3784648526,0.663978494624,53.5131747312,1.0,-9999,-9999,-9999,2.752,-9999,0.0,-9999,13.474,-9999,0.0,1.66704,0.908602,7.17948,0.907258,8.01433,0.0824514,54.4388,0.91129,60.7691,0.704027,-0.0983623,0.853495,0.00518422,-0.106629,-0.100532,-0.098974,0.747312,0.907258,0.909946,0.0410873,0.0371682,0.0573927,0.0681085,0.149502,0.135143,0.151914,0.171422,0.0521545,0.034608,0.0453971,0.0593172,0.115339,0.111301,0.117803,0.133021,-9999,-9999
200204,15.511,1.0,409.935,274.018,1.0,261.556,0.0,13.848,1.0,84.772,0.468056,0.094,0.998611,2.981,1.0,-9999,-9999,-9999,-9999,62.8658347222,1.0,377.858,0.579167,-9999,34.226,-9999,0.0,-9999,3.946,-9999,0.0,4.62711,0.763889,11.5735,0.722222,12.9193,0.171929,59.8952,0.722222,66.86,0.765762,-0.153231,0.701389,0.00948254,-0.155432,-0.154498,-0.149339,0.6625,0.704167,0.711111,0.200052,0.183086,0.194427,0.201663,0.337573,0.336179,0.342305,0.357094,0.0794531,0.0599481,0.0864901,0.122531,0.294643,0.244545,0.304071,0.342804,-9999,-9999
200205,19.357,1.0,463.383,335.125,1.0,278.421,0.0,19.878,1.0,84.821,0.369624,0.042,1.0,2.921,1.0,-9999,-9999,-9999,-9999,79.2077983871,1.0,377.092,0.193548,-9999,33.173,-9999,0.0,-9999,4.51,-9999,0.0,4.90068,0.69086,8.30691,0.413978,10.5081,0.109935,79.7879,0.415323,100.93,0.850841,-0.276477,0.401882,0.0126466,-0.299101,-0.284644,-0.272311,0.400538,0.393817,0.400538,0.190738,0.183363,0.187652,0.200331,0.471707,0.457509,0.471707,0.499891,0.104355,0.0859391,0.106477,0.159714,0.515269,0.387406,0.501679,0.528478,-9999,-9999
200206,26.863,1.0,485.489,342.943,1.0,309.681,0.0,32.32,1.0,84.793,0.994444,0.0,1.0,2.954,1.0,0.293765188834,0.951388888889,113.042523889,0.994444444444,82.4788902778,1.0,376.643,0.806944,-9999,33.153,-9999,0.341667,-9999,4.393,-9999,0.341667,5.47198,0.998611,5.51732,0.993056,6.97933,0.0885028,80.2159,0.998611,101.472,0.824222,-0.02986,0.968056,0.00582046,-0.0368127,-0.0334734,-0.031181,0.9375,0.994444,0.936111,0.132304,0.116607,0.128427,0.160934,0.157647,0.150127,0.157927,0.191287,0.0759582,0.0777429,0.095684,0.11841,0.15938,0.133694,0.173039,0.200668,-9999,-9999
200207,28.757,1.0,474.256,300.043,1.0,347.121,0.0,30.698,1.0,85.121,1.0,0.523,1.0,2.427,1.0,0.249312258454,0.95564516129,117.585530914,1.0,69.5873669355,1.0,375.588,0.939516,-9999,34.203,-9999,1.0,-9999,5.738,-9999,1.0,3.67653,1.0,12.4458,0.994624,17.9465,0.448617,66.5127,0.998656,95.9092,0.724822,0.231819,0.951613,0.00682173,0.231773,0.235398,0.23662,0.979839,0.889785,0.891129,0.169061,0.155862,0.160694,0.165691,-0.0609871,-0.0796842,-0.0734756,-0.0679756,0.217824,0.216707,0.230464,0.263524,0.0608705,0.0122536,0.0196924,0.0374922,-9999,-9999
200208,26.226,1.0,431.005,273.23,1.0,320.682,0.0,27.302,1.0,85.096,0.99328,0.323,1.0,2.554,1.0,0.253040985896,0.993279569892,94.7165444072,0.993279569892,66.9540349462,1.0,371.323,0.978495,-9999,30.477,-9999,1.0,-9999,7.573,-9999,1.0,2.07926,1.0,10.256,0.990591,14.5891,0.263123,55.227,0.995968,78.5599,0.586982,0.110152,0.962366,0.00433797,0.110152,0.113166,0.115017,0.962366,0.961022,0.99328,0.0499532,0.0556136,0.061388,0.066469,-0.0609168,-0.054781,-0.0523052,-0.0460415,0.14422,0.151837,0.21384,0.230004,0.00696948,0.00270467,0.00691656,0.00950072,-9999,-9999
200209,19.798,1.0,362.879,209.812,1.0,306.69,0.0,13.703,1.0,85.097,1.0,2.037,1.0,2.223,1.0,0.228547676897,0.551388888889,81.5673486111,1.0,47.8636166667,1.0,371.375,0.825,-9999,22.656,-9999,1.0,-9999,12.814,-9999,1.0,-1.02485,1.0,21.6605,0.829167,31.087,0.287504,31.9348,0.829167,45.8326,0.590618,0.12374,0.745833,0.00987968,0.0984818,0.106566,0.114639,0.816667,0.804167,0.715278,0.233683,0.222222,0.233335,0.235487,0.131127,0.116872,0.123474,0.131127,0.184552,0.183018,0.211244,0.22788,0.0889772,0.0889772,0.0931665,0.096142,-9999,-9999
200210,12.063,1.0,281.623,171.523,1.0,261.974,0.0,8.015,1.0,85.032,1.0,0.739,1.0,1.883,1.0,0.187290660225,0.868279569892,50.9089623656,1.0,41.2142473118,1.0,371.632,0.998656,-9999,14.414,-9999,1.0,-9999,12.217,-9999,1.0,-3.05357,1.0,16.0898,1.0,20.9764,0.272189,25.3019,1.0,32.9862,0.414013,-0.205121,0.965054,0.00659873,-0.225704,-0.215257,-0.201504,0.986559,0.979839,0.74328,0.182727,0.155152,0.196143,0.202682,0.41373,0.380188,0.395737,0.410389,0.155353,0.14022,0.239694,0.287622,0.420115,0.317276,0.353927,0.415293,-9999,-9999
200211,4.374,1.0,209.772,128.715,1.0,233.788,0.0,3.896,1.0,85.558,1.0,0.517,1.0,1.622,1.0,0.167653542046,0.915277777778,25.9479680556,1.0,32.0883416667,1.0,373.246,0.997222,-9999,5.992,-9999,1.0,-9999,14.147,-9999,1.0,-3.19401,1.0,8.84467,0.998611,9.83965,0.313832,17.1635,1.0,19.0943,0.441309,-0.0603026,0.973611,0.00390009,-0.0654761,-0.0624807,-0.059387,0.826389,0.990278,0.919444,0.0866463,0.0712958,0.0876581,0.115531,0.134525,0.133754,0.144093,0.183037,0.078081,0.0762116,0.191631,0.687433,0.166998,0.128505,0.194521,0.420269,-9999,-9999
200212,0.809,1.0,174.527,105.215,1.0,231.484,0.0,2.383,1.0,85.26,0.998656,0.161,0.998656,1.522,0.998656,0.154249174718,0.952956989247,19.3190503156,0.998655913978,29.3358255026,0.998655913978,376.043,0.990591,-9999,2.308,-9999,1.0,-9999,12.304,-9999,1.0,-2.9064,1.0,4.77829,0.997312,5.1677,0.171614,15.7215,0.998656,17.0028,0.364896,-0.0179382,0.966398,0.00286233,-0.0254656,-0.0194156,-0.0100788,0.994624,0.979839,0.681452,0.0282238,0.0244875,0.0314937,0.0622602,0.0515817,0.049951,0.0515817,0.0580744,0.081478,0.0660327,0.0950882,0.228998,0.0964726,0.0750725,0.0918905,0.167184,-9999,-9999
200301,2.585,1.0,191.54,120.775,1.0,238.363,0.0,2.564,1.0,85.764,1.0,0.19,1.0,1.252,1.0,-9999,-9999,28.7081505376,1.0,29.8534973118,1.0,377.481,0.783602,-9999,3.501,-9999,1.0,-9999,13.038,-9999,1.0,-0.365438,1.0,4.58991,0.860215,5.08687,0.0982524,18.9691,0.858871,21.023,0.352935,-0.0034709,0.576613,0.00427465,-0.0244519,-0.00127851,0.00764242,0.78629,0.170699,0.172043,0.040719,0.007727,0.0301018,0.0349348,0.0293402,0.0175677,0.0281334,0.0321853,0.103329,0.0759156,0.0777255,0.107753,0.0347357,0.0,0.0,0.0549731,-9999,-9999
200302,2.634,1.0,251.598,140.634,1.0,241.538,0.0,3.259,1.0,84.844,0.883929,1.093,1.0,1.881,1.0,0.185198094548,0.85119047619,44.73517,0.883928571429,36.5583348214,1.0,377.277,0.928571,-9999,4.655,-9999,1.0,-9999,13.728,-9999,1.0,-1.27561,0.986607,10.6016,0.985119,13.9087,0.309601,21.6002,0.986607,28.3383,0.565006,0.0112742,0.9375,0.0043697,-0.00135683,0.010658,0.0182151,0.979167,0.931548,0.904762,0.0281976,0.0208636,0.0257232,0.0292814,0.0149285,0.00834985,0.0135858,0.0214984,0.123375,0.0942527,0.0988143,0.114084,0.0690163,0.0,0.0167619,0.0479612,-9999,-9999
200303,8.054,1.0,332.396,206.212,1.0,247.964,0.0,6.403,1.0,84.803,0.787634,0.548,1.0,2.431,1.0,0.226617249078,0.763440860215,81.0944791667,0.774193548387,48.7287647849,1.0,375.835,0.373656,-9999,9.926,-9999,1.0,-9999,14.875,-9999,1.0,1.15537,0.943548,14.3372,0.94086,19.3726,0.325137,41.2676,0.944892,55.7614,0.559309,0.0527539,0.854839,0.00450215,0.044737,0.0522374,0.0572537,0.908602,0.850806,0.807796,0.0795555,0.0723406,0.0905876,0.0943316,0.0364124,0.0276072,0.0353081,0.0377208,0.184421,0.124249,0.156771,0.182155,0.0382502,0.0713745,0.0720279,0.0750684,-9999,-9999
200304,12.681,1.0,409.935,272.871,1.0,245.78,0.0,11.22,1.0,84.623,0.976389,0.05,0.998611,3.401,1.0,0.307787146308,0.973611111111,114.404194713,0.976388888889,63.7613902778,1.0,377.039,0.901389,-9999,16.063,-9999,1.0,-9999,12.639,-9999,1.0,2.81444,1.0,9.8351,0.995833,13.6076,0.146427,68.1579,1.0,94.3016,0.744432,-0.0277711,0.977778,0.00538786,-0.0319166,-0.0270604,-0.0231601,0.988889,0.983333,0.966667,0.193222,0.169522,0.196445,0.211761,0.225539,0.201459,0.223858,0.234864,0.157055,0.132182,0.148,0.169739,0.159758,0.159758,0.166176,0.201252,-9999,-9999
200305,19.541,1.0,463.383,298.732,1.0,289.895,0.0,17.801,1.0,84.815,1.0,0.426,1.0,2.72,1.0,0.271463997506,0.891129032258,130.195380376,1.0,70.4623682796,1.0,377.156,0.947581,-9999,22.912,-9999,1.0,-9999,10.573,-9999,1.0,4.10968,1.0,25.6342,0.987903,37.3211,0.303504,60.3385,0.991935,87.8474,0.658995,-0.703418,0.935484,0.0111557,-0.71316,-0.703418,-0.685727,0.981183,0.935484,0.891129,0.496305,0.47043,0.49063,0.499089,1.19289,1.1708,1.18213,1.19289,0.40952,0.37538,0.456763,0.614959,1.18672,1.15674,1.19884,1.28893,-9999,-9999
200306,24.27,1.0,485.489,335.258,1.0,302.878,0.0,24.652,1.0,84.758,1.0,0.303,1.0,2.702,1.0,0.284830978261,0.998611111111,121.3258875,1.0,80.2336111111,1.0,374.087,0.773611,-9999,29.145,-9999,1.0,-9999,7.794,-9999,1.0,3.46593,1.0,22.595,1.0,28.532,0.338764,70.7405,1.0,89.328,0.712069,-0.562846,0.963889,0.0130216,-0.601143,-0.560652,-0.531794,0.981944,0.961111,0.936111,0.674638,0.610419,0.680356,0.734843,1.23921,1.21156,1.24286,1.26361,0.843456,0.692812,0.836621,0.885713,1.40994,1.30634,1.37887,1.42699,-9999,-9999
200307,30.33,1.0,474.256,323.344,1.0,339.675,0.0,35.68,1.0,85.139,0.998656,0.061,1.0,2.389,1.0,0.264466847826,0.965053763441,91.2526141889,0.998655913978,78.7295752688,1.0,373.259,0.686828,-9999,35.563,-9999,1.0,-9999,4.936,-9999,1.0,5.39268,1.0,9.84007,0.998656,10.5327,0.210611,70.3428,1.0,75.2944,0.612358,0.0754422,0.936828,0.00508987,0.0517565,0.0865676,0.108306,0.986559,0.931452,0.896505,0.303776,0.254629,0.303776,0.39881,0.222794,0.195278,0.223037,0.290159,0.523437,0.280108,0.353162,0.525327,0.313749,0.245206,0.29927,0.462504,-9999,-9999
200308,26.535,1.0,431.005,262.262,1.0,345.791,0.0,22.535,1.0,85.322,0.974462,0.806,1.0,2.208,1.0,0.240433613838,0.998655913978,-9999,-9999,62.0932795699,1.0,371.824,0.990591,-9999,31.801,-9999,1.0,-9999,8.266,-9999,1.0,1.51406,0.997312,16.4754,0.987903,17.6351,0.472456,53.1967,0.99328,56.9414,0.556877,0.24823,0.954301,0.00598223,0.252239,0.256053,0.259117,0.950269,0.969086,0.891129,0.312924,0.310153,0.314888,0.320758,0.0637862,0.0515495,0.0576289,0.0685288,0.658901,0.581755,0.704936,0.865018,0.429878,0.307522,0.386327,0.476627,-9999,-9999
200309,20.922,1.0,362.879,249.074,1.0,293.273,0.0,18.714,1.0,85.199,0.994444,0.597,1.0,2.091,1.0,0.220453738043,0.95,-9999,-9999,62.6416708333,1.0,370.1,0.994444,-9999,24.539,-9999,1.0,-9999,10.348,-9999,1.0,0.048326,1.0,13.8376,1.0,17.5813,0.407806,45.8451,1.0,58.2484,0.550483,0.048288,0.923611,0.00733021,0.0411961,0.0507725,0.0585918,0.984722,0.947222,0.894444,0.240691,0.206344,0.224774,0.235677,0.184628,0.158697,0.171291,0.18257,0.24059,0.222889,0.24059,0.269061,0.296499,0.275454,0.293085,0.304302,-9999,-9999
200310,16.511,1.0,281.623,192.253,1.0,274.469,0.0,13.354,1.0,85.244,1.0,0.339,1.0,2.104,1.0,0.21364954418,0.997311827957,48.6128897849,1.0,49.1752715054,1.0,371.796,0.991935,-9999,18.692,-9999,1.0,-9999,9.587,-9999,1.0,-1.25008,1.0,8.12663,0.998656,10.3253,0.117682,31.0222,1.0,39.4152,0.56995,-0.00189876,0.920699,0.00491029,-0.00405553,-0.00015677,0.0104167,0.895161,0.975806,0.986559,0.0701819,0.0624369,0.066996,0.073855,0.0710515,0.0629162,0.0676123,0.076801,0.0582435,0.0441122,0.0577867,0.0717653,0.0653273,0.0482604,0.058921,0.0738187,-9999,-9999
200311,4.834,1.0,209.772,110.492,1.0,249.685,0.0,4.145,1.0,85.188,0.941667,0.217,0.998611,1.905,1.0,-9999,-9999,15.3380607382,0.941666666667,34.3611125,1.0,371.93,0.438889,-9999,7.116,-9999,1.0,-9999,8.183,-9999,1.0,-4.02886,1.0,4.41008,0.488889,5.60322,0.0926312,18.7232,0.490278,23.7887,0.598174,0.00229244,0.468056,0.00492284,-0.0061866,0.00183819,0.0127129,0.477778,0.466667,0.413889,0.0053313,0.00524528,0.0169225,0.0349734,0.0150843,0.0101977,0.0170538,0.0222828,0.0103366,0.00790323,0.00916115,0.0106631,0.0,0.0,0.0,0.0,-9999,-9999
200312,0.675,1.0,174.527,104.584,1.0,231.337,0.0,2.415,1.0,85.198,0.510753,0.729,0.998656,1.667,0.998656,-9999,-9999,8.11850824922,0.510752688172,35.0925122137,0.998655913978,372.197,0.0,-9999,1.769,-9999,1.0,-9999,12.844,-9999,1.0,-2.43244,0.658602,3.85935,0.0,5.09023,-9999,18.6623,0.0,24.6144,-9999,0.00445197,0.0,-9999,-0.0223252,0.00445197,0.0290828,0.0,0.0,0.0,0.00506656,0.00514943,0.0160493,0.032226,0.0102505,0.00314324,0.0102505,0.0275872,0.00171646,0.0016289,0.00392011,0.00599826,0.0,0.0,0.0,0.0,-9999,-9999
200401,-0.119,0.0,191.54,111.815,0.0,222.335,0.0,3.785,0.0,85.155,0.0,0.543,0.0,1.531,0.0,-9999,-9999,-9999,-9999,-9999,-9999,371.81,0.0,-9999,0.747,-9999,0.0,-9999,13.193,-9999,0.0,-4.13308,0.0,7.41101,0.0,9.99852,-9999,5.60058,0.0,7.55599,-9999,-9999,-9999,-9999,-9999,-9999,-9999,-9999,-9999,-9999,-9999,-9999,-9999,-9999,-9999,-9999,-9999,-9999,-9999,-9999,-9999,-9999,-9999,-9999,-9999,-9999,-9999,-9999
200402,1.763,0.0,252.932,148.48,0.0,231.442,0.0,4.15,0.0,84.891,0.0,0.974,0.0,2.024,0.0,-9999,-9999,-9999,-9999,-9999,-9999,371.81,0.0,-9999,0.727,-9999,0.0,-9999,13.156,-9999,0.0,-4.19593,0.0,7.5797,0.0,10.6776,-9999,5.21137,0.0,7.34128,-9999,-9999,-9999,-9999,-9999,-9999,-9999,-9999,-9999,-9999,-9999,-9999,-9999,-9999,-9999,-9999,-9999,-9999,-9999,-9999,-9999,-9999,-9999,-9999,-9999,-9999,-9999,-9999
200403,10.087,0.0,335.161,232.642,0.0,245.126,0.0,8.128,0.0,85.272,0.0,0.102,0.0,1.874,0.0,-9999,-9999,-9999,-9999,-9999,-9999,371.81,0.0,-9999,0.699,-9999,0.0,-9999,13.099,-9999,0.0,-4.16348,0.517473,7.41101,0.0,9.77465,-9999,5.60058,0.0,7.38681,-9999,-9999,-9999,-9999,-9999,-9999,-9999,-9999,-9999,-9999,-9999,-9999,-9999,-9999,-9999,-9999,-9999,-9999,-9999,-9999,-9999,-9999,-9999,-9999,-9999,-9999,-9999,-9999
200404,12.111,0.0,412.135,254.374,0.0,270.381,0.0,8.202,0.0,84.853,0.0,1.394,0.0,2.378,0.0,-9999,-9999,-9999,-9999,-9999,-9999,371.81,0.0,-9999,0.713,-9999,0.0,-9999,13.126,-9999,0.0,-9999,1.0,7.49254,0.0,10.1085,-9999,5.41246,0.0,7.30219,-9999,-9999,-9999,-9999,-9999,-9999,-9999,-9999,-9999,-9999,-9999,-9999,-9999,-9999,-9999,-9999,-9999,-9999,-9999,-9999,-9999,-9999,-9999,-9999,-9999,-9999,-9999,-9999
200405,19.36,0.0,464.625,324.587,0.0,277.606,0.0,18.024,0.0,84.875,0.0,0.104,0.0,2.899,0.0,-9999,-9999,-9999,-9999,-9999,-9999,371.811,0.0,-9999,0.71,-9999,0.0,-9999,13.124,-9999,0.0,-9999,1.0,7.46675,0.0,10.5185,-9999,5.32545,0.0,7.50199,-9999,-9999,-9999,-9999,-9999,-9999,-9999,-9999,-9999,-9999,-9999,-9999,-9999,-9999,-9999,-9999,-9999,-9999,-9999,-9999,-9999,-9999,-9999,-9999,-9999,-9999,-9999,-9999
200406,24.514,0.0,485.647,333.037,0.0,307.067,0.0,24.756,0.0,85.049,0.0,0.318,0.0,2.312,0.0,-9999,-9999,-9999,-9999,-9999,-9999,371.81,0.0,-9999,0.713,-9999,0.0,-9999,13.126,-9999,0.0,-9999,1.0,7.49254,0.0,11.3233,-9999,5.41246,0.0,8.17972,-9999,-9999,-9999,-9999,-9999,-9999,-9999,-9999,-9999,-9999,-9999,-9999,-9999,-9999,-9999,-9999,-9999,-9999,-9999,-9999,-9999,-9999,-9999,-9999,-9999,-9999,-9999,-9999
200407,26.237,0.0,473.343,302.405,0.0,333.971,0.0,23.611,0.0,85.309,0.0,0.416,0.0,1.873,0.0,-9999,-9999,-9999,-9999,-9999,-9999,371.809,0.0,-9999,0.728,-9999,0.0,-9999,13.156,-9999,0.0,-9999,1.0,7.59987,0.0,12.0712,-9999,5.31135,0.0,8.43626,-9999,-9999,-9999,-9999,-9999,-9999,-9999,-9999,-9999,-9999,-9999,-9999,-9999,-9999,-9999,-9999,-9999,-9999,-9999,-9999,-9999,-9999,-9999,-9999,-9999,-9999,-9999,-9999
200408,24.581,0.0,429.128,271.664,0.0,323.71,0.0,21.32,0.0,85.344,0.0,0.449,0.0,1.917,0.0,-9999,-9999,-9999,-9999,-9999,-9999,371.81,0.0,-9999,0.699,-9999,0.0,-9999,13.099,-9999,0.0,-9999,1.0,7.41101,0.0,11.6169,-9999,5.60058,0.0,8.77904,-9999,-9999,-9999,-9999,-9999,-9999,-9999,-9999,-9999,-9999,-9999,-9999,-9999,-9999,-9999,-9999,-9999,-9999,-9999,-9999,-9999,-9999,-9999,-9999,-9999,-9999,-9999,-9999
200409,19.524,0.0,360.328,220.644,0.0,300.691,0.0,15.263,0.0,85.209,0.0,1.529,0.0,2.336,0.0,-9999,-9999,-9999,-9999,-9999,-9999,371.81,0.0,-9999,0.713,-9999,0.0,-9999,13.126,-9999,0.0,-9999,1.0,7.49254,0.0,10.2968,-9999,5.41246,0.0,7.43818,-9999,-9999,-9999,-9999,-9999,-9999,-9999,-9999,-9999,-9999,-9999,-9999,-9999,-9999,-9999,-9999,-9999,-9999,-9999,-9999,-9999,-9999,-9999,-9999,-9999,-9999,-9999,-9999
200410,12.688,0.0,278.97,155.128,0.0,277.596,0.0,7.708,0.0,85.004,0.0,1.089,0.0,2.37,0.0,-9999,-9999,-9999,-9999,-9999,-9999,371.811,0.0,-9999,0.71,-9999,0.0,-9999,13.124,-9999,0.0,-9999,1.0,7.46675,0.0,9.37916,-9999,5.32545,0.0,6.68942,-9999,-9999,-9999,-9999,-9999,-9999,-9999,-9999,-9999,-9999,-9999,-9999,-9999,-9999,-9999,-9999,-9999,-9999,-9999,-9999,-9999,-9999,-9999,-9999,-9999,-9999,-9999,-9999
200411,4.644,0.0,207.902,116.474,0.0,249.629,0.0,3.974,0.0,85.235,0.0,1.034,0.0,1.591,0.0,-9999,-9999,-9999,-9999,-9999,-9999,371.81,0.0,-9999,0.713,-9999,0.0,-9999,13.126,-9999,0.0,-9999,1.0,7.49254,0.0,7.84381,-9999,5.41246,0.0,5.66621,-9999,-9999,-9999,-9999,-9999,-9999,-9999,-9999,-9999,-9999,-9999,-9999,-9999,-9999,-9999,-9999,-9999,-9999,-9999,-9999,-9999,-9999,-9999,-9999,-9999,-9999,-9999,-9999
200412,1.299,0.0,174.214,100.917,0.0,232.426,0.0,3.726,0.0,85.323,0.0,0.619,0.0,1.853,0.0,-9999,-9999,-9999,-9999,-9999,-9999,383.956,0.0,-9999,0.823,-9999,0.0,-9999,13.127,-9999,0.0,-9999,1.0,7.9087,0.0,10.4012,-9999,7.12419,0.0,9.36943,-9999,-9999,-9999,-9999,-9999,-9999,-9999,-9999,-9999,-9999,-9999,-9999,-9999,-9999,-9999,-9999,-9999,-9999,-9999,-9999,-9999,-9999,-9999,-9999,-9999,-9999,-9999,-9999
200501,3.606,0.0,191.54,102.394,0.0,255.33,0.0,3.22,0.0,85.147,0.0,1.622,0.0,2.059,0.0,-9999,-9999,-9999,-9999,-9999,-9999,386.407,0.0,-9999,6.844,-9999,0.0,-9999,12.181,-9999,0.0,-9999,1.0,7.80554,0.0,9.27025,-9999,7.29472,0.0,8.66357,-9999,-9999,-9999,-9999,-9999,-9999,-9999,-9999,-9999,-9999,-9999,-9999,-9999,-9999,-9999,-9999,-9999,-9999,-9999,-9999,-9999,-9999,-9999,-9999,-9999,-9999,-9999,-9999
200502,4.065,0.0,251.598,138.897,0.0,250.445,0.0,3.619,0.0,85.076,0.0,1.265,0.0,1.523,0.0,-9999,-9999,-9999,-9999,-9999,-9999,386.396,0.0,-9999,6.855,-9999,0.0,-9999,12.18,-9999,0.0,-9999,1.0,7.91812,0.0,9.83038,-9999,7.29694,0.0,9.05918,-9999,-9999,-9999,-9999,-9999,-9999,-9999,-9999,-9999,-9999,-9999,-9999,-9999,-9999,-9999,-9999,-9999,-9999,-9999,-9999,-9999,-9999,-9999,-9999,-9999,-9999,-9999,-9999
200503,6.536,0.0,332.396,212.461,0.0,247.603,0.0,5.13,0.0,84.819,0.0,1.002,0.0,2.265,0.0,-9999,-9999,-9999,-9999,-9999,-9999,386.398,0.0,-9999,6.85,-9999,0.0,-9999,12.182,-9999,0.0,-9999,1.0,7.84211,0.0,10.3432,-9999,7.58061,0.0,9.99834,-9999,-9999,-9999,-9999,-9999,-9999,-9999,-9999,-9999,-9999,-9999,-9999,-9999,-9999,-9999,-9999,-9999,-9999,-9999,-9999,-9999,-9999,-9999,-9999,-9999,-9999,-9999,-9999
200504,11.581,0.0,409.935,275.835,0.0,251.857,0.0,8.827,0.0,84.843,0.0,0.514,0.0,2.645,0.0,-9999,-9999,-9999,-9999,-9999,-9999,386.4,0.0,-9999,6.849,-9999,0.0,-9999,12.181,-9999,0.0,-9999,1.0,7.85316,0.0,10.595,-9999,7.39388,0.0,9.97542,-9999,-9999,-9999,-9999,-9999,-9999,-9999,-9999,-9999,-9999,-9999,-9999,-9999,-9999,-9999,-9999,-9999,-9999,-9999,-9999,-9999,-9999,-9999,-9999,-9999,-9999,-9999,-9999
200505,18.312,0.0,463.383,305.774,0.0,284.564,0.0,15.335,0.0,84.861,0.0,0.336,0.0,2.282,0.0,-9999,-9999,-9999,-9999,-9999,-9999,386.407,0.0,-9999,6.844,-9999,0.0,-9999,12.181,-9999,0.0,-9999,1.0,7.80554,0.0,10.9957,-9999,7.29472,0.0,10.2761,-9999,-9999,-9999,-9999,-9999,-9999,-9999,-9999,-9999,-9999,-9999,-9999,-9999,-9999,-9999,-9999,-9999,-9999,-9999,-9999,-9999,-9999,-9999,-9999,-9999,-9999,-9999,-9999
200506,22.678,0.0,485.489,323.574,0.0,304.739,0.0,21.015,0.0,84.888,0.0,0.328,0.0,2.752,0.0,-9999,-9999,-9999,-9999,-9999,-9999,386.4,0.0,-9999,6.849,-9999,0.0,-9999,12.181,-9999,0.0,-9999,1.0,7.85316,0.0,11.8683,-9999,7.39388,0.0,11.1742,-9999,-9999,-9999,-9999,-9999,-9999,-9999,-9999,-9999,-9999,-9999,-9999,-9999,-9999,-9999,-9999,-9999,-9999,-9999,-9999,-9999,-9999,-9999,-9999,-9999,-9999,-9999,-9999
200507,28.715,0.0,474.256,321.616,0.0,333.204,0.0,30.561,0.0,85.287,0.0,0.362,0.0,1.835,0.0,-9999,-9999,-9999,-9999,-9999,-9999,386.396,0.0,-9999,6.854,-9999,0.0,-9999,12.18,-9999,0.0,-9999,1.0,7.91183,0.0,12.5667,-9999,7.30632,0.0,11.605,-9999,-9999,-9999,-9999,-9999,-9999,-9999,-9999,-9999,-9999,-9999,-9999,-9999,-9999,-9999,-9999,-9999,-9999,-9999,-9999,-9999,-9999,-9999,-9999,-9999,-9999,-9999,-9999
200508,24.248,0.0,431.005,260.079,0.0,334.453,0.0,17.539,0.0,85.386,0.0,0.551,0.0,1.674,0.0,-9999,-9999,-9999,-9999,-9999,-9999,386.398,0.0,-9999,6.85,-9999,0.0,-9999,12.182,-9999,0.0,-9999,1.0,7.84211,0.0,12.2927,-9999,7.58061,0.0,11.8828,-9999,-9999,-9999,-9999,-9999,-9999,-9999,-9999,-9999,-9999,-9999,-9999,-9999,-9999,-9999,-9999,-9999,-9999,-9999,-9999,-9999,-9999,-9999,-9999,-9999,-9999,-9999,-9999
200509,20.606,0.0,362.879,227.402,0.0,303.741,0.0,15.303,0.0,85.319,0.0,0.676,0.0,2.287,0.0,-9999,-9999,-9999,-9999,-9999,-9999,386.4,0.0,-9999,6.849,-9999,0.0,-9999,12.181,-9999,0.0,-9999,1.0,7.85316,0.0,10.7924,-9999,7.39388,0.0,10.1612,-9999,-9999,-9999,-9999,-9999,-9999,-9999,-9999,-9999,-9999,-9999,-9999,-9999,-9999,-9999,-9999,-9999,-9999,-9999,-9999,-9999,-9999,-9999,-9999,-9999,-9999,-9999,-9999
200510,13.642,0.0,281.623,170.848,0.0,273.762,0.0,8.23,0.0,85.247,0.0,0.648,0.0,1.936,0.0,-9999,-9999,-9999,-9999,-9999,-9999,386.407,0.0,-9999,6.844,-9999,0.0,-9999,12.181,-9999,0.0,0.540686,0.0645161,7.80554,0.0,9.80472,-9999,7.29472,0.0,9.16307,-9999,-9999,-9999,-9999,-9999,-9999,-9999,-9999,-9999,-9999,-9999,-9999,-9999,-9999,-9999,-9999,-9999,-9999,-9999,-9999,-9999,-9999,-9999,-9999,-9999,-9999,-9999,-9999
200511,6.633,0.0,209.772,124.578,0.0,238.944,0.0,6.378,0.0,85.33,0.0,0.217,0.0,2.026,0.0,-9999,-9999,-9999,-9999,-9999,-9999,386.4,0.0,-9999,6.849,-9999,0.0,-9999,12.181,-9999,0.0,0.543888,0.0,7.85316,0.0,8.22134,-9999,7.39388,0.0,7.74053,-9999,-9999,-9999,-9999,-9999,-9999,-9999,-9999,-9999,-9999,-9999,-9999,-9999,-9999,-9999,-9999,-9999,-9999,-9999,-9999,-9999,-9999,-9999,-9999,-9999,-9999,-9999,-9999
200512,1.567,0.0,174.527,103.648,0.0,224.0,0.0,4.52,0.0,85.245,0.0,0.256,0.0,1.748,0.0,-9999,-9999,-9999,-9999,-9999,-9999,386.404,0.0,-9999,6.856,-9999,0.0,-9999,12.183,-9999,0.0,0.487631,0.0,7.8334,0.0,7.66109,0.202363,7.86649,0.0,7.69344,0.759728,-9999,-9999,-9999,-9999,-9999,-9999,-9999,-9999,-9999,-9999,-9999,-9999,-9999,-9999,-9999,-9999,-9999,-9999,-9999,-9999,-9999,-9999,-9999,-9999,-9999,-9999,-9999
200601,1.332,1.0,191.54,122.698,1.0,225.712,0.0,3.248,1.0,85.385,0.702957,0.232,1.0,1.718,1.0,0.182038749294,0.686827956989,19.7606210891,0.689516129032,32.0228561828,1.0,388.031,0.870968,-9999,3.417,-9999,0.923387,-9999,11.345,-9999,0.931452,-2.32664,0.975806,5.48481,0.86828,6.51403,0.203152,16.9634,0.974462,20.1466,0.390324,0.0127982,0.875,0.00198722,0.0127701,0.0133863,0.0161994,0.869624,0.865591,0.872312,0.0149251,0.0145136,0.0158284,0.02038,0.00160221,0.00182419,0.00298984,0.00366216,0.0230618,0.0187424,0.0198849,0.0230242,0.00392619,1.09854e-05,0.00481664,0.00576697,-9999,-9999
200602,3.327,0.761905,251.598,173.303,0.761905,219.298,0.0,5.183,0.761905,85.277,0.55506,0.071,0.747024,1.905,0.747024,-9999,-9999,51.5703084936,0.55505952381,43.4331369048,0.738095238095,388.929,0.419643,-9999,6.185,-9999,0.827381,-9999,11.638,-9999,0.828869,1.031,0.72619,3.38345,0.443452,4.20057,0.0409778,33.6107,0.561012,41.7279,0.435965,0.00367612,0.424107,0.00219213,0.00197002,0.00331191,0.00419836,0.443452,0.424107,0.434524,0.0136394,0.0140035,0.0146705,0.0178239,0.00945435,0.0110169,0.0143063,0.0155264,0.110773,0.104915,0.106345,0.110773,0.00977996,0.00934884,0.00972775,0.0098246,-9999,-9999
200603,6.79,1.0,332.396,199.508,1.0,245.908,0.0,5.874,0.998656,84.709,0.47043,1.184,1.0,2.51,1.0,-9999,-9999,-9999,-9999,54.5938172043,1.0,389.699,0.0,-9999,12.028,-9999,0.751344,-9999,11.91,-9999,0.751344,-1.32555,0.78629,7.55758,0.0,9.96798,0.156581,43.198,0.0,56.9755,1.24999,-0.152486,0.0,0.00860705,-0.155765,-0.153567,-0.150111,0.0,0.0,0.0,0.0713295,0.0713295,0.0806595,0.0860807,0.229276,0.222609,0.233145,0.240919,0.209054,0.208567,0.212403,0.222754,0.188376,0.177824,0.186629,0.188895,-9999,-9999
200604,14.29,1.0,409.935,283.792,1.0,252.258,0.0,12.285,1.0,84.99,0.995833,0.207,1.0,3.022,1.0,0.277764862653,0.591666666667,109.543602048,0.995833333333,65.2755625,1.0,389.725,0.725,-9999,18.616,-9999,1.0,-9999,11.608,-9999,1.0,2.15232,1.0,13.7831,0.729167,18.179,0.175769,65.114,0.734722,85.8813,0.863607,-0.423781,0.715278,0.00784028,-0.42834,-0.42234,-0.416682,0.716667,0.715278,0.705556,0.217033,0.208039,0.215964,0.233205,0.635387,0.633315,0.638288,0.646921,0.271676,0.272587,0.286389,0.305486,0.618495,0.619977,0.625164,0.641516,-9999,-9999
200605,20.64,1.0,463.383,323.625,1.0,284.185,0.0,19.621,1.0,85.148,1.0,0.003,1.0,2.491,1.0,0.264484689107,0.997311827957,131.860689516,1.0,73.8965094086,1.0,389.437,0.954301,-9999,26.796,-9999,1.0,-9999,7.22,-9999,1.0,5.51809,0.997312,15.7614,0.969086,21.7405,0.145776,74.1923,0.997312,102.337,0.681669,-0.740707,0.962366,0.0110957,-0.743824,-0.739221,-0.733936,0.97043,0.962366,0.943548,0.392517,0.370935,0.387999,0.40455,1.11849,1.11163,1.12625,1.13849,0.423237,0.416966,0.426706,0.468007,1.19769,1.191,1.19756,1.22285,-9999,-9999
200606,26.542,1.0,485.489,340.048,1.0,312.007,0.0,29.073,1.0,85.383,1.0,0.197,0.998611,2.587,1.0,0.265126432022,0.993055555556,141.5925375,1.0,78.4877819444,1.0,389.55,0.997222,-9999,31.873,-9999,1.0,-9999,5.389,-9999,1.0,6.46185,1.0,7.22542,0.998611,11.0392,0.110196,81.2582,0.998611,124.149,0.7145,0.0694497,0.991667,0.00539364,0.0706597,0.0728169,0.0795825,0.991667,0.991667,0.998611,0.161533,0.155847,0.161533,0.167193,0.0826075,0.08206,0.0845367,0.0926264,0.226179,0.176394,0.223282,0.239393,0.172146,0.117323,0.141152,0.181695,-9999,-9999
200607,27.94,0.986559,474.256,291.951,0.986559,351.428,0.0,25.379,0.986559,85.516,1.0,0.572,0.975806,2.226,0.975806,0.230599153476,0.991935483871,136.279016129,1.0,67.0280583333,0.967741935484,389.126,0.991935,-9999,33.285,-9999,1.0,-9999,6.374,-9999,1.0,4.6091,1.0,11.0401,0.987903,17.9582,0.19567,69.9847,0.998656,113.84,0.447539,0.237501,0.979839,0.00438604,0.236255,0.237975,0.238484,0.977151,0.975806,0.982527,0.196641,0.190624,0.193849,0.194609,-0.0446188,-0.0467761,-0.044218,-0.0424159,0.297203,0.283943,0.295539,0.306829,0.0144689,0.0135945,0.0179345,0.0279237,-9999,-9999
200608,23.997,0.00537634,431.005,254.894,0.00537634,334.118,0.0,16.306,0.00537634,85.453,1.0,0.816,0.0,1.723,0.0,0.22424226274,0.990591397849,127.280852151,1.0,-9999,-9999,386.255,0.422043,-9999,30.151,-9999,1.0,-9999,7.211,-9999,1.0,1.95274,1.0,13.6811,0.869624,22.0342,0.174389,63.7606,0.991935,102.69,0.633371,0.199755,0.709677,0.00495087,0.183586,0.196463,0.202386,0.620968,0.694892,0.813172,0.112091,0.10243,0.105756,0.112609,-0.0904338,-0.0952931,-0.0872328,-0.080669,0.135317,0.135336,0.1386,0.155203,0.0,0.0,0.0347617,0.0461571,-9999,-9999
200609,17.515,0.0,362.879,227.169,0.0,287.841,0.0,12.116,0.0,85.361,0.801389,0.893,0.0,1.84,0.0,0.221032204899,0.880555555556,99.0121913194,0.7875,-9999,-9999,383.279,0.584722,-9999,23.822,-9999,1.0,-9999,9.085,-9999,1.0,-0.995548,0.801389,13.7087,0.680556,20.0882,-9999,54.3977,0.731944,79.7123,-9999,0.112832,0.543056,-9999,0.115053,0.11644,0.117861,0.5625,0.448611,0.597222,0.111178,0.0998184,0.104832,0.114902,-0.00493088,-0.0175596,-0.0128903,-0.00165434,0.0978219,0.0646373,0.0976068,0.0982638,0.0,0.0,0.0234284,0.0417451,-9999,-9999
200610,11.596,0.40457,281.623,158.886,0.40457,276.586,0.0,6.227,0.40457,85.247,1.0,1.86,0.400538,1.845,0.400538,0.177512494564,0.883064516129,41.9853776882,1.0,-9999,-9999,387.636,0.700269,-9999,14.97,-9999,0.977151,-9999,14.21,-9999,0.991935,-4.99,1.0,18.6901,0.724462,19.5664,0.199962,28.2128,0.877688,29.5355,0.488574,0.148944,0.591398,0.00488338,0.148295,0.151578,0.163925,0.634409,0.583333,0.522849,0.0966952,0.0928565,0.0964389,0.100363,-0.0515859,-0.0681491,-0.0563276,-0.0538779,0.0596757,0.02177,0.0596757,0.0598868,0.00312907,0.00317555,0.00630111,0.033112,-9999,-9999
200611,6.33,1.0,209.772,124.688,1.0,243.392,0.0,5.132,1.0,85.325,1.0,0.303,1.0,1.861,1.0,0.191724569995,0.848611111111,7.28474399758,0.993055555556,34.5755611111,1.0,389.316,0.952778,-9999,8.861,-9999,1.0,-9999,13.18,-9999,1.0,-5.35449,1.0,5.54813,0.955556,5.80824,0.120042,16.3576,0.993056,17.1245,0.451892,0.0288301,0.95,0.00280426,0.027329,0.0285181,0.0290673,0.9375,0.947222,0.944444,0.0521295,0.048651,0.0504181,0.0508781,0.020112,0.0200434,0.0213254,0.0233732,0.0441903,0.039786,0.0441903,0.0466883,0.0360857,0.0326226,0.0349504,0.0372239,-9999,-9999
200612,-1.19,1.0,174.527,106.963,1.0,223.958,0.0,1.448,1.0,85.455,0.572581,0.313,0.998656,1.323,0.998656,0.136963473497,0.533602150538,-17.6242529445,0.540322580645,46.7075597242,0.998655913978,394.746,0.747312,-9999,1.545,-9999,1.0,-9999,13.363,-9999,1.0,-5.76505,0.392473,5.63614,0.762097,5.51216,0.135085,0.272064,0.895161,0.266079,0.420764,0.0199525,0.72043,0.00326939,0.0158757,0.0166077,0.019198,0.689516,0.72043,0.72043,0.121582,0.106206,0.110484,0.1156,0.0957947,0.0896419,0.0923191,0.0979197,0.046678,0.0497428,0.0511886,0.0818191,0.0714355,0.0702953,0.0720998,0.0785876,-9999,-9999
200701,-2.659,1.0,191.54,127.234,1.0,213.032,0.0,1.633,1.0,85.332,1.0,0.348,1.0,1.523,1.0,0.159866602041,0.975806451613,3.67619566052,0.995967741935,41.1395188172,1.0,396.024,0.977151,-9999,-0.637,-9999,0.998656,-9999,11.345,-9999,1.0,-2.59605,0.401882,6.03224,0.989247,7.16418,0.117733,15.1466,1.0,17.9888,0.440971,0.0189945,0.965054,0.00350166,0.0195188,0.0213356,0.0223711,0.961022,0.961022,0.983871,0.0691323,0.0652774,0.0680214,0.0697304,0.0504427,0.0436888,0.0473826,0.0495461,0.0462105,0.0427643,0.0466669,0.0540866,0.037989,0.0368951,0.0403438,0.0460773,-9999,-9999
200702,4.465,1.0,251.598,154.707,1.0,240.357,0.0,4.213,1.0,85.011,0.998512,0.336,1.0,2.039,1.0,0.198308100414,0.997023809524,47.1127380952,1.0,34.9940520833,1.0,390.418,0.943452,-9999,5.035,-9999,1.0,-9999,13.449,-9999,1.0,2.18745,1.0,7.48936,0.956845,8.89473,0.139374,29.8084,1.0,35.4019,0.623348,0.0112435,0.940476,0.00260512,0.00540049,0.0123925,0.0128513,0.933036,0.938988,0.949405,0.0330813,0.0320916,0.0348876,0.0359505,0.0231741,0.0221881,0.0234495,0.0245336,0.0354019,0.0251971,0.0331485,0.0423124,0.0111044,0.0137121,0.0183571,0.0402821,-9999,-9999
200703,8.938,1.0,332.396,213.573,1.0,246.492,0.0,6.854,1.0,85.254,1.0,0.303,1.0,1.929,1.0,0.189343541621,0.990591397849,75.6409677419,1.0,49.3325282258,1.0,390.01,0.99328,-9999,10.652,-9999,1.0,-9999,13.732,-9999,1.0,2.49333,1.0,17.3614,0.994624,22.4893,0.24204,39.3807,1.0,51.0122,0.647762,-0.0560218,0.987903,0.00496568,-0.0547435,-0.0528186,-0.0449697,0.987903,0.990591,0.979839,0.0951365,0.0948177,0.098774,0.116203,0.151681,0.149332,0.151681,0.161173,0.153827,0.0524372,0.067504,0.0771362,0.153309,0.148969,0.154528,0.168819,-9999,-9999
200704,13.403,1.0,409.935,265.28,1.0,260.334,0.0,9.896,1.0,84.857,0.961111,1.007,1.0,2.514,1.0,0.24430997753,0.931944444444,112.478045361,0.952777777778,54.9958347222,1.0,390.154,0.9875,-9999,16.384,-9999,1.0,-9999,13.23,-9999,1.0,4.95452,0.998611,29.293,0.9875,37.6454,0.333853,52.7516,0.994444,67.7928,0.64097,-0.534713,0.9875,0.00945126,-0.536047,-0.533048,-0.529641,0.988889,0.9875,0.984722,0.237922,0.243215,0.248207,0.256961,0.779212,0.782039,0.783505,0.789485,0.326654,0.2244,0.255472,0.293505,0.800833,0.75949,0.78113,0.792738,-9999,-9999
200705,18.576,0.135753,463.383,300.208,0.135753,287.02,0.0,15.811,0.135753,85.063,1.0,0.386,0.134409,2.349,0.134409,0.260821762506,0.997311827957,120.683635753,1.0,-9999,-9999,390.204,0.896505,-9999,22.319,-9999,1.0,-9999,8.936,-9999,1.0,7.50726,1.0,35.822,0.930108,44.0064,0.303361,56.5548,0.994624,69.4761,0.698695,-0.99847,0.818548,0.0157828,-0.99847,-0.993629,-0.988575,0.818548,0.850806,0.706989,0.344736,0.294986,0.344736,0.39859,1.35455,1.293,1.34166,1.38588,0.554866,0.546185,0.555523,0.577916,1.50139,1.50916,1.52021,1.54326,-9999,-9999
200706,25.661,0.781944,485.489,352.197,0.781944,307.155,0.0,28.456,0.781944,85.113,1.0,0.049,0.772222,2.501,0.772222,0.275672688845,0.993055555556,141.339472222,1.0,81.8023206522,0.754166666667,390.68,0.977778,-9999,30.208,-9999,1.0,-9999,5.543,-9999,1.0,10.6531,1.0,25.8839,1.0,32.5943,0.165128,77.7692,0.998611,97.9308,0.624329,-0.570822,0.961111,0.00857899,-0.577827,-0.576954,-0.571993,0.941667,0.956944,0.966667,0.440618,0.429601,0.442481,0.445411,1.02733,1.00416,1.01243,1.02288,0.591487,0.589162,0.602819,0.66081,1.14773,1.14693,1.15158,1.17885,-9999,-9999
200707,28.799,1.0,474.256,316.543,1.0,347.589,0.0,27.963,1.0,85.363,0.998656,0.658,1.0,2.236,1.0,0.24738375743,0.990591397849,140.775124007,0.998655913978,69.7489274194,1.0,390.592,0.987903,-9999,33.921,-9999,1.0,-9999,5.874,-9999,1.0,7.11657,1.0,21.1736,0.985215,29.6418,0.361803,74.7867,0.997312,104.697,0.537009,0.0322301,0.987903,0.00763241,0.0345421,0.0363968,0.03772,0.981183,0.987903,0.986559,0.291718,0.297449,0.307134,0.308299,0.262683,0.261095,0.263268,0.271075,0.496406,0.412168,0.48096,0.513995,0.485865,0.428354,0.455693,0.480071,-9999,-9999
200708,26.924,0.90457,431.005,260.112,0.90457,343.753,0.0,22.757,0.90457,85.324,1.0,0.687,0.892473,2.06,0.892473,0.224418069191,0.995967741935,122.265337366,1.0,56.9799136905,0.89247311828,388.521,0.994624,-9999,31.382,-9999,1.0,-9999,7.014,-9999,1.0,4.75063,1.0,16.533,0.987903,24.3842,0.304233,63.2771,1.0,93.3263,0.522438,0.136938,0.974462,0.00463372,0.132628,0.134825,0.136938,0.971774,0.987903,0.974462,0.263053,0.245127,0.258575,0.264926,0.129762,0.112445,0.12103,0.124442,0.405249,0.248159,0.28291,0.378622,0.120478,0.0897637,0.115924,0.208274,-9999,-9999
200709,21.519,0.0,362.879,227.994,0.0,306.211,0.0,18.014,0.0,85.26,1.0,0.607,0.0,2.356,0.0,0.22911011096,0.520833333333,86.2894361111,1.0,-9999,-9999,384.684,0.130556,-9999,25.314,-9999,1.0,-9999,10.645,-9999,1.0,-0.427096,1.0,10.7403,0.245833,15.8407,0.216344,40.7516,0.522222,60.1038,1.00439,0.0216124,0.195833,0.00612242,0.0216819,0.0263356,0.029257,0.190278,0.175,0.2,0.329821,0.278425,0.297,0.315685,0.303819,0.25209,0.265519,0.286428,0.572927,0.538249,0.573944,0.594412,0.138361,0.0346856,0.126918,0.15916,-9999,-9999
200710,12.873,0.229839,281.623,175.418,0.229839,265.166,0.0,9.086,0.229839,85.306,0.944892,0.366,0.22043,2.259,0.22043,-9999,-9999,23.9186846618,0.944892473118,-9999,-9999,386.138,0.204301,-9999,15.609,-9999,1.0,-9999,11.66,-9999,1.0,-3.12239,0.997312,7.19257,0.204301,7.03435,0.164089,31.5918,0.204301,30.8968,0.553091,-0.200185,0.188172,0.00708042,-0.201585,-0.200132,-0.197722,0.182796,0.188172,0.189516,0.174845,0.140016,0.147321,0.154123,0.371206,0.335678,0.34506,0.357334,0.288877,0.172678,0.216619,0.316546,0.316278,0.129695,0.288572,0.366175,-9999,-9999
200711,7.174,1.0,209.772,137.166,1.0,239.03,0.0,6.357,1.0,85.402,0.797222,0.343,0.998611,1.465,0.998611,-9999,-9999,27.8642536232,0.766666666667,38.7506698068,0.998611111111,-9999,-9999,-9999,8.813,-9999,1.0,-9999,9.733,-9999,1.0,-4.84188,0.979167,6.49398,0.701389,6.35113,0.179059,27.8835,0.705556,27.2702,0.421307,-0.13821,0.681944,0.0046533,-0.137893,-0.135896,-0.132769,0.688889,0.677778,0.679167,0.0123649,0.011803,0.0123681,0.0143093,0.148981,0.147352,0.149569,0.151773,0.0784332,0.0672129,0.0738113,0.0854749,0.160005,0.160005,0.165573,0.173115,-9999,-9999
200712,-1.631,0.719086,174.527,97.714,0.719086,233.177,0.0,1.845,0.719086,85.187,0.997312,1.44,0.689516,1.67,0.689516,-9999,-9999,7.44180686068,0.997311827957,56.093673289,0.689516129032,-9999,-9999,-9999,1.641,-9999,1.0,-9999,13.306,-9999,1.0,-6.24064,1.0,4.66854,0.0,4.56584,-9999,22.3954,0.0,21.9028,-9999,-0.110451,0.0,-9999,-0.110507,-0.109557,-0.105524,0.0,0.0,0.0,1.00983e-06,6.55552e-07,9.6938e-07,9.80538e-07,0.108238,0.105525,0.109541,0.110452,0.0242389,0.0207298,0.0263345,0.0524932,0.0678216,0.0829693,0.0872476,0.114369,-9999,-9999
