TIMESTAMP,TA_F,TA_F_QC,SW_IN_POT,SW_IN_F,SW_IN_F_QC,LW_IN_F,LW_IN_F_QC,VPD_F,VPD_F_QC,PA_F,PA_F_QC,P_F,P_F_QC,WS_F,WS_F_QC,USTAR,USTAR_QC,NETRAD,NETRAD_QC,SW_DIF,SW_DIF_QC,SW_OUT,SW_OUT_QC,LW_OUT,LW_OUT_QC,CO2_F_MDS,CO2_F_MDS_QC,TS_F_MDS_1,TS_F_MDS_2,TS_F_MDS_3,TS_F_MDS_1_QC,TS_F_MDS_2_QC,TS_F_MDS_3_QC,G_F_MDS,G_F_MDS_QC,LE_F_MDS,LE_F_MDS_QC,LE_CORR,LE_RANDUNC,H_F_MDS,H_F_MDS_QC,H_CORR,H_RANDUNC,NEE_VUT_REF,NEE_VUT_REF_QC,NEE_VUT_REF_RANDUNC,NEE_VUT_25,NEE_VUT_50,NEE_VUT_75,NEE_VUT_25_QC,NEE_VUT_50_QC,NEE_VUT_75_QC,RECO_NT_VUT_REF,RECO_NT_VUT_25,RECO_NT_VUT_50,RECO_NT_VUT_75,GPP_NT_VUT_REF,GPP_NT_VUT_25,GPP_NT_VUT_50,GPP_NT_VUT_75,RECO_DT_VUT_REF,RECO_DT_VUT_25,RECO_DT_VUT_50,RECO_DT_VUT_75,GPP_DT_VUT_REF,GPP_DT_VUT_25,GPP_DT_VUT_50,GPP_DT_VUT_75,RECO_SR,RECO_SR_N
200201,-38.162,0.0,2.60414,1.067,0.0,159.165,0.0,0.067,0.0,102.009,0.0,0.112,0.0,1.928,0.0,-9999,-9999,-9999,-9999,-9999,-9999,-9999,-9999,-9999,-9999,-9999,-9999,-9999,-9999,-9999,-9999,-9999,-9999,-9999,1.0,35.9757,0.0,-9999,-9999,30.9675,0.0,-9999,-9999,-2.12138,0.0,-9999,-2.12705,-2.12109,-2.10036,0.0,0.0,0.0,0.000615221,0.000414656,0.000444064,0.000615221,2.08584,2.05694,2.07932,2.07952,0.000938771,0.000526163,0.000768857,0.00095546,0.0745633,0.0619095,0.0703436,0.0725894,-9999,-9999
200202,-41.535,0.0,41.9261,17.492,0.0,155.86,0.0,0.079,0.0,101.756,0.0,0.151,0.0,1.751,0.0,-9999,-9999,-9999,-9999,-9999,-9999,-9999,-9999,-9999,-9999,-9999,-9999,-9999,-9999,-9999,-9999,-9999,-9999,-9999,1.0,35.8941,0.0,-9999,-9999,31.1739,0.0,-9999,-9999,-2.12814,0.0,-9999,-2.12998,-2.12783,-2.10477,0.0,0.0,0.0,4.18572e-05,2.10757e-05,2.37989e-05,4.18572e-05,2.08317,2.06537,2.0822,2.10879,7.74495e-05,2.94995e-05,5.51947e-05,8.089e-05,0.905623,0.823164,0.85722,0.879724,-9999,-9999
200203,-14.213,0.0,140.584,70.046,0.0,217.515,0.0,0.712,0.0,101.214,0.0,0.134,0.0,3.475,0.0,-9999,-9999,-9999,-9999,-9999,-9999,-9999,-9999,-9999,-9999,-9999,-9999,-9999,-9999,-9999,-9999,-9999,-9999,-9999,1.0,35.8963,0.0,-9999,-9999,30.8265,0.0,-9999,-9999,-2.11808,0.0,-9999,-2.1216,-2.11627,-2.09609,0.0,0.0,0.0,0.346804,0.305349,0.312604,0.342545,2.46308,2.39853,2.42695,2.46308,0.440402,0.354439,0.410379,0.437019,2.48844,2.39451,2.43103,2.47064,-9999,-9999
200204,-9.777,0.0,277.902,170.25,0.0,223.778,0.0,1.06,0.0,101.704,0.0,0.19,0.0,2.945,0.0,-9999,-9999,-9999,-9999,-9999,-9999,-9999,-9999,-9999,-9999,-9999,-9999,-9999,-9999,-9999,-9999,-9999,-9999,-9999,1.0,35.923,0.0,-9999,-9999,30.9832,0.0,-9999,-9999,-2.12235,0.0,-9999,-2.12609,-2.12153,-2.10026,0.0,0.0,0.0,0.587825,0.537579,0.550331,0.578909,2.70935,2.63796,2.66366,2.70499,0.72723,0.620295,0.684014,0.719072,4.31375,4.15825,4.27878,4.42091,-9999,-9999
200205,1.026,0.0,409.97,260.007,0.0,255.341,0.0,2.938,0.0,100.95,0.0,0.123,0.0,3.153,0.0,-9999,-9999,-9999,-9999,-9999,-9999,-9999,-9999,-9999,-9999,-9999,-9999,-9999,-9999,-9999,-9999,-9999,-9999,-9999,1.0,35.9757,0.0,-9999,-9999,30.9675,0.0,-9999,-9999,-2.12138,0.0,-9999,-2.12705,-2.12109,-2.10036,0.0,0.0,0.0,1.32643,1.2801,1.29052,1.31324,3.44752,3.38519,3.40342,3.42828,1.58485,1.45885,1.50935,1.5501,5.79519,5.58906,5.74157,6.00319,-9999,-9999
200206,11.23,0.0,485.531,270.718,0.0,301.502,0.0,6.062,0.0,100.892,0.0,0.197,0.0,2.963,0.0,-9999,-9999,-9999,-9999,-9999,-9999,-9999,-9999,-9999,-9999,-9999,-9999,-9999,-9999,-9999,-9999,-9999,-9999,-9999,1.0,35.923,0.0,-9999,0.47278,30.9832,0.0,-9999,0.637144,-2.12235,0.0,0.0281314,-2.12609,-2.12153,-2.10026,0.0,0.0,0.0,2.3532,2.30121,2.35339,2.36222,4.47473,4.4273,4.4576,4.48503,2.7336,2.59623,2.62976,2.69932,6.36964,6.14099,6.3158,6.54535,-9999,-9999
200207,12.686,0.914651,450.709,197.221,0.914651,335.036,0.914651,5.514,0.913978,100.643,0.913978,0.774,0.913978,2.99,0.0,0.24822172619,0.903225806452,118.852078109,0.902553763441,-9999,-9999,34.8289136905,0.903225806452,384.013258929,0.903225806452,357.424,0.914651,11.525,8.246,1.536,0.914651,0.914651,0.914651,-9999,1.0,46.6385,0.914651,-9999,0.348207,32.7231,0.914651,-9999,0.386269,-2.0787,0.91129,0.0183468,-2.08108,-2.07876,-2.06061,0.909274,0.911962,0.906586,2.39183,2.30894,2.35268,2.39183,4.46129,4.39151,4.43144,4.46903,2.6603,2.50489,2.6603,2.77058,5.07202,4.81094,5.00847,5.19268,-9999,-9999
200208,11.984,1.0,332.869,158.965,1.0,327.871,1.0,5.319,1.0,101.291,1.0,0.49,1.0,3.488,0.0,0.277147974308,0.708333333333,83.4165132345,0.994623655914,-9999,-9999,28.1908333333,1.0,373.820672043,1.0,355.393,0.977823,10.777,8.204,2.5,1.0,1.0,1.0,-9999,1.0,39.0061,0.980511,-9999,0.330277,13.9849,0.979839,-9999,0.431226,-0.971366,0.879032,0.015259,-0.984467,-0.966407,-0.93296,0.959005,0.897849,0.862231,2.36207,2.16285,2.27991,2.36207,3.30659,3.14115,3.23831,3.31831,2.24835,2.12418,2.21385,2.25335,3.27514,3.1052,3.17018,3.27514,-9999,-9999
200209,3.27,1.0,194.915,69.66,1.0,302.434,1.0,1.412,1.0,100.637,1.0,0.457,1.0,3.007,0.0,0.219233010411,0.894444444444,29.1455955969,0.998611111111,-9999,-9999,12.6445972222,1.0,328.115965278,1.0,357.987,1.0,3.005,2.599,0.886,1.0,1.0,1.0,-9999,1.0,9.77258,1.0,-9999,0.211378,4.8396,0.998611,-9999,0.360065,0.795899,0.9875,0.00606334,0.78559,0.792596,0.795332,0.993056,0.970833,0.977778,1.10995,1.0761,1.09178,1.10388,0.313626,0.28693,0.29831,0.307978,0.964175,0.934249,0.95653,0.964175,0.213675,0.203826,0.213675,0.216771,-9999,-9999
200210,-8.768,1.0,76.9993,30.716,1.0,252.758,0.991263,0.522,1.0,102.295,1.0,0.0,1.0,2.74,0.0,-9999,-9999,-11.6237701613,1.0,-9999,-9999,20.7820295699,1.0,272.444267473,1.0,360.713,0.848118,-4.297,-1.718,0.003,1.0,1.0,1.0,-4.48004,0.0638441,2.3085,0.96707,-9999,0.126987,-3.59807,0.929435,-9999,0.245864,0.356734,0.707661,0.00265953,0.341815,0.352744,0.366388,0.727823,0.586022,0.684812,0.309389,0.294412,0.30069,0.304643,-0.0577145,-0.0572935,-0.0470719,-0.0431638,0.311317,0.254988,0.305781,0.349747,0.0223059,0.022353,0.0239117,0.0407182,-9999,-9999
200211,-22.786,1.0,11.1027,6.369,1.0,196.333,0.999306,0.306,1.0,102.097,1.0,0.0,1.0,2.269,0.0,-9999,-9999,-21.0120486111,1.0,-9999,-9999,4.51833333333,1.0,218.879402778,1.0,362.692,0.0,-14.805,-9.297,-1.87,1.0,1.0,1.0,-4.36757,0.0,0.730811,0.788194,-9999,0.0585018,-6.44894,0.836111,-9999,0.261802,0.28254,0.659722,0.00277859,0.186074,0.28254,0.293373,0.588194,0.659722,0.665278,0.0945926,0.085381,0.0874136,0.0891943,-0.193395,-0.196591,-0.173758,-0.0997095,0.127191,0.0440819,0.115539,0.127191,0.000770516,0.000833477,0.00106423,0.00211734,-9999,-9999
200212,-32.111,1.0,0.0,0.04,1.0,188.616,1.0,0.149,1.0,101.653,1.0,0.0,1.0,2.136,0.0,-9999,-9999,-0.776370967742,1.0,-9999,-9999,0.144737903226,1.0,189.286639785,1.0,360.882,0.0,-14.592,-12.909,-9.982,1.0,1.0,1.0,-5.02882,0.141129,0.258192,0.0,-9999,0.0576747,-5.05634,0.0,-9999,0.463901,0.26227,0.0,0.0131113,0.194889,0.261827,0.26986,0.0,0.0,0.0,0.0295808,0.0281195,0.0283434,0.0295808,-0.233599,-0.234761,-0.228176,-0.167755,0.0631473,0.00347119,0.0560153,0.0631473,0.0,0.0,0.0,0.0,-9999,-9999
200301,-30.545,1.0,2.60414,1.078,1.0,192.871,1.0,0.156,1.0,101.741,1.0,0.0,1.0,2.23,0.0,-9999,-9999,-9999,-9999,-9999,-9999,-9999,-9999,194.313017473,1.0,359.479,0.0,-16.106,-14.846,-13.278,1.0,1.0,1.0,-5.17447,1.0,0.304427,0.0,-9999,-9999,-3.68664,0.0,-9999,-9999,0.260117,0.0,-9999,0.179021,0.259763,0.270932,0.0,0.0,0.0,0.0220236,0.0134091,0.0166586,0.0220236,-0.239206,-0.246978,-0.232017,-0.166396,0.0447744,0.0101126,0.0218458,0.0549854,0.015047,0.0124773,0.0149575,0.0410584,-9999,-9999
200302,-34.512,1.0,41.9261,24.146,1.0,171.543,1.0,0.16,1.0,102.462,1.0,0.0,1.0,2.0,0.0,-9999,-9999,-9999,-9999,-9999,-9999,-9999,-9999,181.714769345,1.0,373.613,0.0,-17.236,-16.029,-14.353,1.0,1.0,1.0,-6.14578,1.0,10.3056,0.0,-9999,-9999,33.9798,0.0,-9999,-9999,0.261769,0.0,-9999,0.256032,0.261215,0.274063,0.0,0.0,0.0,0.0272101,0.019945,0.0224315,0.0320325,-0.22877,-0.242282,-0.238777,-0.22877,0.0539637,0.0282355,0.0393968,0.0608532,0.137134,0.124972,0.135393,0.642303,-9999,-9999
200303,-22.013,1.0,140.584,90.022,1.0,186.196,1.0,0.41,1.0,101.937,1.0,0.329,1.0,1.966,0.0,-9999,-9999,-9999,-9999,-9999,-9999,-9999,-9999,211.399590054,1.0,375.885,0.0,-16.868,-15.84,-14.868,1.0,1.0,1.0,-2.89425,1.0,7.61192,0.0,-9999,-9999,10.7525,0.0,-9999,-9999,0.388763,0.0,-9999,0.391594,0.399552,0.486259,0.0,0.0,0.0,0.104322,0.075797,0.0856989,0.119606,-0.294103,-0.322885,-0.31586,-0.299331,0.207077,0.10485,0.148447,0.234075,0.297559,0.280821,0.293021,1.79873,-9999,-9999
200304,-16.59,1.0,277.902,191.343,1.0,186.668,0.999306,0.68,1.0,100.909,1.0,0.02,1.0,2.283,0.0,-9999,-9999,-9999,-9999,-9999,-9999,-9999,-9999,228.466172121,0.997222222222,375.243,0.0,-14.061,-13.773,-13.391,1.0,1.0,1.0,-1.26823,1.0,14.9319,0.0,-9999,-9999,46.3781,0.0,-9999,-9999,0.34641,0.0,-9999,0.350734,0.359133,0.432791,0.0,0.0,0.0,0.182362,0.139793,0.153156,0.241073,-0.174345,-0.210941,-0.20636,-0.174345,0.359632,0.220978,0.284638,0.397264,0.44864,0.429735,0.441327,3.0875,-9999,-9999
200305,2.168,1.0,409.97,223.806,1.0,261.168,1.0,2.939,1.0,100.909,1.0,0.081,1.0,3.851,0.0,-9999,-9999,-9999,-9999,-9999,-9999,-9999,-9999,321.257177419,1.0,374.862,0.693548,1.218,-0.351,-2.822,1.0,1.0,1.0,2.26603,1.0,17.9078,0.693548,-9999,0.185544,51.6543,0.693548,-9999,0.649616,0.40383,0.659946,0.00442634,0.40383,0.406621,0.438277,0.659946,0.668683,0.604167,0.602411,0.528346,0.541147,1.0756,0.184356,0.124179,0.136433,0.608356,1.13993,1.0894,1.14113,1.17112,0.54117,0.515306,0.532591,3.60135,-9999,-9999
200306,9.966,1.0,485.532,233.268,1.0,312.809,1.0,5.084,1.0,100.51,1.0,0.403,1.0,3.061,0.0,0.255003626543,0.753472222222,-9999,-9999,-9999,-9999,-9999,-9999,367.648666667,1.0,366.591,0.996528,3.085,8.419,2.174,1.0,1.0,1.0,2.18742,1.0,36.6054,0.995833,-9999,0.321238,48.8208,0.995833,-9999,0.560813,0.176858,0.986806,0.0103628,0.171544,0.176689,0.180311,0.993056,0.983333,0.969444,1.09579,1.0782,1.08618,1.43328,0.917512,0.90548,0.912273,1.2439,1.51351,1.4875,1.49758,1.6308,0.585652,0.564697,0.604305,3.79142,-9999,-9999
200307,14.935,1.0,450.71,234.392,1.0,332.989,1.0,7.653,1.0,100.962,1.0,0.439,1.0,3.44,0.0,0.29270456503,0.867607526882,-9999,-9999,-9999,-9999,-9999,-9999,393.025866935,1.0,364.752,0.998656,3.361,12.417,6.549,1.0,1.0,1.0,2.52847,1.0,49.859,0.997312,-9999,0.366859,32.294,0.998656,-9999,0.44813,-1.88108,0.966398,0.022055,-1.88108,-1.86395,-1.85191,0.966398,0.911962,0.975806,2.00312,1.90927,1.97749,2.00312,3.8629,3.74275,3.85867,3.86356,1.74444,1.69179,1.7775,2.29708,0.56398,0.544963,0.581873,4.21826,-9999,-9999
200308,10.694,1.0,332.869,168.412,1.0,310.868,1.0,4.793,1.0,101.198,1.0,0.168,1.0,3.255,0.0,0.224973958333,0.774193548387,-9999,-9999,-9999,-9999,-9999,-9999,368.261848118,1.0,365.633,1.0,1.824,9.129,5.428,1.0,1.0,1.0,1.7437,1.0,25.9943,1.0,-9999,0.303535,20.6524,1.0,-9999,0.454298,-0.548041,0.924731,0.0191879,-0.589362,-0.548586,-0.541485,0.90457,0.940188,0.979839,2.13497,2.08556,2.14297,2.16971,2.7093,2.62643,2.71051,2.73561,1.54475,1.51155,1.54475,1.68451,0.450511,0.435513,0.46477,2.51101,-9999,-9999
200309,6.081,1.0,194.915,67.852,1.0,306.475,1.0,2.285,1.0,101.195,1.0,0.347,1.0,2.612,0.0,0.185692108063,0.917361111111,-9999,-9999,-9999,-9999,-9999,-9999,341.047284722,1.0,377.656,0.999306,0.219,5.337,3.143,1.0,1.0,1.0,0.78691,1.0,8.68598,1.0,-9999,0.165402,4.28618,1.0,-9999,0.371893,1.00396,0.9875,0.0067305,0.970643,1.00396,1.02407,0.997917,0.9875,0.969444,1.0813,1.0883,1.10319,1.11594,0.0690111,0.0963599,0.108891,0.127058,1.30437,1.28971,1.34378,1.36939,0.284815,0.165711,0.244638,0.277766,-9999,-9999
200310,-6.86,1.0,76.9993,35.632,1.0,246.999,1.0,0.705,1.0,101.364,1.0,0.003,1.0,2.884,0.0,0.203864176926,0.858198924731,-9999,-9999,-9999,-9999,-9999,-9999,279.222634409,1.0,358.457,1.0,-1.974,-4.743,-0.878,1.0,1.0,1.0,-1.18246,1.0,2.67171,1.0,-9999,0.0788873,-7.07644,1.0,-9999,0.313713,0.470322,0.982527,0.00482068,0.462418,0.470322,0.474636,0.987903,0.982527,0.981183,0.468254,0.457061,0.462582,0.466572,-0.00638133,-0.0148204,-0.00638133,0.000154198,0.407072,0.408363,0.4153,0.417437,0.00422157,0.00162823,0.0041331,0.00467253,-9999,-9999
200311,-22.911,1.0,11.1027,4.91,1.0,202.563,1.0,0.299,1.0,101.69,1.0,0.0,1.0,2.541,0.0,-9999,-9999,-9999,-9999,-9999,-9999,-9999,-9999,218.835965278,1.0,365.31,0.897222,-10.153,-7.184,-1.094,1.0,1.0,1.0,-3.277,1.0,0.231972,0.925694,-9999,0.0184419,-3.44547,0.907639,-9999,0.194972,0.179453,0.804167,0.00386998,0.177591,0.179453,0.185527,0.788194,0.804167,0.834722,0.0917613,0.0832004,0.0915084,0.0921457,-0.0866206,-0.0991617,-0.0938146,-0.0897973,0.137579,0.11981,0.137579,0.154599,0.00420883,0.0,0.000448321,0.00419816,-9999,-9999
200312,-32.893,1.0,0.0,0.08,1.0,180.692,1.0,0.138,1.0,100.898,0.999328,0.0,0.999328,2.098,0.0,-9999,-9999,-9999,-9999,-9999,-9999,-9999,-9999,186.461893445,0.999327956989,365.771,0.540323,-13.842,-11.377,-7.321,1.0,1.0,1.0,-4.74144,1.0,0.210926,0.465726,-9999,0.012591,-3.07194,0.466398,-9999,0.217786,0.0926544,0.0356183,0.0176201,0.0779482,0.0902349,0.0926544,0.0356183,0.0383065,0.0356183,0.0735596,0.0735596,0.0754875,0.0759398,-0.0113664,-0.0166795,-0.016135,-0.00968687,0.037831,0.0228516,0.0280698,0.045262,6.94927e-05,0.0,4.02118e-06,7.54038e-05,-9999,-9999
200401,-31.647,1.0,2.60414,1.546,1.0,180.738,1.0,0.187,1.0,102.575,1.0,0.0,1.0,2.043,0.106855,-9999,-9999,-8.22756048387,1.0,-9999,-9999,1.53362231183,1.0,188.978676075,1.0,363.32,0.0,-16.045,-14.152,-11.84,1.0,1.0,1.0,-4.77315,0.21707,0.880265,0.478495,-9999,-9999,-9.40988,0.478495,-9999,0.198944,0.0221382,0.465054,-9999,0.0197857,0.0221295,0.0237176,0.438172,0.465054,0.465054,0.00195175,0.0,0.0,0.00164437,-0.0205321,-0.0237173,-0.0221293,-0.018294,0.0115438,0.00859578,0.0113764,0.0119836,0.00935753,0.0,0.0,7.76864e-05,-9999,-9999
200402,-37.296,1.0,43.3047,14.195,1.0,169.264,0.997126,0.124,1.0,102.264,1.0,0.0,1.0,1.908,0.0,-9999,-9999,-6.96096264368,1.0,-9999,-9999,20.2393031609,1.0,169.769712644,1.0,364.274,0.0,-17.069,-15.683,-13.644,1.0,1.0,1.0,-5.33184,0.0,0.734291,0.0,-9999,-9999,-9.60958,0.0,-9999,-9999,-0.00458177,0.0,-9999,-0.00351289,0.00913654,0.0158551,0.0,0.0,0.0,0.000355805,0.0,0.0,0.000270557,-0.0172067,-0.017292,-0.00887917,0.00348614,0.00387984,0.00273959,0.00382359,0.00402767,0.0230776,0.0,0.0,0.00071261,-9999,-9999
200403,-23.839,1.0,144.711,92.446,1.0,179.49,1.0,0.401,1.0,101.873,1.0,0.003,1.0,2.225,0.0,-9999,-9999,-5.21685752688,0.997983870968,-9999,-9999,68.9847043011,1.0,207.515194892,1.0,371.149,0.0,-14.934,-14.519,-13.686,1.0,1.0,1.0,-3.88724,0.0322581,-0.0378056,0.0,-9999,0.0922852,-3.87079,0.0,-9999,0.283597,-0.0268251,0.0,-9999,-0.0307174,0.00970276,0.0178683,0.0,0.0,0.0,0.00625323,4.11463e-08,4.88177e-08,0.00546597,-0.00255724,-0.0143526,-0.00422715,0.0268252,0.0241884,0.0198898,0.0241884,0.0253401,0.0366974,0.0,0.0,0.0046306,-9999,-9999
200404,-15.623,1.0,282.565,191.391,1.0,197.957,1.0,0.71,1.0,101.231,1.0,0.01,1.0,2.496,0.570139,0.103425513495,0.525694444444,2.24443315412,0.997222222222,-9999,-9999,148.462353856,0.995138888889,237.391973634,0.995138888889,373.305,0.888194,-12.942,-12.576,-12.093,1.0,1.0,1.0,-9999,1.0,0.394262,0.892361,-9999,0.0305002,-2.89397,0.893056,-9999,0.177667,0.0177759,0.51875,0.0021969,0.0153895,0.0315262,0.0423676,0.533333,0.774306,0.314583,0.0136203,0.00365021,0.010175,0.0120446,-0.0245001,-0.0374785,-0.0245001,-0.0124933,0.0413185,0.0337886,0.0409735,0.0432761,0.046669,1.879e-05,2.46964e-05,0.0082983,-9999,-9999
200405,0.618,1.0,413.697,251.788,1.0,265.286,1.0,2.325,1.0,101.036,1.0,0.068,1.0,3.277,0.905914,0.165031220201,0.881048387097,61.8432258065,1.0,-9999,-9999,135.924083202,0.985887096774,313.138280474,0.985887096774,375.505,1.0,-2.471,-4.237,-6.428,1.0,1.0,1.0,-9999,1.0,6.02605,1.0,-9999,0.126764,15.3394,0.999328,-9999,0.662273,0.152165,0.946237,0.00296838,0.147256,0.152165,0.159359,0.955645,0.946237,0.910618,0.210837,0.191764,0.201773,0.22176,0.0505953,0.0419398,0.0496078,0.0643967,0.217607,0.211652,0.218501,0.526013,0.972022,0.103179,0.108786,0.972022,-9999,-9999
200406,12.747,1.0,486.257,238.502,1.0,323.445,1.0,6.686,1.0,100.706,1.0,0.537,1.0,3.491,0.684722,0.283112612283,0.636805555556,150.854518765,0.999305555556,-9999,-9999,32.9041875,1.0,377.890423611,1.0,372.717,0.959028,11.139,8.884,-0.839,1.0,1.0,1.0,-9999,1.0,40.7504,0.951389,-9999,0.397494,37.9315,0.950694,-9999,0.559022,-0.0917348,0.949306,0.0139071,-0.113364,-0.0933501,-0.0874004,0.951389,0.95,0.947222,1.00144,0.937942,1.00144,1.07265,1.0934,1.04874,1.11268,1.15411,1.80806,1.65557,1.74532,1.93299,3.04052,2.48443,2.55355,3.04052,-9999,-9999
200407,12.053,1.0,447.827,199.975,1.0,333.955,1.0,4.919,1.0,100.804,1.0,0.697,1.0,3.331,0.736559,0.272223867014,0.700268817204,122.152358871,1.0,-9999,-9999,33.4816465054,1.0,378.335793011,1.0,369.406,0.97043,11.449,9.274,0.853,1.0,1.0,1.0,-9999,1.0,40.5765,0.989247,-9999,0.324911,34.7586,0.984543,-9999,0.356374,-1.5551,0.942876,0.0158212,-1.55748,-1.55297,-1.5495,0.939516,0.919355,0.923387,1.88677,1.80074,1.88677,1.96763,3.43636,3.33855,3.43636,3.51639,2.24287,2.25864,2.31655,2.36055,3.93913,3.85226,3.88955,3.94428,-9999,-9999
200408,11.224,1.0,328.442,144.169,1.0,311.95,1.0,3.967,1.0,100.865,1.0,0.197,1.0,3.116,0.549731,-9999,-9999,63.0197177419,1.0,-9999,-9999,25.0522311828,1.0,367.339482527,1.0,366.21,0.910618,10.6,8.826,2.148,1.0,1.0,1.0,-9999,1.0,28.2317,0.90793,-9999,0.233564,13.6768,0.909946,-9999,0.292848,-0.397189,0.879032,0.0124367,-0.413913,-0.396492,-0.393374,0.890457,0.879032,0.872312,2.1286,1.94285,2.11053,2.18575,2.52242,2.36357,2.50772,2.57589,2.11405,1.863,2.05008,2.12159,2.65322,2.44496,2.64185,2.67128,-9999,-9999
200409,4.4,0.921528,190.52,79.475,0.922917,292.007,0.461111,2.319,0.921528,101.125,0.914583,0.078,0.914583,3.024,0.688194,0.187689367368,0.688194444444,-9999,-9999,-9999,-9999,13.2841512346,0.9,-9999,-9999,376.087,0.908333,3.929,3.125,1.336,0.921528,0.921528,0.861806,-9999,1.0,10.8992,0.908333,-9999,0.159913,7.53919,0.907639,-9999,0.302194,0.987662,0.917361,0.00580643,0.977553,0.982181,0.986197,0.904167,0.9125,0.916667,1.13368,1.1289,1.13659,1.1489,0.151502,0.148432,0.154544,0.164827,0.963585,0.663677,0.963585,1.01856,0.249825,0.15876,0.180267,0.249523,-9999,-9999
200410,-12.591,0.0,73.8823,15.147,0.0,247.957,0.0,0.297,0.0,101.065,0.0,0.802,0.0,3.446,0.0,-9999,-9999,-9999,-9999,-9999,-9999,-9999,-9999,-9999,-9999,371.406,0.0,-2.705,-2.725,-9999,0.0,0.0,-9999,-9999,1.0,10.8103,0.0,-9999,0.381119,-8.37413,0.0,-9999,0.626954,1.05808,0.0,0.00956749,1.03679,1.05808,1.08429,0.0,0.0,0.0,0.38871,0.371045,0.388971,0.43246,-0.648851,-0.669155,-0.660955,-0.645113,0.233187,0.211545,0.23023,0.233064,0.0380652,0.0,0.0,0.0378798,-9999,-9999
200411,-26.846,0.0,10.0403,2.499,0.0,204.805,0.0,0.106,0.0,100.927,0.0,0.46,0.0,2.558,0.0,-9999,-9999,-9999,-9999,-9999,-9999,-9999,-9999,-9999,-9999,371.405,0.0,-2.708,-2.725,-9999,0.0,0.0,-9999,-9999,1.0,10.8105,0.0,-9999,-9999,-8.33596,0.0,-9999,-9999,1.05832,0.0,-9999,1.03677,1.05832,1.08448,0.0,0.0,0.0,0.0509465,0.04323,0.0510499,0.0716301,-0.986629,-1.0094,-1.00084,-0.993192,0.00862215,0.00851281,0.00861761,0.0269526,0.00628886,0.0,0.0,0.00625789,-9999,-9999
200412,-39.048,0.0,0.0,0.0,0.0,160.017,0.0,0.061,0.0,102.382,0.0,0.106,0.0,2.034,0.0,-9999,-9999,-9999,-9999,-9999,-9999,-9999,-9999,-9999,-9999,371.402,0.0,-2.706,-2.724,-9999,0.0,0.0,-9999,-9999,1.0,10.8109,0.0,-9999,-9999,-8.25961,0.0,-9999,-9999,1.05879,0.0,-9999,1.03674,1.05879,1.08488,0.0,0.0,0.0,0.00375697,0.00292528,0.00376833,0.00628088,-1.03427,-1.08078,-1.05893,-1.03469,0.000250333,0.000247156,0.000250205,0.00196106,0.0,0.0,0.0,0.0,-9999,-9999
200501,-40.238,0.0,2.60414,1.03,0.0,161.705,0.0,0.068,0.0,102.359,0.0,0.138,0.0,1.812,0.0,-9999,-9999,-9999,-9999,-9999,-9999,-9999,-9999,-9999,-9999,371.406,0.0,-2.712,-2.727,-9999,0.0,0.0,-9999,-9999,1.0,10.8103,0.0,-9999,-9999,-8.37413,0.0,-9999,-9999,1.05808,0.0,-9999,1.0368,1.05808,1.08429,0.0,0.0,0.0,0.0,0.0,0.0,0.0,-1.04579,-1.09022,-1.06546,-1.04579,2.85932e-08,2.85932e-08,2.85932e-08,0.00913348,0.00694922,0.00678363,0.00701084,0.0415098,-9999,-9999
200502,-38.294,0.0,41.9261,21.231,0.0,155.553,0.0,0.058,0.0,102.9,0.0,0.049,0.0,1.606,0.0,-9999,-9999,-9999,-9999,-9999,-9999,-9999,-9999,-9999,-9999,368.11,0.0,-1.877,-1.97,-9999,0.0,0.0,-9999,-9999,1.0,20.3222,0.0,-9999,-9999,5.05853,0.0,-9999,-9999,0.677763,0.0,-9999,0.658937,0.669702,0.674908,0.0,0.0,0.0,9.2654e-07,1.14737e-06,1.92797e-06,2.25458e-06,-0.660319,-0.676448,-0.671029,-0.663643,7.14594e-06,7.09807e-06,7.14594e-06,0.0263463,0.117121,0.114469,0.118097,0.612552,-9999,-9999
200503,-23.359,0.0,140.584,80.91,0.0,184.564,0.0,0.344,0.0,101.737,0.0,0.034,0.0,2.394,0.0,-9999,-9999,-9999,-9999,-9999,-9999,-9999,-9999,-9999,-9999,360.443,0.0,0.63,0.297,-9999,0.0,0.0,-9999,-9999,1.0,42.0574,0.0,-9999,-9999,35.2102,0.0,-9999,-9999,-0.187644,0.0,-9999,-0.245019,-0.19218,-0.172056,0.0,0.0,0.0,0.0245139,0.0245139,0.0271695,0.0291733,0.19657,0.192815,0.228454,0.27156,0.0481408,0.0474369,0.0481408,0.460231,0.356547,0.353257,0.357629,1.65212,-9999,-9999
200504,-12.869,0.0,277.902,193.996,0.0,202.781,0.0,0.894,0.0,101.894,0.0,0.009,0.0,2.237,0.0,-9999,-9999,-9999,-9999,-9999,-9999,-9999,-9999,-9999,-9999,360.437,0.0,0.629,0.297,-9999,0.0,0.0,-9999,-9999,1.0,42.1429,0.0,-9999,-9999,34.9527,0.0,-9999,-9999,-0.183756,0.0,-9999,-0.241693,-0.188318,-0.167581,0.0,0.0,0.0,0.0738799,0.0738799,0.0806226,0.0861638,0.24146,0.243666,0.290505,0.321287,0.140231,0.138181,0.140231,0.870878,0.676068,0.67401,0.685052,2.86178,-9999,-9999
200505,0.332,0.0,409.97,256.53,0.0,252.423,0.0,3.18,0.0,101.549,0.0,0.166,0.0,3.227,0.0,-9999,-9999,-9999,-9999,-9999,-9999,-9999,-9999,-9999,-9999,360.426,0.0,0.631,0.298,-9999,0.0,0.0,-9999,-9999,1.0,42.1805,0.0,-9999,-9999,34.9609,0.0,-9999,-9999,-0.184332,0.0,-9999,-0.241136,-0.188946,-0.167728,0.0,0.0,0.0,0.373981,0.367036,0.377201,0.403643,0.541708,0.5543,0.580998,0.613245,0.59659,0.592438,0.59659,1.34925,0.845239,0.843397,0.85781,3.53891,-9999,-9999
200506,13.644,0.0,485.53,274.678,0.0,314.511,0.0,7.83,0.0,100.596,0.0,0.267,0.0,4.002,0.0,-9999,-9999,-9999,-9999,-9999,-9999,-9999,-9999,-9999,-9999,360.437,0.0,0.629,0.297,-9999,0.0,0.0,-9999,-9999,1.0,42.1429,0.0,-9999,-9999,34.9527,0.0,-9999,-9999,-0.183756,0.0,-9999,-0.241693,-0.188318,-0.167581,0.0,0.0,0.0,1.18048,1.10754,1.11549,1.18806,1.34806,1.29924,1.34078,1.35708,1.63068,1.61933,1.63068,1.72978,0.930919,0.927939,0.944529,3.94458,-9999,-9999
200507,15.454,0.268817,450.709,227.886,0.270161,330.205,0.268817,8.708,0.268817,100.747,0.263441,0.54,0.394489,3.152,0.138441,-9999,-9999,-9999,-9999,-9999,-9999,-9999,-9999,-9999,-9999,359.952,0.250672,1.032,0.499,-9999,0.399194,0.398522,-9999,-9999,1.0,39.6767,0.249328,-9999,0.205383,30.4279,0.266129,-9999,0.292909,-0.24419,0.244624,0.0116657,-0.276042,-0.260088,-0.241435,0.245968,0.24664,0.24328,1.49395,1.41553,1.41598,1.4884,1.73539,1.65758,1.69157,1.73282,1.87668,1.77355,1.84924,1.87668,0.812013,0.810245,0.819774,3.50179,-9999,-9999
200508,11.11,0.78629,332.869,131.524,0.790995,327.673,0.78629,3.086,0.78629,100.539,0.764785,2.426,0.761425,2.726,0.155914,-9999,-9999,69.4136060688,0.719758064516,170.042405426,0.737231182796,24.4044789436,0.737231182796,370.617790969,0.737231182796,354.654,0.653226,0.405,0.523,-9999,0.78629,0.78629,-9999,-9999,1.0,30.4468,0.663306,-9999,0.204822,13.2747,0.68078,-9999,0.306525,-0.348181,0.585349,0.0110525,-0.360027,-0.351507,-0.342495,0.623656,0.583333,0.56586,1.55389,1.52819,1.54071,1.5537,1.89207,1.88066,1.89207,1.90857,1.38348,1.37385,1.38348,1.44617,0.527198,0.524584,0.530137,1.91085,-9999,-9999
200509,2.44,0.966667,194.915,76.158,0.96875,292.674,0.966667,1.112,0.966667,101.008,0.913889,1.097,0.956944,3.169,0.334722,0.241872868876,0.821527777778,30.2617648737,0.947916666667,143.37763046,0.950694444444,12.7247617816,0.950694444444,325.039458908,0.950694444444,356.541,0.9375,-0.001,0.291,-9999,0.969444,0.969444,-9999,-9999,1.0,15.1491,0.9375,-9999,0.219173,11.0134,0.965278,-9999,0.344228,0.58099,0.945139,0.00811232,0.575757,0.57762,0.578642,0.947917,0.948611,0.94375,0.531422,0.531422,0.574921,0.579824,-0.045365,-0.0433022,-0.0052538,0.00115904,0.566445,0.554794,0.559015,0.659447,0.0577886,0.0547864,0.0577886,0.058908,-9999,-9999
200510,-7.823,0.754032,76.9993,22.812,0.758737,266.273,0.752688,0.317,0.754032,100.505,0.696237,0.323,0.696909,2.735,0.176075,-9999,-9999,4.17720505952,0.677419354839,52.7088282738,0.677419354839,10.64703625,0.677419354839,296.758987103,0.677419354839,366.431,0.719086,-9999,-9999,-9999,-9999,-9999,-9999,-9999,1.0,7.63773,0.726478,-9999,0.13082,-0.75192,0.745968,-9999,0.243868,0.214457,0.704301,0.00519256,0.212773,0.214414,0.218743,0.704301,0.704301,0.724462,0.180026,0.173114,0.176276,0.180026,-0.032747,-0.0429652,-0.0396641,-0.0344308,0.206245,0.200653,0.205442,0.206245,0.0,0.0,0.0,0.0,-9999,-9999
200511,-22.771,0.0,11.1027,2.854,0.0,210.123,0.0,0.163,0.0,102.464,0.0,0.117,0.0,2.396,0.0,-9999,-9999,-9999,-9999,-9999,-9999,-9999,-9999,-9999,-9999,-9999,-9999,-9999,-9999,-9999,-9999,-9999,-9999,-9999,1.0,4.81291,0.0,-9999,0.82237,6.17282,0.0,-9999,0.548614,0.269856,0.0,0.018528,0.259775,0.269856,0.273931,0.0,0.0,0.0,0.182836,0.172091,0.173447,0.182836,-0.0870196,-0.0987086,-0.0967699,-0.0870196,0.0344112,0.0229872,0.0340444,0.0344112,0.0,0.0,0.0,0.0,-9999,-9999
200512,-34.785,0.0,0.0,0.0,0.0,168.076,0.0,0.066,0.0,102.717,0.0,0.098,0.0,2.038,0.0,-9999,-9999,-9999,-9999,-9999,-9999,-9999,-9999,-9999,-9999,-9999,-9999,-9999,-9999,-9999,-9999,-9999,-9999,-9999,1.0,4.84352,0.0,-9999,-9999,6.18073,0.0,-9999,-9999,0.271016,0.0,-9999,0.260465,0.271016,0.275091,0.0,0.0,0.0,0.00194501,0.00194501,0.00233228,0.0024997,-0.269071,-0.272793,-0.269071,-0.258348,0.000632278,0.000154216,0.000625539,0.000632278,0.0,0.0,0.0,0.0,-9999,-9999
