TIMESTAMP,TA_F,TA_F_QC,SW_IN_POT,SW_IN_F,SW_IN_F_QC,LW_IN_F,LW_IN_F_QC,VPD_F,VPD_F_QC,PA_F,PA_F_QC,P_F,P_F_QC,WS_F,WS_F_QC,USTAR,USTAR_QC,NETRAD,NETRAD_QC,PPFD_IN,PPFD_IN_QC,SW_OUT,SW_OUT_QC,LW_OUT,LW_OUT_QC,CO2_F_MDS,CO2_F_MDS_QC,TS_F_MDS_1,TS_F_MDS_2,TS_F_MDS_3,TS_F_MDS_4,TS_F_MDS_5,TS_F_MDS_6,TS_F_MDS_7,TS_F_MDS_8,TS_F_MDS_9,TS_F_MDS_1_QC,TS_F_MDS_2_QC,TS_F_MDS_3_QC,TS_F_MDS_4_QC,TS_F_MDS_5_QC,TS_F_MDS_6_QC,TS_F_MDS_7_QC,TS_F_MDS_8_QC,TS_F_MDS_9_QC,SWC_F_MDS_1,SWC_F_MDS_2,SWC_F_MDS_3,SWC_F_MDS_4,SWC_F_MDS_5,SWC_F_MDS_1_QC,SWC_F_MDS_2_QC,SWC_F_MDS_3_QC,SWC_F_MDS_4_QC,SWC_F_MDS_5_QC,G_F_MDS,G_F_MDS_QC,LE_F_MDS,LE_F_MDS_QC,LE_CORR,LE_RANDUNC,H_F_MDS,H_F_MDS_QC,H_CORR,H_RANDUNC,NEE_VUT_REF,NEE_VUT_REF_QC,NEE_VUT_REF_RANDUNC,NEE_VUT_25,NEE_VUT_50,NEE_VUT_75,NEE_VUT_25_QC,NEE_VUT_50_QC,NEE_VUT_75_QC,RECO_NT_VUT_REF,RECO_NT_VUT_25,RECO_NT_VUT_50,RECO_NT_VUT_75,GPP_NT_VUT_REF,GPP_NT_VUT_25,GPP_NT_VUT_50,GPP_NT_VUT_75,RECO_DT_VUT_REF,RECO_DT_VUT_25,RECO_DT_VUT_50,RECO_DT_VUT_75,GPP_DT_VUT_REF,GPP_DT_VUT_25,GPP_DT_VUT_50,GPP_DT_VUT_75,RECO_SR,RECO_SR_N
200501,-1.899,0.0,127.383,59.166,0.0,261.774,0.0,1.171,0.0,85.736,0.0,1.488,0.0,1.404,0.0,-9999,-9999,-9999,-9999,-9999,-9999,-9999,-9999,-9999,-9999,-9999,-9999,-9999,-9999,-9999,-9999,-9999,-9999,-9999,-9999,-9999,-9999,-9999,-9999,-9999,-9999,-9999,-9999,-9999,-9999,-9999,-9999,-9999,-9999,-9999,-9999,-9999,-9999,-9999,-9999,-5.16354,3.0,109.339,0.0,107.444,-9999,32.5287,0.0,31.9651,-9999,-4.28448,0.0,-9999,-4.47016,-4.33086,-4.20195,0.0,0.0,0.0,2.3901,2.18866,2.3901,2.5143,6.70427,6.6543,6.70396,6.84645,8.85314,7.05237,7.16421,8.95924,4.96277,4.54397,4.61226,5.44557,-9999,-9999
200502,-2.984,0.0,190.893,89.66,0.0,268.738,0.0,0.868,0.0,85.045,0.0,2.036,0.0,1.627,0.0,-9999,-9999,-9999,-9999,-9999,-9999,-9999,-9999,-9999,-9999,-9999,-9999,-9999,-9999,-9999,-9999,-9999,-9999,-9999,-9999,-9999,-9999,-9999,-9999,-9999,-9999,-9999,-9999,-9999,-9999,-9999,-9999,-9999,-9999,-9999,-9999,-9999,-9999,-9999,-9999,-5.1612,3.0,108.704,0.0,121.565,-9999,32.2172,0.0,36.0291,-9999,-4.25913,0.0,-9999,-4.4472,-4.30767,-4.18141,0.0,0.0,0.0,2.01726,1.81923,2.01726,2.14153,6.30935,6.26178,6.31053,6.43897,8.63187,6.87611,6.98515,8.73532,6.48503,6.02198,6.10098,7.06619,-9999,-9999
200503,2.856,0.0,283.188,149.79,0.0,277.249,0.0,1.639,0.0,85.315,0.0,1.512,0.0,1.274,0.0,-9999,-9999,-9999,-9999,-9999,-9999,-9999,-9999,-9999,-9999,-9999,-9999,-9999,-9999,-9999,-9999,-9999,-9999,-9999,-9999,-9999,-9999,-9999,-9999,-9999,-9999,-9999,-9999,-9999,-9999,-9999,-9999,-9999,-9999,-9999,-9999,-9999,-9999,-9999,-9999,-5.16411,3.0,109.046,0.0,136.463,-9999,32.4583,0.0,40.6191,-9999,-4.28671,0.0,-9999,-4.47063,-4.3344,-4.20721,0.0,0.0,0.0,3.88698,3.67829,3.85748,4.00828,8.19671,8.13783,8.18675,8.405,9.86805,7.86084,7.9855,9.98631,8.7654,8.29012,8.37821,9.46471,-9999,-9999
200504,6.562,0.0,379.685,172.273,0.0,301.925,0.0,2.203,0.0,85.263,0.0,3.233,0.0,1.637,0.0,-9999,-9999,-9999,-9999,-9999,-9999,-9999,-9999,-9999,-9999,-9999,-9999,-9999,-9999,-9999,-9999,-9999,-9999,-9999,-9999,-9999,-9999,-9999,-9999,-9999,-9999,-9999,-9999,-9999,-9999,-9999,-9999,-9999,-9999,-9999,-9999,-9999,-9999,-9999,-9999,-5.16301,3.0,109.04,0.0,128.501,-9999,32.4076,0.0,38.1915,-9999,-4.27736,0.0,-9999,-4.46318,-4.32486,-4.19737,0.0,0.0,0.0,5.06735,4.8555,5.03292,5.18491,9.36004,9.30926,9.34858,9.61438,10.6556,8.48824,8.62285,10.7834,9.58004,9.07278,9.16719,10.34,-9999,-9999
200505,11.114,0.0,452.553,226.442,0.0,308.365,0.0,3.225,0.0,85.685,0.0,3.887,0.0,1.466,0.0,-9999,-9999,-9999,-9999,-9999,-9999,-9999,-9999,-9999,-9999,-9999,-9999,-9999,-9999,-9999,-9999,-9999,-9999,-9999,-9999,-9999,-9999,-9999,-9999,-9999,-9999,-9999,-9999,-9999,-9999,-9999,-9999,-9999,-9999,-9999,-9999,-9999,-9999,-9999,-9999,-5.16354,3.0,109.339,0.0,124.881,-9999,32.5287,0.0,37.1526,-9999,-4.28448,0.0,-9999,-4.47016,-4.33086,-4.20195,0.0,0.0,0.0,7.10864,6.97522,7.0219,7.17896,11.372,11.3528,11.4344,11.4954,11.4824,9.14684,9.29189,11.62,11.3882,10.8763,10.9771,12.2398,-9999,-9999
200506,15.234,0.0,485.263,252.326,0.0,320.182,0.0,4.539,0.0,85.96,0.0,3.182,0.0,1.399,0.0,-9999,-9999,-9999,-9999,-9999,-9999,-9999,-9999,-9999,-9999,-9999,-9999,-9999,-9999,-9999,-9999,-9999,-9999,-9999,-9999,-9999,-9999,-9999,-9999,-9999,-9999,-9999,-9999,-9999,-9999,-9999,-9999,-9999,-9999,-9999,-9999,-9999,-9999,-9999,-9999,-5.16301,3.0,109.04,0.0,116.759,-9999,32.4076,0.0,34.7015,-9999,-4.27736,0.0,-9999,-4.46318,-4.32486,-4.19737,0.0,0.0,0.0,9.15884,9.07068,9.14583,9.1779,13.3726,13.3684,13.5339,13.6122,12.1848,9.70632,9.86024,12.3308,12.3068,11.792,11.8961,13.2059,-9999,-9999
200507,15.884,0.179435,469.595,222.999,0.0,340.9,0.0,4.053,0.179435,85.801,0.0,4.866,0.077957,1.654,0.0,-9999,-9999,-9999,-9999,-9999,-9999,-9999,-9999,-9999,-9999,-9999,-9999,-9999,-9999,-9999,-9999,-9999,-9999,-9999,-9999,-9999,-9999,-9999,-9999,-9999,-9999,-9999,-9999,-9999,-9999,-9999,-9999,-9999,-9999,-9999,-9999,-9999,-9999,-9999,-9999,-5.16138,3.0,108.736,0.0,112.888,-9999,32.2356,0.0,33.4665,-9999,-4.26089,0.0,-9999,-4.44874,-4.30933,-4.18295,0.0,0.0,0.0,9.44321,9.35879,9.42807,9.4585,13.6367,13.6327,13.8007,13.8895,12.3043,9.80156,9.95698,12.4518,11.7448,11.197,11.3037,12.6327,-9999,-9999
200508,13.164,1.0,409.633,185.938,0.0,335.952,0.0,2.581,1.0,85.796,0.0,11.974,1.0,1.396,0.881048,0.162107937839,0.780241935484,-9999,-9999,-9999,-9999,-9999,-9999,-9999,-9999,368.742,0.889785,15.037,15.372,15.246,15.249,15.32,15.308,15.385,15.212,15.041,1.0,1.0,1.0,1.0,1.0,1.0,1.0,1.0,1.0,51.41,54.308,60.036,61.969,57.401,1.0,1.0,1.0,1.0,0.991263,-5.16411,3.0,84.9169,0.692204,86.8299,1.62559,23.5891,0.879704,24.1205,0.771689,-3.01483,0.492608,0.193788,-3.41647,-3.12506,-2.96038,0.526882,0.352151,0.449597,7.23145,6.7053,7.16057,7.45318,10.3169,10.1402,10.2506,10.3987,11.8647,9.4514,9.60127,12.0069,10.2228,9.69951,9.79812,11.0226,-9999,-9999
200509,12.672,0.879167,321.842,142.187,0.725694,334.919,0.724306,2.227,0.879167,85.891,0.0,3.428,0.870833,1.583,1.0,0.167619693227,0.899305555556,-9999,-9999,277.472387013,0.699305555556,-9999,-9999,-9999,-9999,365.226,1.0,15.217,15.385,15.191,15.202,15.295,15.344,15.431,15.262,14.994,0.879167,0.879167,0.879167,0.879167,0.879167,0.879167,0.879167,0.879167,0.879167,44.75,51.596,57.692,61.47,56.93,0.878472,0.878472,0.879167,0.879167,0.879167,-5.16301,3.0,61.2574,0.972917,61.73,0.608703,12.8856,0.997917,12.985,0.331177,-0.817606,0.925694,0.0677375,-1.13123,-0.891844,-0.668652,0.947917,0.929167,0.916667,6.81618,6.27907,6.74547,7.31926,7.69883,7.40888,7.68646,7.97736,8.84269,7.55342,7.81962,8.8117,8.63267,8.25626,8.37208,8.62674,-9999,-9999
200510,9.6,1.0,225.548,114.28,1.0,301.683,1.0,2.657,1.0,85.953,0.0,2.181,1.0,1.126,1.0,0.121208493471,0.867607526882,-9999,-9999,238.14910369,1.0,-9999,-9999,-9999,-9999,381.745,1.0,10.11,10.163,10.205,10.311,10.447,10.681,10.972,11.192,11.837,1.0,1.0,1.0,1.0,1.0,1.0,1.0,1.0,1.0,44.964,49.76,57.279,61.192,56.625,1.0,1.0,1.0,1.0,1.0,-5.13964,3.0,33.1435,0.976478,34.0314,0.528485,9.20013,0.998656,9.4466,0.371895,-1.16235,0.975806,0.104288,-1.33969,-1.23659,-0.960106,0.975806,0.975806,0.977823,4.38452,4.09996,4.22984,4.81452,5.55308,5.41123,5.48462,5.71461,4.34703,4.17394,4.41336,4.5838,5.22989,5.11765,5.28934,5.42139,-9999,-9999
200511,2.258,1.0,146.814,62.701,1.0,279.374,1.0,1.563,1.0,85.436,0.0,1.34,1.0,1.324,0.727778,0.133149008909,0.603472222222,-9999,-9999,125.997742888,0.998611111111,-9999,-9999,-9999,-9999,360.931,0.988889,4.786,4.856,5.109,5.4,5.672,6.154,6.721,7.384,8.865,1.0,1.0,1.0,1.0,1.0,1.0,1.0,1.0,1.0,47.26,51.444,58.038,61.19,56.392,1.0,1.0,1.0,1.0,1.0,-4.88839,3.0,12.1859,0.979167,12.4585,0.328168,0.467531,0.988889,0.477992,0.382328,0.0270881,0.970833,0.0544144,-0.0227291,0.0125395,0.0735567,0.973611,0.970833,0.970833,1.82004,1.70604,1.78871,1.90663,1.77684,1.73375,1.77617,1.8254,1.899,2.01252,2.20497,2.33938,1.82677,1.87423,1.96442,1.99739,-9999,-9999
200512,-3.293,1.0,110.365,37.647,1.0,275.52,1.0,0.521,1.0,85.206,0.0,1.852,0.998656,1.601,0.993952,0.150262359629,0.789650537634,-9999,-9999,64.6548002276,0.998655913978,-9999,-9999,-9999,-9999,407.654,1.0,1.41,1.428,1.556,1.713,1.9,2.245,2.687,3.226,4.68,1.0,1.0,1.0,1.0,1.0,1.0,1.0,1.0,1.0,52.701,54.294,61.43,62.637,56.97,1.0,1.0,1.0,1.0,1.0,-5.03222,3.0,2.1675,0.998656,2.21174,0.252974,-8.48697,1.0,-8.66021,0.377906,1.28518,0.995968,0.0373155,1.22994,1.27646,1.31582,0.997312,0.997312,0.991263,1.44525,1.38212,1.44103,1.45124,0.156788,0.145739,0.159894,0.164476,1.149,1.15151,1.26502,1.44427,0.246068,0.210669,0.249969,0.269868,-9999,-9999
200601,-2.527,1.0,127.383,69.626,1.0,245.021,1.0,1.495,1.0,85.67,0.0,0.732,1.0,1.708,0.998656,0.143159816042,0.838709677419,-21.9802478904,0.988575268817,134.906229328,1.0,48.2799511068,0.989247311828,283.807418011,0.999327956989,386.79,1.0,0.486,0.364,0.448,0.601,0.78,1.107,1.521,1.989,3.267,1.0,1.0,1.0,1.0,1.0,1.0,1.0,1.0,1.0,51.235,54.671,60.922,63.009,57.248,1.0,1.0,1.0,1.0,1.0,-4.37285,3.0,6.11172,0.99328,6.00582,0.301629,-4.12546,0.989919,-4.05397,0.316549,1.2941,0.971102,0.0322746,1.09941,1.26392,1.6686,0.986559,0.974462,0.698253,1.12604,0.987777,1.08269,1.12604,-0.112834,-0.543437,-0.122276,-0.0706912,0.767746,1.04867,1.24179,1.44448,0.118844,5.27064e-05,0.105092,0.15904,-9999,-9999
200602,-2.327,1.0,190.893,71.927,0.993304,269.406,1.0,0.931,1.0,84.913,0.0,1.007,1.0,1.934,1.0,0.15507048334,0.853422619048,-6.01738872107,0.979166666667,148.523918638,1.0,43.4304790499,0.979910714286,296.058209837,0.999255952381,384.825,1.0,-0.026,-0.046,0.032,0.144,0.295,0.544,0.898,1.263,2.34,1.0,1.0,1.0,1.0,1.0,1.0,1.0,1.0,1.0,51.317,55.764,61.503,63.225,58.118,1.0,1.0,1.0,1.0,1.0,-2.76295,3.0,7.09513,0.982887,7.9346,0.31988,-9.2805,0.997024,-10.3785,0.412002,0.673284,0.934524,0.0323087,0.38751,0.640118,0.778397,0.966518,0.935268,0.907738,0.577921,0.523615,0.565366,0.651813,-0.125029,-0.134767,-0.0808103,0.0965551,0.285225,0.415175,0.449565,0.765683,0.00931051,0.00912778,0.0119913,0.0160162,-9999,-9999
200603,0.167,1.0,283.188,123.911,0.981183,280.824,1.0,1.412,1.0,84.793,0.0,3.729,1.0,2.128,0.816532,0.216316141429,0.677419354839,14.8311326082,0.950940860215,247.290440913,0.997983870968,62.6298979331,0.954301075269,307.585383622,0.999327956989,382.88,0.955645,1.558,1.556,1.507,1.445,1.505,1.539,1.678,1.726,2.233,1.0,1.0,1.0,1.0,1.0,1.0,1.0,1.0,1.0,54.024,57.936,63.154,63.815,59.182,1.0,1.0,1.0,1.0,1.0,0.0457829,3.0,12.3475,0.9375,15.452,0.569086,-10.1407,0.96707,-12.6904,0.449008,0.927256,0.895833,0.0436013,0.888132,0.922016,1.00215,0.907258,0.897849,0.868952,1.77244,1.48455,1.70781,2.19585,0.884601,0.595237,0.780661,0.92662,0.752997,0.877794,0.901562,0.959808,0.194627,0.197765,0.226446,0.265214,-9999,-9999
200604,5.715,1.0,379.685,158.131,0.997917,303.636,1.0,2.049,1.0,85.286,0.0,5.01,1.0,1.723,1.0,0.161432797231,0.873611111111,68.30714717,0.983333333333,330.373719038,0.999305555556,42.4149969685,0.985416666667,342.343407432,0.999305555556,378.793,1.0,6.927,7.007,6.695,6.576,6.63,6.454,6.368,5.95,5.317,1.0,1.0,1.0,1.0,1.0,1.0,1.0,1.0,1.0,54.5,59.147,63.432,63.696,59.279,1.0,1.0,1.0,1.0,1.0,1.95757,3.0,40.8225,0.996528,51.0863,0.780229,12.7091,1.0,15.9045,0.499875,-0.562093,0.996528,0.0786972,-0.560321,-0.509842,-0.0497505,0.997222,0.996528,0.96875,2.66138,2.54718,2.69375,2.95533,3.08049,3.06898,3.14406,3.27289,2.66179,2.14099,2.60444,2.90202,3.87657,2.90541,3.15052,3.88686,-9999,-9999
200605,10.358,1.0,452.553,178.28,1.0,324.105,1.0,3.18,1.0,85.675,0.0,6.505,0.999328,1.704,0.998656,0.209768726849,0.902553763441,94.8998547984,0.991935483871,364.429841127,0.999327956989,36.8059716399,0.992607526882,365.140137126,0.998655913978,380.338,1.0,11.244,11.349,11.191,11.053,11.118,10.871,10.748,10.245,9.268,1.0,1.0,1.0,1.0,1.0,1.0,1.0,1.0,1.0,52.144,56.522,61.305,62.404,58.518,1.0,1.0,1.0,1.0,1.0,1.95131,3.0,74.5176,0.997312,82.3811,0.792173,11.775,0.999328,13.0176,0.459437,-3.20424,0.993952,0.0974933,-3.25259,-3.15107,-2.8547,0.995296,0.994624,0.890457,6.39368,6.27217,6.42555,6.81055,9.57366,9.51662,9.58353,9.63465,6.33074,6.16448,6.27022,6.64602,9.96319,9.78385,9.88527,10.0277,-9999,-9999
200606,14.868,1.0,485.263,265.927,1.0,327.779,1.0,5.306,1.0,86.058,0.0,2.703,0.998611,1.524,0.918056,0.172613592023,0.806944444444,141.840416694,0.984027777778,536.574141521,0.998611111111,51.9559636768,0.984722222222,391.227044565,0.998611111111,358.913,1.0,14.9,15.065,14.757,14.454,14.419,13.851,13.484,12.651,11.234,1.0,1.0,1.0,1.0,1.0,1.0,1.0,1.0,1.0,44.663,46.334,56.715,60.846,57.237,1.0,1.0,1.0,1.0,1.0,7.08882,3.0,104.301,1.0,111.549,0.900248,26.2725,1.0,28.0982,0.504427,-2.46429,0.995833,0.123723,-2.80739,-2.472,-1.85814,0.997222,0.995833,0.979861,8.53815,7.63602,8.46198,9.82182,10.9638,10.4456,10.9423,11.2435,7.23731,6.89052,7.33862,7.50671,10.2567,10.0599,10.1594,10.1982,-9999,-9999
200607,19.455,1.0,469.595,287.722,1.0,345.693,1.0,7.481,1.0,86.167,0.0,1.855,1.0,1.444,1.0,0.160456533929,0.864919354839,157.908481864,0.991935483871,586.516398091,1.0,57.0408683654,0.993951612903,412.511113095,0.995967741935,353.96,1.0,19.854,20.23,20.082,19.866,19.866,19.327,18.953,18.045,16.246,1.0,1.0,1.0,1.0,1.0,1.0,1.0,1.0,1.0,30.406,38.704,44.416,56.468,55.295,1.0,1.0,1.0,1.0,1.0,5.89377,3.0,122.089,1.0,126.648,0.868268,27.5256,1.0,28.5534,0.501991,-1.86287,0.99328,0.114732,-2.12072,-1.79324,-1.59074,0.997312,0.99328,0.755376,8.40368,7.66912,8.23443,9.5041,10.1786,9.70564,10.0052,11.0218,7.89126,8.55474,9.22506,9.8963,10.6858,10.6858,11.0863,11.4397,-9999,-9999
200608,11.808,1.0,409.633,147.902,1.0,340.514,1.0,2.284,1.0,85.46,0.0,9.032,1.0,1.592,0.997984,0.191494912204,0.903225806452,80.6945556981,0.99126344086,298.873888504,0.998655913978,27.8353267372,0.993951612903,375.153895161,1.0,366.779,1.0,14.594,14.728,14.747,14.773,14.932,14.932,15.07,15.005,14.835,1.0,1.0,1.0,1.0,1.0,1.0,1.0,1.0,1.0,41.463,42.619,50.051,58.182,55.891,1.0,1.0,1.0,1.0,1.0,-2.17305,3.0,72.9869,1.0,73.55,0.924503,11.5439,1.0,11.633,0.442387,-1.30671,0.999328,0.111262,-1.56018,-1.39252,-1.33262,0.999328,0.999328,0.999328,7.39777,6.90354,7.10093,7.26744,8.67311,8.46797,8.56376,8.64984,6.21169,6.57331,6.90874,7.34201,8.1563,8.16673,8.3957,8.58111,-9999,-9999
200609,15.028,0.499306,321.842,154.659,0.500694,339.441,0.499306,3.708,0.499306,85.815,0.0,7.256,0.999306,1.651,0.488194,-9999,-9999,74.7247659574,0.998611111111,-9999,-9999,29.9702847222,1.0,388.293776389,1.0,345.784,0.5,15.963,16.101,16.084,15.992,16.085,15.832,15.712,15.278,14.515,0.499306,0.499306,0.499306,0.499306,0.499306,0.499306,0.499306,0.499306,0.499306,36.444,42.095,49.791,58.595,55.729,0.499306,0.499306,0.499306,0.499306,0.499306,1.82471,3.0,104.65,0.5,105.457,0.823043,-21.2657,0.5,-21.4297,0.673556,0.170029,0.497222,0.110561,-0.0525129,0.0644643,0.109196,0.464583,0.499306,0.499306,7.7029,7.45867,7.7029,8.02195,7.85509,7.35452,7.56387,8.03042,7.98924,8.04178,8.16647,8.95752,8.6838,8.63131,8.6874,9.06686,-9999,-9999
200610,10.748,0.0,225.548,104.477,0.0,317.096,0.0,2.162,0.0,85.701,0.0,2.465,1.0,1.599,0.0,-9999,-9999,31.4425681671,0.997311827957,-9999,-9999,22.4005107527,1.0,363.952488575,1.0,340.644,0.0,15.834,15.909,16.029,16.036,16.18,16.054,16.004,15.632,14.841,0.0,0.0,0.0,0.0,0.0,0.0,0.0,0.0,0.0,35.058,41.468,49.312,58.349,55.5,0.0,0.0,0.0,0.0,0.0,-2.54668,3.0,126.159,0.0,129.538,-9999,-53.8155,0.0,-55.2572,-9999,0.1668,0.0,-9999,-0.0328135,0.158799,0.422257,0.0,0.0,0.0,6.19059,6.09903,6.23688,6.56276,6.77188,5.67677,6.07808,6.65131,5.63597,5.6889,5.75318,8.00364,8.39192,8.37536,8.46178,8.89601,-9999,-9999
200611,5.021,0.0,146.814,60.59,0.0,292.62,0.0,1.451,0.0,85.82,0.0,1.943,1.0,1.722,0.0,-9999,-9999,-0.843229166667,1.0,-9999,-9999,13.0094722222,1.0,335.122334722,1.0,377.672,0.0,4.598,4.947,4.81,4.789,4.898,4.994,5.244,5.509,6.528,0.0,0.0,0.0,0.0,0.0,0.0,0.0,0.0,0.0,47.427,53.194,55.986,61.457,58.296,0.0,0.0,0.0,0.0,0.0,-6.01204,3.0,52.4229,0.0,53.5959,-9999,-40.8283,0.0,-41.7418,-9999,0.285204,0.0,-9999,-0.180854,0.253872,0.349143,0.0,0.0,0.0,3.83355,3.72304,3.88999,4.18259,4.48264,3.37389,3.64509,4.48264,2.94939,2.98433,3.02912,5.48337,5.875,5.87496,5.95047,6.3133,-9999,-9999
200612,1.985,0.000672043,110.365,50.065,0.000672043,271.332,0.000672043,1.53,0.000672043,86.11,0.0,2.495,0.998656,1.385,0.0,-9999,-9999,-13.717532545,0.989919354839,-9999,-9999,23.1928348543,0.993279569892,307.410213276,0.995295698925,390.203,0.000672043,0.996,1.464,1.229,1.191,1.282,1.433,1.772,2.24,3.85,0.000672043,0.000672043,0.000672043,0.000672043,0.000672043,0.000672043,0.000672043,0.000672043,0.000672043,51.445,56.994,58.158,62.465,59.202,0.000672043,0.000672043,0.000672043,0.000672043,0.000672043,-7.21345,3.0,28.3395,0.0,28.918,0.645103,-37.6394,0.000672,-38.4077,0.746523,0.314035,0.0,0.0359648,-0.64816,0.281341,0.329865,0.0,0.0,0.0,2.87709,2.77198,2.90313,3.22527,3.48477,2.44211,2.65957,3.97195,2.0199,2.04874,2.08123,4.35697,5.12022,5.12022,5.19135,5.53285,-9999,-9999
200701,2.047,1.0,127.383,44.451,1.0,287.696,1.0,1.186,1.0,85.748,0.0,1.306,0.998656,2.414,0.893817,0.229533996576,0.784946236559,-5.95598532662,0.995967741935,85.1975874238,0.999327956989,18.4105101417,0.997311827957,316.61936828,1.0,381.235,0.997984,2.626,2.68,2.699,2.758,2.904,3.103,3.398,3.676,4.566,1.0,1.0,1.0,1.0,1.0,1.0,1.0,1.0,1.0,49.874,54.151,55.661,61.196,57.415,1.0,1.0,1.0,1.0,1.0,-2.5806,3.0,14.1352,0.995968,14.4237,0.46493,-17.3671,0.998656,-17.7216,0.489006,0.228531,0.989247,0.0314894,0.0450616,0.209218,0.229937,0.979839,0.99328,0.993952,1.06495,1.03489,1.09133,1.11273,0.955191,0.877182,0.903828,0.983568,1.32644,1.09438,1.22986,1.25827,1.16323,1.03046,1.16266,1.17676,-9999,-9999
200702,2.796,1.0,190.893,82.433,1.0,275.321,1.0,1.801,1.0,85.083,0.0,1.518,1.0,2.002,0.999256,0.192254132948,0.863095238095,8.78634876309,0.997023809524,160.280625007,1.0,27.167473837,0.997023809524,318.7455947,0.999255952381,359.499,1.0,1.925,2.009,1.987,2.019,2.153,2.303,2.571,2.816,3.656,1.0,1.0,1.0,1.0,1.0,1.0,1.0,1.0,1.0,48.567,55.713,56.288,61.667,57.698,1.0,1.0,1.0,1.0,1.0,-2.60854,3.0,18.4133,0.999256,17.3993,0.536914,-6.22685,1.0,-5.88396,0.560076,-0.0163464,0.991815,0.0497536,-0.137674,-0.111235,-0.0192385,0.998512,0.893601,0.924851,1.28274,1.06671,1.23496,1.3183,1.31025,1.20366,1.26557,1.34202,2.15693,1.43399,1.88923,2.56945,1.40336,1.47479,1.61479,1.86357,-9999,-9999
200703,2.948,1.0,283.188,145.254,0.99664,275.414,1.0,1.565,1.0,85.243,0.0,3.71,1.0,1.861,0.997312,0.171764396703,0.85752688172,24.9123433665,0.971774193548,283.83175205,1.0,62.7862051167,0.97311827957,320.187422458,0.998655913978,376.539,0.997984,3.092,3.119,3.101,3.145,3.294,3.466,3.721,3.894,4.412,1.0,1.0,1.0,1.0,1.0,1.0,1.0,1.0,1.0,52.522,57.385,57.3,62.152,58.131,1.0,1.0,1.0,1.0,1.0,-3.25042,3.0,20.1537,0.991935,28.0057,0.612377,0.00635515,1.0,0.00883117,0.532914,0.287811,0.96707,0.0649376,-0.360885,0.0768431,0.150881,0.77957,0.989247,0.982527,2.25675,1.84224,2.11904,2.62256,2.13662,1.69483,1.909,3.0476,1.35516,1.48227,1.9092,2.04671,2.49619,2.4411,2.70781,3.08751,-9999,-9999
200704,11.194,1.0,379.685,251.098,1.0,285.602,1.0,5.351,1.0,85.775,0.0,0.347,0.999306,1.818,1.0,0.154373439804,0.878472222222,113.380337175,0.997222222222,495.894610026,0.999305555556,55.2639674941,0.997222222222,365.01501516,0.999305555556,359.3,1.0,10.095,10.401,10.119,9.904,9.858,9.223,8.845,8.048,6.888,1.0,1.0,1.0,1.0,1.0,1.0,0.999306,1.0,1.0,35.157,44.73,49.494,58.962,56.446,1.0,1.0,1.0,1.0,1.0,8.05743,3.0,75.2353,0.996528,84.2865,0.739661,18.8726,0.998611,21.1431,0.547685,-3.20448,0.954861,0.0639164,-3.39942,-3.17039,-2.45414,0.988194,0.972917,0.847917,5.32569,3.93253,5.18976,5.8248,8.25927,7.30192,8.16653,8.42819,4.33303,4.1928,4.3994,4.96772,7.70404,7.65846,7.71378,8.19819,-9999,-9999
200705,11.76,1.0,452.553,209.034,1.0,322.084,1.0,3.618,1.0,85.303,0.0,5.203,1.0,1.881,0.999328,0.236592083214,0.925403225806,114.507334022,0.997983870968,422.26888336,1.0,41.6264707733,0.999327956989,372.415269489,1.0,358.602,1.0,12.435,12.625,12.536,12.462,12.529,12.244,12.128,11.652,10.71,1.0,1.0,1.0,1.0,1.0,1.0,1.0,1.0,1.0,34.671,42.426,48.44,56.462,55.558,1.0,1.0,1.0,1.0,1.0,3.36355,3.0,89.8959,0.997984,96.1181,0.7499,14.5949,1.0,15.6051,0.443535,-3.63802,0.950941,0.0970889,-3.68599,-3.63248,-3.43633,0.991263,0.991263,0.844086,7.86063,7.77278,7.86369,8.06578,11.6278,11.3349,11.415,11.4906,8.20072,8.2698,8.51926,8.95174,12.0559,11.9956,12.0559,12.5278,-9999,-9999
200706,14.161,1.0,485.263,213.812,1.0,343.593,1.0,2.536,1.0,85.504,0.0,6.13,1.0,1.386,0.906944,0.18797995844,0.802777777778,129.15868883,0.999305555556,433.946856334,0.999305555556,40.3580763889,1.0,386.402997917,1.0,364.316,1.0,14.588,14.724,14.516,14.383,14.464,14.12,13.974,13.459,12.517,1.0,1.0,1.0,1.0,1.0,1.0,1.0,1.0,1.0,43.029,47.872,54.79,59.377,56.99,1.0,1.0,1.0,1.0,1.0,4.20443,3.0,93.4884,0.999306,102.647,0.829614,20.4527,1.0,22.4563,0.529031,-2.7239,0.981944,0.126082,-2.89694,-2.74987,-1.8988,0.988889,0.978472,0.940278,9.11594,8.52562,8.97003,10.2503,11.8856,11.4188,11.653,12.1182,6.53869,6.73466,7.02247,7.56796,10.3784,10.349,10.5144,10.889,-9999,-9999
200707,14.911,1.0,469.595,229.419,1.0,340.622,1.0,4.216,1.0,85.738,0.0,7.887,1.0,1.654,0.781586,0.239655320331,0.698252688172,132.888776882,1.0,454.84537379,1.0,42.0549932796,1.0,393.29577957,1.0,365.617,0.980511,16.228,16.323,16.131,15.984,16.059,15.652,15.464,14.898,13.881,1.0,1.0,1.0,1.0,1.0,1.0,1.0,1.0,1.0,38.361,48.439,57.703,59.528,57.127,1.0,1.0,1.0,1.0,1.0,4.87128,3.0,104.682,0.97379,105.839,1.03648,21.0203,0.979839,21.2527,0.493406,-0.461816,0.890457,0.133333,-1.2065,-0.974764,-0.81189,0.770833,0.936156,0.783602,8.42665,7.82552,8.11856,8.31974,9.20809,8.9615,9.10746,9.27596,6.72352,6.93036,7.40163,7.62913,8.28616,8.25681,8.35642,8.68102,-9999,-9999
200708,14.633,1.0,409.633,180.356,1.0,343.317,1.0,2.415,1.0,85.677,0.0,8.368,0.999328,1.229,0.999328,0.151960585382,0.889112903226,96.0598035471,0.997983870968,351.36406641,0.999327956989,37.4919762354,0.998655913978,387.9369223,0.999327956989,388.15,1.0,16.731,16.877,16.796,16.742,16.834,16.607,16.561,16.2,15.546,1.0,1.0,1.0,1.0,1.0,1.0,1.0,1.0,1.0,38.224,50.088,58.558,59.666,56.73,1.0,1.0,1.0,1.0,1.0,1.38517,3.0,74.6192,0.998656,74.5464,0.656939,20.3844,0.997984,20.3645,0.347706,-2.06425,0.917339,0.100982,-2.32113,-2.10708,-1.80292,0.97043,0.676747,0.987903,8.87897,7.52834,8.04772,8.31225,10.5724,9.93611,10.1071,10.4189,8.05069,6.66668,7.27633,7.90845,9.41561,8.94587,9.35114,9.58106,-9999,-9999
200709,10.645,1.0,321.842,159.119,1.0,316.524,1.0,1.797,1.0,85.882,0.0,3.377,1.0,1.259,1.0,0.151387283344,0.877777777778,71.9820581059,0.988888888889,299.754456785,1.0,32.9034514578,0.99375,364.660135331,0.997222222222,375.919,1.0,12.74,12.678,12.657,12.736,12.965,13.094,13.347,13.436,13.68,0.999306,1.0,1.0,1.0,1.0,1.0,1.0,1.0,1.0,36.329,50.025,58.999,59.772,56.786,1.0,1.0,1.0,1.0,1.0,-3.15899,3.0,57.1828,0.997917,58.9671,0.682062,18.5994,0.998611,19.1797,0.364008,-1.86209,0.956944,0.094077,-2.14659,-1.76558,-1.56342,0.776389,0.904167,0.98125,5.26414,4.62104,5.27907,5.42296,7.52257,6.60415,6.93616,7.11988,5.62357,5.0757,5.57074,5.92862,7.09223,6.8174,6.97531,7.2678,-9999,-9999
200710,7.265,1.0,225.548,97.126,1.0,303.227,1.0,1.025,1.0,85.94,0.0,1.587,1.0,1.374,0.587366,0.126875106723,0.502688172043,31.18667284,0.997311827957,183.408811526,1.0,17.3829099462,1.0,349.031713876,0.997983870968,373.643,0.920027,9.355,9.479,9.556,9.649,9.862,10.063,10.407,10.705,11.45,1.0,1.0,1.0,1.0,1.0,1.0,1.0,1.0,1.0,39.895,51.712,59.308,59.678,56.456,1.0,1.0,1.0,1.0,1.0,-4.99367,3.0,27.9836,0.864919,28.6097,0.455401,8.26653,0.930108,8.4515,0.347704,0.429171,0.791667,0.0701086,-0.0949077,0.124846,0.303672,0.829973,0.549059,0.81586,4.06368,3.71562,3.99392,4.07352,3.51133,3.51133,3.78838,4.01102,4.01572,3.85267,4.36375,5.33284,4.61393,3.97078,4.51629,4.72493,-9999,-9999
200711,1.03,1.0,146.814,46.882,0.999306,284.798,1.0,0.553,1.0,85.507,0.0,0.947,1.0,1.899,0.202083,-9999,-9999,-0.652928784069,0.98125,90.7526402222,1.0,15.4144618006,0.996527777778,312.271831971,0.989583333333,383.003,0.816667,3.292,3.233,3.241,3.43,3.758,4.266,4.822,5.469,7.024,1.0,1.0,1.0,1.0,1.0,1.0,1.0,1.0,1.0,44.065,54.626,61.291,61.029,57.715,1.0,1.0,1.0,1.0,1.0,-7.24395,3.0,23.5414,0.803472,24.0682,0.514614,-10.7499,0.809722,-10.9904,0.388393,0.926873,0.754167,0.09538,0.807595,0.933603,0.963414,0.668056,0.778472,0.782639,1.87627,1.82864,1.90136,1.94205,0.934995,0.974484,0.983818,1.05946,2.16494,1.87356,2.08847,2.4295,1.12042,1.07738,1.12407,1.70582,-9999,-9999
200712,-0.459,1.0,110.365,45.856,0.966398,267.993,1.0,1.162,1.0,85.795,0.0,2.835,1.0,1.996,0.940188,0.183449219599,0.774193548387,-12.6054344158,0.996639784946,72.8573211156,1.0,28.7979937371,0.999327956989,297.244932796,0.997983870968,400.006,0.995968,1.785,1.755,1.721,1.807,2.041,2.378,2.78,3.228,4.502,1.0,1.0,1.0,1.0,1.0,1.0,1.0,1.0,1.0,46.325,55.272,62.128,61.841,57.72,1.0,1.0,1.0,1.0,1.0,-5.08429,3.0,11.0178,0.986559,11.494,0.432331,-9.74058,0.993952,-10.1616,0.458751,0.922421,0.946909,0.0382594,0.824439,0.852566,1.05656,0.973118,0.875,0.716398,0.876411,0.900809,0.994948,1.0728,-0.121591,0.00730326,0.0860235,0.13977,1.23469,1.21299,1.24193,1.29816,0.344266,0.165638,0.341963,0.89958,-9999,-9999
200801,2.37,1.0,127.383,56.376,1.0,269.991,1.0,2.051,1.0,85.715,0.0,1.29,0.999328,1.877,0.999328,0.179229486149,0.82123655914,-6.8789280199,0.995295698925,109.130312961,0.999327956989,18.505271677,0.997983870968,311.084079144,0.997983870968,388.809,1.0,1.047,1.165,1.078,1.146,1.343,1.582,1.92,2.248,3.286,1.0,1.0,1.0,1.0,1.0,1.0,1.0,1.0,1.0,46.99,55.018,61.844,61.882,57.688,1.0,1.0,1.0,1.0,1.0,-3.86442,3.0,16.7232,1.0,18.5934,0.660747,-21.6833,0.999328,-24.1082,0.805523,1.19628,0.975806,0.0344889,1.04286,1.1898,1.68503,0.985887,0.979839,0.884409,1.4519,1.35136,1.4119,1.73559,0.171577,-0.0431076,0.18434,0.295398,1.14662,1.33121,1.39127,1.54242,0.345007,0.303551,0.347633,0.378379,-9999,-9999
200802,2.218,1.0,192.372,107.487,0.997126,257.168,1.0,1.769,1.0,86.149,0.0,1.283,1.0,1.664,0.994971,0.15666121095,0.818247126437,17.0683805238,0.994971264368,203.115329483,1.0,28.9727633058,0.998563218391,315.289750871,0.998563218391,382.604,1.0,1.47,1.72,1.592,1.578,1.702,1.752,1.967,2.115,2.841,1.0,1.0,1.0,1.0,1.0,1.0,1.0,1.0,1.0,45.858,53.912,61.047,60.994,56.971,1.0,1.0,1.0,1.0,1.0,-1.52887,3.0,17.8339,0.993534,19.8284,0.478607,-1.21009,0.996408,-1.34543,0.590817,0.69147,0.95546,0.0388201,0.578986,0.737107,0.890226,0.986351,0.952586,0.972701,1.86111,1.54954,1.78205,1.88955,1.11597,0.904627,0.968527,1.08871,0.975964,1.07581,1.16661,1.3018,0.65466,0.63726,0.669489,1.43792,-9999,-9999
200803,1.764,1.0,286.484,118.448,0.978495,284.666,1.0,1.352,1.0,84.618,0.0,2.523,1.0,2.591,0.979839,0.257510211456,0.840053763441,17.7845556669,0.947580645161,219.297851894,0.998655913978,50.4225328453,0.950268817204,313.467802305,0.997983870968,367.589,0.995968,2.686,2.744,2.667,2.671,2.818,2.936,3.178,3.291,3.775,1.0,1.0,1.0,1.0,1.0,1.0,1.0,1.0,1.0,51.827,56.56,62.627,61.825,58.776,1.0,1.0,1.0,1.0,1.0,-2.18428,3.0,24.1457,0.991935,27.5792,0.590054,-10.8042,0.990591,-12.3406,0.499302,0.878108,0.948925,0.0492259,0.663839,0.827365,0.867784,0.887097,0.966398,0.948253,1.82388,1.68089,1.74373,1.77361,0.971938,0.826738,0.940981,1.05499,1.14531,1.1852,1.25352,1.37822,0.664758,0.664758,0.735571,0.98969,-9999,-9999
200804,5.368,1.0,382.564,157.59,0.990278,302.167,1.0,1.615,1.0,84.931,0.0,5.317,1.0,1.925,0.989583,0.197649818086,0.85625,71.8236948675,0.983333333333,310.045976199,0.998611111111,41.213716723,0.986111111111,339.819695833,1.0,375.831,0.997917,6.07,6.228,6.162,6.017,6.078,5.706,5.619,5.221,4.826,1.0,1.0,1.0,1.0,1.0,1.0,1.0,1.0,1.0,51.807,56.41,62.451,62.08,59.126,1.0,1.0,1.0,1.0,1.0,3.67159,3.0,47.5299,0.986806,55.7318,0.666119,11.6545,0.994444,13.6657,0.455166,-2.19407,0.909028,0.0589268,-3.13856,-2.32771,-1.87798,0.876389,0.90625,0.981944,1.71567,1.80589,2.30546,2.38988,4.16725,4.16725,4.29529,5.14615,2.30812,2.36284,2.65717,2.88901,3.811,3.82052,4.01232,4.18393,-9999,-9999
200805,13.03,1.0,454.332,231.756,1.0,314.013,1.0,4.765,1.0,85.431,0.0,1.045,0.999328,2.014,1.0,0.207258159447,0.911290322581,118.045530297,0.989919354839,460.529815796,0.998655913978,45.8400586154,0.992607526882,376.27324552,0.997983870968,361.634,1.0,12.766,13.043,12.958,12.776,12.817,12.122,11.811,11.0,9.624,1.0,1.0,1.0,1.0,1.0,1.0,1.0,1.0,1.0,29.743,41.208,52.188,57.986,56.065,1.0,1.0,1.0,1.0,1.0,5.59114,3.0,95.2253,0.999328,103.551,0.605357,10.6066,1.0,11.5339,0.469999,-5.73374,0.995968,0.0770564,-5.9489,-5.90392,-5.84775,0.998656,0.995968,0.992608,7.36705,6.66934,7.19855,7.39266,13.2576,12.5808,12.9829,13.2853,5.73422,5.87315,6.10668,6.53161,11.9488,11.8303,11.9488,12.0462,-9999,-9999
200806,14.8,1.0,485.525,219.341,1.0,344.423,1.0,2.769,1.0,85.729,0.0,5.007,1.0,1.214,0.977083,0.168040234453,0.845833333333,131.63585788,0.994444444444,446.181165757,1.0,41.1289002274,0.995138888889,387.758894459,0.999305555556,382.594,0.999306,14.929,15.043,14.872,14.748,14.834,14.271,14.049,13.356,12.148,1.0,1.0,1.0,1.0,1.0,1.0,1.0,1.0,1.0,32.258,41.638,51.023,58.114,56.718,1.0,1.0,1.0,1.0,1.0,3.91441,3.0,91.1491,1.0,99.4272,0.818814,27.0535,0.998611,29.5105,0.407088,-2.92353,0.963194,0.122902,-3.0309,-2.77459,-2.42162,0.995833,0.994444,0.757639,10.1558,8.11256,8.977,12.5563,13.0068,11.074,11.737,14.9469,7.399,7.98719,8.97605,10.1665,10.632,10.6828,11.1482,11.6069,-9999,-9999
200807,15.734,1.0,468.294,239.922,1.0,340.412,1.0,3.429,1.0,85.784,0.0,7.21,1.0,1.383,0.999328,0.187920272681,0.864919354839,141.39948553,0.998655913978,491.486625907,1.0,40.9339078586,0.999327956989,395.431090726,1.0,369.365,1.0,16.663,16.688,16.479,16.386,16.508,16.111,15.979,15.403,14.306,1.0,1.0,1.0,1.0,1.0,1.0,1.0,1.0,1.0,39.422,44.514,54.813,58.649,56.68,1.0,1.0,1.0,1.0,1.0,3.08765,3.0,104.482,0.999328,108.619,1.03144,29.0965,0.998656,30.2485,0.577729,-0.15015,0.982527,0.132634,-0.46924,-0.363502,-0.293727,0.992608,0.991263,0.991935,8.61786,8.1879,8.71752,9.01096,7.98153,8.35775,9.02819,9.23078,7.51284,7.45825,7.75488,8.28427,8.25391,8.14187,8.40494,8.64401,-9999,-9999
200808,15.252,1.0,407.111,197.165,1.0,339.079,1.0,1.803,1.0,85.733,0.0,7.294,1.0,1.29,0.995968,0.161059210804,0.896505376344,103.581304478,0.997983870968,407.526341949,1.0,38.0808856669,0.998655913978,391.388789651,1.0,371.801,0.999328,17.198,17.533,17.358,17.313,17.456,17.118,17.069,16.628,15.872,1.0,1.0,1.0,1.0,1.0,1.0,1.0,1.0,1.0,44.0,46.832,60.023,59.109,56.922,1.0,1.0,1.0,1.0,1.0,1.68957,3.0,84.6857,1.0,82.9794,0.930875,19.9901,0.998656,19.5873,0.462665,-2.95957,0.982527,0.105032,-3.5513,-3.12983,-2.95957,0.995968,0.959677,0.982527,8.22248,7.38961,8.18986,9.22846,11.5997,10.3655,11.1494,13.0186,7.00152,6.8043,7.15698,7.7206,10.4268,10.4053,10.505,10.658,-9999,-9999
200809,10.111,1.0,318.691,126.847,1.0,322.208,1.0,0.913,1.0,85.671,0.0,4.843,1.0,1.65,1.0,0.159164817304,0.9125,56.609252433,0.996527777778,256.402900065,0.999305555556,25.9117810284,0.999305555556,362.574402778,1.0,385.437,1.0,12.87,12.983,12.932,12.963,13.138,13.264,13.536,13.621,13.933,1.0,1.0,1.0,1.0,1.0,1.0,1.0,1.0,1.0,46.609,46.26,60.307,58.999,56.63,1.0,1.0,1.0,1.0,1.0,-4.11728,3.0,44.907,0.997222,47.3813,0.610719,13.6218,0.998611,14.3724,0.379921,-1.11351,0.970833,0.0887931,-1.20295,-1.03248,-0.239942,0.992361,0.96875,0.893056,6.11306,5.2574,5.86521,6.8227,7.39059,6.47742,6.90706,7.19818,2.76162,3.93451,4.41913,6.32043,5.16338,5.16355,5.52982,6.21959,-9999,-9999
200810,8.192,1.0,222.536,88.464,0.997984,314.806,1.0,0.766,1.0,85.709,0.0,3.752,0.999328,1.362,0.999328,0.158694577014,0.85752688172,31.3851442466,0.993951612903,173.620432716,0.995967741935,17.606967967,0.997311827957,350.384649437,0.999327956989,389.342,1.0,9.578,9.735,9.705,9.729,9.926,10.099,10.398,10.554,11.119,1.0,1.0,1.0,1.0,1.0,1.0,1.0,1.0,1.0,49.992,49.501,60.859,59.397,56.927,1.0,1.0,1.0,1.0,1.0,-4.05388,3.0,26.6115,0.995296,27.7616,0.463721,8.0176,1.0,8.36411,0.367704,0.0954119,0.983199,0.0875942,0.30706,0.354742,1.48378,0.994624,0.994624,0.816532,3.57438,3.84232,4.07224,4.35186,3.31293,3.12201,3.55158,3.71502,4.25399,3.93878,4.25976,4.87871,3.50168,3.3724,3.54625,3.74673,-9999,-9999
200811,3.005,1.0,144.845,56.08,1.0,282.708,1.0,1.029,1.0,85.226,0.0,1.19,1.0,1.975,0.997222,0.180521599067,0.873611111111,-3.13233592376,0.991666666667,116.051108538,0.997222222222,15.3814666081,0.994444444444,318.920115972,1.0,394.85,1.0,4.738,4.693,4.726,4.787,5.025,5.522,6.024,6.539,7.881,1.0,1.0,1.0,1.0,1.0,1.0,1.0,1.0,1.0,53.8,54.531,62.955,60.386,57.642,1.0,1.0,1.0,1.0,1.0,-6.78138,3.0,16.3019,0.999306,17.0064,0.439589,-14.4374,0.998611,-15.0614,0.517456,1.21141,0.993056,0.0672206,0.966619,1.21141,2.00336,0.998611,0.993056,0.955556,2.88369,2.34257,2.63813,3.30846,1.68614,1.28194,1.36344,1.40151,1.8806,2.13514,2.60773,3.77139,1.32409,1.30756,1.42391,1.69741,-9999,-9999
200812,-0.847,1.0,110.043,36.267,0.997312,275.956,1.0,0.698,1.0,85.288,0.0,1.119,1.0,2.13,1.0,0.186803366419,0.867607526882,-9.42520920369,0.997311827957,72.98831125,1.0,14.956480484,0.996639784946,299.575255376,1.0,437.177,1.0,1.462,1.41,1.453,1.504,1.714,2.228,2.734,3.27,4.71,1.0,1.0,1.0,1.0,1.0,1.0,1.0,1.0,1.0,55.07,55.578,64.073,61.23,57.848,1.0,1.0,1.0,1.0,1.0,-6.10234,3.0,8.1129,0.995968,11.2038,0.408331,-16.6948,0.999328,-23.0553,0.689701,2.23336,0.974462,0.0522117,1.4892,1.86782,2.22967,0.992608,0.97379,0.915323,2.2759,1.95594,2.09083,2.16818,0.217114,-0.0260085,0.380221,0.46082,1.58183,1.60929,2.01165,2.68978,0.239597,0.243792,0.262129,0.500124,-9999,-9999
200901,-2.68,1.0,127.383,51.074,0.997312,261.674,1.0,0.799,1.0,84.909,0.0,0.79,1.0,1.46,0.96371,0.135510702898,0.735215053763,-10.5701544669,0.999327956989,100.223118044,1.0,28.7528293011,1.0,278.532842742,1.0,399.53,1.0,-0.048,-0.082,-0.022,0.0,0.19,0.584,1.016,1.467,2.789,1.0,1.0,1.0,1.0,1.0,1.0,1.0,1.0,1.0,50.098,52.494,61.938,59.683,56.612,1.0,1.0,1.0,1.0,1.0,-3.57528,3.0,3.20254,0.993952,3.43768,0.187829,-5.44078,1.0,-5.84026,0.429083,0.635567,0.954973,0.0340924,0.546757,0.624208,0.997433,0.987231,0.988575,0.841398,0.789984,0.67985,0.884613,1.01509,0.268456,0.0401316,0.105027,0.221318,0.732801,0.648907,0.819777,1.11487,0.0915868,0.0499674,0.0965766,0.185737,-9999,-9999
200902,-1.221,1.0,190.893,75.658,1.0,278.789,1.0,0.821,1.0,84.902,0.0,3.025,0.999256,1.819,0.998512,0.167078860531,0.852678571429,7.2309214045,0.99255952381,152.708770281,0.999255952381,44.3890613712,0.997767857143,287.463880794,0.998511904762,456.317,1.0,0.469,0.438,0.423,0.41,0.568,0.803,1.126,1.385,2.317,1.0,1.0,1.0,1.0,1.0,1.0,1.0,1.0,1.0,54.488,54.63,63.958,61.026,57.766,1.0,1.0,1.0,1.0,1.0,-2.98314,3.0,9.05563,0.99628,11.5302,0.344128,-5.20539,0.997768,-6.62782,0.424425,1.0207,0.880952,0.0323308,0.737095,0.864946,1.58709,0.958333,0.886161,0.793899,2.17758,1.10643,1.19072,1.55913,1.28274,-0.0171061,0.307837,0.383314,1.03206,0.991351,1.09063,1.21117,0.279409,0.225905,0.254041,0.360229,-9999,-9999
200903,1.508,1.0,283.188,114.956,1.0,280.6,1.0,1.086,1.0,85.101,0.0,2.861,1.0,2.258,1.0,0.176817944138,0.870967741935,11.3294885081,1.0,245.324644576,0.998655913978,73.8878696237,1.0,296.170305108,1.0,394.104,1.0,0.412,0.337,0.325,0.326,0.487,0.75,1.066,1.289,2.09,1.0,1.0,1.0,1.0,1.0,1.0,1.0,1.0,1.0,56.413,55.295,66.264,62.212,59.019,1.0,1.0,1.0,1.0,1.0,-3.10201,3.0,5.5808,0.997984,6.28001,0.281541,-12.6702,0.997312,-14.2576,0.393601,1.36626,0.959005,0.0263308,1.09729,1.1671,1.27707,0.981855,0.981183,0.870968,1.59678,1.43725,1.59719,1.75705,0.288969,0.309973,0.444212,0.514051,0.847449,1.05956,1.31101,1.64105,0.195849,0.141389,0.377406,0.99998,-9999,-9999
200904,9.271,1.0,379.685,204.428,1.0,290.739,1.0,3.692,1.0,85.261,0.0,1.447,1.0,2.133,1.0,0.192221947741,0.895833333333,98.0375824627,0.991666666667,416.529290083,0.999305555556,37.9994861111,1.0,344.737132639,1.0,372.895,1.0,8.023,8.316,8.156,7.972,8.008,7.241,7.029,6.307,5.336,1.0,1.0,1.0,1.0,1.0,1.0,1.0,1.0,1.0,42.983,50.387,59.613,59.717,57.388,1.0,1.0,1.0,1.0,1.0,5.95262,3.0,51.763,1.0,62.8608,0.726398,10.0004,1.0,12.1445,0.688757,-0.884318,0.977778,0.0629844,-0.988947,-0.933836,-0.474241,0.994444,0.989583,0.801389,4.30518,4.12374,4.24072,5.0924,5.1615,5.10469,5.17148,5.5318,3.25351,3.9442,4.06894,4.30436,4.95518,4.84907,4.92638,4.95993,-9999,-9999
200905,13.194,1.0,452.553,228.981,1.0,321.161,1.0,3.802,1.0,85.902,0.0,4.59,1.0,1.56,1.0,0.183617926442,0.894489247312,134.985681097,0.991935483871,463.776828106,0.999327956989,36.3774462366,1.0,364.364150538,1.0,379.315,1.0,13.261,13.536,13.37,13.191,13.242,12.473,12.174,11.284,9.824,1.0,1.0,1.0,1.0,1.0,1.0,1.0,1.0,1.0,43.21,51.594,58.36,59.315,57.002,1.0,1.0,1.0,1.0,1.0,5.85074,3.0,87.4889,1.0,106.246,0.629485,17.728,1.0,21.5289,0.482298,-5.61581,0.971774,0.0758822,-6.99815,-5.91021,-5.73367,0.629032,0.995968,0.994624,8.69414,7.73475,8.15842,8.71419,14.4322,13.4597,13.969,15.6223,7.26089,6.77733,6.99312,7.35949,12.5892,12.5892,12.7002,12.9293,-9999,-9999
200906,13.678,1.0,485.263,223.765,1.0,334.895,1.0,1.871,1.0,85.655,0.0,7.463,1.0,1.349,0.996528,0.189357251308,0.896527777778,140.413698549,0.998611111111,456.622535611,1.0,31.9189652778,1.0,368.755165278,1.0,392.396,1.0,14.431,14.633,14.49,14.409,14.519,14.088,13.997,13.414,12.48,1.0,1.0,1.0,1.0,1.0,1.0,1.0,1.0,1.0,45.298,49.843,56.149,58.997,56.877,1.0,1.0,1.0,1.0,1.0,1.99231,3.0,87.8382,0.999306,104.676,0.685207,28.8781,1.0,34.4137,0.472031,-5.01461,0.98125,0.119098,-4.78975,-4.71831,-4.32274,0.98125,0.983333,0.928472,6.61477,6.77042,6.99572,7.18983,11.0845,11.1562,11.6733,11.9191,6.07567,6.28436,6.6635,7.67012,11.2566,11.2139,11.3404,11.7058,-9999,-9999
200907,16.356,1.0,469.595,217.87,1.0,345.67,1.0,2.69,1.0,85.847,0.0,6.732,0.998656,1.496,0.924059,0.198197224351,0.793010752688,129.703780079,0.993951612903,459.247829758,0.999327956989,28.0280883951,0.999327956989,385.037490663,0.998655913978,373.599,0.991263,17.405,17.754,17.558,17.462,17.565,17.01,16.853,16.106,14.837,1.0,1.0,1.0,1.0,1.0,1.0,1.0,1.0,1.0,47.079,52.151,57.577,59.556,57.419,1.0,1.0,1.0,1.0,1.0,2.65615,3.0,97.4887,0.991263,107.67,0.862657,19.5181,0.991263,21.5565,0.480343,-0.35676,0.980511,0.137669,-0.699483,-0.467415,-0.35676,0.907258,0.985215,0.980511,9.59815,8.92303,9.19141,10.0216,9.95779,9.29111,9.62525,10.6825,6.42918,6.02254,6.93658,7.2079,7.91317,7.29836,7.72847,7.88565,-9999,-9999
200908,17.575,1.0,409.633,216.244,1.0,341.397,1.0,1.0,1.0,86.017,0.0,6.739,1.0,1.333,0.997984,0.141662906172,0.573252688172,120.159100362,0.999327956989,448.266442473,1.0,32.5107594086,1.0,385.47091129,1.0,377.475,1.0,17.977,18.292,18.039,18.003,18.151,17.771,17.75,17.203,16.325,1.0,1.0,1.0,1.0,1.0,1.0,1.0,1.0,1.0,40.118,48.421,53.197,58.096,56.425,1.0,1.0,1.0,1.0,1.0,1.51171,3.0,88.8996,0.74664,99.1294,0.750982,17.6353,0.762097,19.6646,0.384693,-2.25548,0.677419,0.101697,-2.75616,-2.42539,-2.22297,0.692876,0.69086,0.209005,8.79436,7.48623,7.8814,11.539,11.961,10.4043,10.9487,13.9451,7.32535,6.29695,7.04013,10.2642,10.6076,9.6272,9.86522,11.4341,-9999,-9999
200909,13.043,1.0,321.842,140.075,1.0,325.045,1.0,0.058,1.0,85.983,0.0,1.51,1.0,1.727,1.0,-9999,-9999,65.8959712928,0.999305555556,287.43129483,0.999305555556,18.1347569444,1.0,362.315852778,1.0,386.136,1.0,14.336,14.508,14.451,14.485,14.659,14.698,14.921,14.806,14.818,1.0,1.0,1.0,1.0,1.0,1.0,1.0,1.0,1.0,33.184,42.113,48.213,56.543,54.955,1.0,1.0,1.0,1.0,1.0,-2.93566,3.0,45.6879,0.0,50.9452,5.19328,13.9925,0.0,15.6026,2.10435,-1.17024,0.0,0.791577,-2.18899,-1.17024,-0.823534,0.0,0.0,0.0,5.79077,4.83747,5.24925,9.54575,8.84983,6.75982,8.30902,10.6121,6.38857,4.12388,4.89662,9.7407,7.62485,5.46345,6.90396,8.85282,-9999,-9999
200910,7.671,1.0,225.548,90.504,1.0,305.364,1.0,0.096,1.0,85.635,0.0,3.761,1.0,1.802,0.966398,-9999,-9999,30.6475628117,0.998655913978,183.032088582,0.997311827957,13.4597177419,1.0,333.502692876,1.0,386.771,1.0,9.411,9.497,9.504,9.589,9.819,10.195,10.657,10.958,11.86,1.0,1.0,1.0,1.0,1.0,1.0,1.0,1.0,1.0,39.383,42.661,51.724,58.574,57.711,1.0,1.0,1.0,1.0,1.0,-7.39239,3.0,34.7759,0.0,36.32,-9999,3.31248,0.0,3.45956,-9999,2.40241,0.0,-9999,0.835784,2.23794,2.78973,0.0,0.0,0.0,4.16984,3.61285,3.89567,7.40131,2.61796,0.906253,1.82463,5.95762,5.72043,3.05895,3.84657,7.08289,5.4309,3.70201,4.8432,6.25451,-9999,-9999
200911,5.947,1.0,146.814,51.009,1.0,297.401,1.0,0.379,1.0,85.123,0.0,4.217,0.999306,2.476,0.976389,-9999,-9999,5.618940298,0.99375,106.580318042,0.999305555556,1.64176290615,0.995833333333,323.639926334,0.995833333333,378.393,1.0,5.554,5.476,5.46,5.547,5.774,6.308,6.819,7.218,8.356,1.0,1.0,1.0,1.0,1.0,1.0,1.0,1.0,1.0,48.862,47.956,57.173,60.733,59.433,1.0,1.0,1.0,0.999306,1.0,-6.86249,3.0,108.345,0.0,119.019,-9999,16.0727,0.0,17.6563,-9999,-2.46159,0.0,-9999,-2.66637,-2.45354,-2.21395,0.0,0.0,0.0,3.61226,3.19835,3.43622,6.68766,7.29739,5.49331,5.97704,8.15855,5.51285,2.37321,3.45566,6.48078,3.41163,2.18676,2.91066,3.88587,-9999,-9999
200912,-0.869,1.0,110.365,31.285,1.0,285.671,1.0,0.304,1.0,84.515,0.0,3.939,1.0,1.788,0.661962,-9999,-9999,-2.00021068548,1.0,59.4535494489,1.0,15.1928427419,1.0,287.976301747,1.0,385.718,0.997984,1.524,1.376,1.427,1.493,1.709,2.32,2.897,3.477,5.044,1.0,1.0,1.0,1.0,1.0,1.0,1.0,1.0,1.0,51.673,55.175,59.11,61.526,60.238,1.0,1.0,1.0,1.0,1.0,-7.02672,3.0,3.65169,0.0,5.04292,-9999,-1.46785,0.0,-2.02707,-9999,0.754208,0.0,-9999,0.70522,0.750321,1.24989,0.0,0.0,0.0,2.05863,1.94508,2.06559,4.34274,2.11144,1.25738,1.34225,2.96962,4.57647,1.3386,2.27034,4.57647,2.31889,1.39186,1.85444,2.59632,-9999,-9999
201001,-3.945,1.0,127.383,45.178,0.985215,271.71,1.0,0.175,1.0,84.744,0.0,1.5,1.0,1.257,0.192876,-9999,-9999,-0.405775873656,1.0,90.0313566196,1.0,25.5077956989,1.0,276.856377016,1.0,428.912,0.96707,0.89,0.82,0.79,0.818,0.966,1.385,1.804,2.141,3.275,1.0,1.0,1.0,1.0,1.0,1.0,1.0,1.0,1.0,50.986,56.323,57.722,60.333,59.185,1.0,1.0,1.0,1.0,1.0,-4.53183,3.0,2.05554,0.0,2.72795,-9999,-3.0721,0.0,-4.07705,-9999,0.670058,0.0,-9999,0.596152,0.673241,0.745555,0.0,0.0,0.0,1.10079,0.961046,1.21575,1.29225,0.365705,0.0708249,0.427167,0.630714,0.754547,0.36882,0.41911,0.868035,0.0,0.0,0.0,0.567157,-9999,-9999
201002,-1.014,1.0,190.893,78.44,0.997024,276.093,1.0,1.22,1.0,84.211,0.0,1.232,1.0,2.023,0.770833,-9999,-9999,5.24752165179,1.0,165.882851339,1.0,49.7096875,1.0,284.49278497,1.0,383.972,0.985863,0.606,0.538,0.506,0.52,0.665,1.036,1.421,1.691,2.683,1.0,1.0,1.0,1.0,1.0,1.0,1.0,1.0,1.0,53.856,57.489,59.615,61.322,60.005,1.0,1.0,1.0,1.0,1.0,-3.92722,3.0,4.84768,0.0,6.17236,0.505964,-2.80224,0.0,-3.56798,0.712773,0.243008,0.0,-9999,0.367038,0.397432,0.482106,0.0,0.0,0.0,1.6428,1.2525,1.91537,2.00345,1.3775,0.569654,1.38337,1.75915,1.19401,0.448807,0.754413,1.35363,0.0,0.0,0.0,0.894458,-9999,-9999
201003,2.066,1.0,283.188,131.273,0.993952,275.092,1.0,1.377,1.0,85.275,0.0,1.829,0.999328,2.275,0.93078,0.180854713584,0.588037634409,33.1513142073,0.999327956989,269.894463665,0.999327956989,52.8504758636,0.999327956989,304.282222175,0.999327956989,385.936,0.999328,2.128,2.146,2.097,2.034,2.176,2.114,2.294,2.223,2.604,1.0,1.0,1.0,1.0,1.0,1.0,1.0,1.0,1.0,52.815,56.866,58.384,60.799,59.879,1.0,1.0,1.0,1.0,1.0,0.570089,3.0,21.58,0.859543,24.2838,0.523918,-3.08108,0.865591,-3.4671,0.490662,0.936935,0.795027,0.0371521,0.970182,1.04373,1.17219,0.824597,0.813844,0.703629,1.89212,1.82914,1.95682,2.12396,0.915566,0.792258,0.927462,0.998579,1.31758,1.33009,1.42712,1.63347,0.413022,0.474087,0.525058,1.32605,-9999,-9999
201004,7.452,1.0,379.685,199.047,0.998611,284.527,1.0,1.931,1.0,85.546,0.0,1.86,1.0,1.837,0.998611,0.164346166049,0.891666666667,92.5592834398,0.997916666667,406.618479588,0.998611111111,33.7653194444,1.0,339.957088194,1.0,374.394,1.0,7.948,8.218,8.078,7.924,8.045,7.403,7.299,6.674,5.941,1.0,1.0,1.0,1.0,1.0,1.0,1.0,1.0,1.0,45.517,51.256,54.296,59.432,58.765,1.0,1.0,1.0,1.0,1.0,5.27209,3.0,52.7171,0.999306,59.3219,0.542778,25.8019,0.997222,29.0345,0.428067,-3.09868,0.98125,0.0675754,-3.65262,-3.18147,-3.1091,0.8875,0.983333,0.9875,3.78636,3.42237,3.67645,3.87276,7.14934,6.61293,6.88159,7.37157,2.90819,3.01902,3.14954,3.45232,6.17101,6.12495,6.1934,6.35739,-9999,-9999
201005,8.671,1.0,452.553,148.908,1.0,332.978,1.0,0.891,1.0,85.22,0.0,8.935,1.0,1.64,1.0,0.190956975101,0.873655913978,98.6767029899,0.999327956989,314.272435759,1.0,19.8509206989,1.0,347.019684812,1.0,410.023,1.0,10.796,11.018,10.982,10.907,11.025,10.636,10.608,10.054,9.199,1.0,1.0,1.0,1.0,1.0,1.0,1.0,1.0,1.0,51.08,54.622,58.143,60.768,60.107,1.0,1.0,1.0,1.0,1.0,2.70349,3.0,56.8538,0.998656,69.5761,0.582759,21.8054,1.0,26.6849,0.320338,-6.89482,0.992608,0.151349,-6.50393,-6.32148,-6.07849,0.989247,0.997312,0.915995,4.47723,3.43604,4.03298,4.26208,11.5691,9.61896,10.2171,10.4285,4.21635,4.19363,4.54008,4.97549,9.51124,9.51264,9.55573,9.75506,-9999,-9999
201006,14.133,1.0,485.263,207.727,1.0,337.246,1.0,1.835,1.0,85.539,0.0,7.263,1.0,1.992,0.999306,0.194513361605,0.910416666667,125.803314943,0.997916666667,440.864476076,1.0,29.6804166667,1.0,371.119544444,1.0,400.661,1.0,14.03,14.208,14.181,14.105,14.209,13.665,13.552,12.91,11.904,1.0,1.0,1.0,1.0,1.0,1.0,1.0,1.0,1.0,46.848,50.354,54.192,59.65,59.13,1.0,1.0,1.0,1.0,1.0,4.62953,3.0,85.1011,1.0,99.9054,0.539976,18.98,1.0,22.2818,0.353392,-0.636963,0.982639,0.0952143,-0.824441,-0.648975,-0.432487,0.996528,0.971528,0.953472,7.8396,7.49492,7.78747,7.92659,8.32811,8.161,8.38452,8.48686,7.40052,7.06319,7.29945,7.4792,8.50079,8.11159,8.49907,8.56009,-9999,-9999
201007,17.58,1.0,469.595,242.985,1.0,347.733,1.0,2.379,1.0,85.96,0.0,11.229,1.0,1.37,0.999328,0.178295441295,0.880376344086,146.568168265,0.998655913978,517.381782292,1.0,31.5888037634,1.0,393.458630376,1.0,389.629,1.0,17.882,18.007,17.85,17.787,17.93,17.357,17.258,16.497,15.204,1.0,1.0,1.0,1.0,1.0,1.0,1.0,1.0,1.0,38.722,42.237,47.168,57.517,59.075,1.0,1.0,1.0,1.0,1.0,4.92651,3.0,98.3145,1.0,105.489,0.859789,34.2253,0.999328,36.723,0.554474,1.01599,0.981855,0.11788,0.666439,0.74837,1.01599,0.925403,0.991263,0.981855,12.5397,10.1039,10.9632,11.7082,11.6707,9.38642,10.2804,10.7928,10.0762,8.29147,9.09681,9.751,8.74188,8.26525,8.73877,9.14748,-9999,-9999
201008,14.743,1.0,409.633,163.321,1.0,347.192,1.0,0.641,1.0,85.724,0.0,9.845,1.0,1.34,0.998656,0.188472684888,0.899193548387,94.5705133604,0.985215053763,347.715346767,0.998655913978,22.0902656429,0.997311827957,374.554811494,0.995295698925,385.799,1.0,16.033,16.13,16.009,16.007,16.197,16.08,16.197,15.903,15.524,1.0,1.0,1.0,1.0,1.0,1.0,1.0,1.0,1.0,49.145,52.551,54.509,59.785,59.834,1.0,1.0,1.0,1.0,1.0,0.30094,3.0,100.744,0.999328,85.3839,0.951947,12.4795,0.997312,10.5768,0.43638,-2.58794,0.961694,0.100883,-2.88371,-2.58794,-2.42581,0.920699,0.961694,0.978495,9.24479,9.02966,9.3118,9.74004,11.7898,11.4628,11.9396,12.438,6.19487,5.85048,6.41913,7.35434,10.7508,9.45605,9.75348,10.1962,-9999,-9999
201009,10.885,1.0,321.842,146.502,1.0,314.902,1.0,0.324,1.0,85.593,0.0,6.72,1.0,1.213,0.997917,0.146629398056,0.850694444444,68.9054653575,0.997222222222,308.003173333,1.0,20.2026944444,1.0,352.412708333,1.0,381.885,1.0,12.073,12.188,12.152,12.202,12.394,12.651,12.993,13.135,13.659,1.0,1.0,1.0,1.0,1.0,1.0,1.0,1.0,1.0,50.087,52.785,54.761,59.142,59.196,1.0,1.0,1.0,1.0,1.0,-4.52489,3.0,66.546,0.999306,57.9837,0.853402,19.0684,1.0,16.615,0.377973,-0.112254,0.952083,0.109926,-0.192612,-0.0874064,0.196255,0.991667,0.99375,0.995833,4.78702,4.68547,4.83895,5.21072,4.98475,4.80137,5.00838,5.12031,4.72591,4.5968,4.95022,5.70246,5.08861,4.57352,4.84229,5.10111,-9999,-9999
201010,7.234,1.0,225.548,83.983,1.0,306.63,1.0,1.278,1.0,85.334,0.0,2.542,1.0,1.852,0.999328,0.186461056885,0.887096774194,27.8175897621,0.997311827957,176.696951378,1.0,11.4984005376,1.0,333.574305652,0.997983870968,404.82,1.0,8.353,8.49,8.508,8.583,8.782,9.247,9.675,10.004,10.959,1.0,1.0,1.0,1.0,1.0,1.0,1.0,1.0,1.0,52.453,54.002,56.889,60.167,59.966,1.0,1.0,1.0,1.0,1.0,-6.96412,3.0,41.6955,0.99664,36.3322,0.646449,-1.86928,1.0,-1.62884,0.377138,0.170624,0.992608,0.0685519,0.0170524,0.0909123,0.15023,0.994624,0.959677,0.997984,4.55464,4.30277,4.39508,4.43615,4.53824,4.19344,4.33712,4.39775,3.59147,3.59921,3.7717,4.04973,4.054,3.63985,3.91082,3.94957,-9999,-9999
201011,2.962,1.0,146.814,49.699,1.0,294.481,1.0,0.239,1.0,84.581,0.0,2.107,1.0,1.599,0.992361,0.181680738979,0.870833333333,7.41988436318,0.999305555556,102.401117139,1.0,7.90718055556,1.0,311.793427083,1.0,393.341,1.0,5.417,5.512,5.522,5.561,5.75,6.209,6.653,7.027,8.102,1.0,1.0,1.0,1.0,1.0,1.0,1.0,1.0,1.0,54.442,54.25,57.705,59.506,59.898,1.0,1.0,1.0,1.0,1.0,-8.8147,3.0,15.6693,0.997917,21.6391,0.417824,-3.81765,0.999306,-5.27211,0.449483,0.827418,0.981944,0.0475485,0.677577,0.817794,0.98309,0.995833,0.990278,0.903472,3.41596,2.45067,2.64252,2.9748,2.58135,1.52374,1.87316,1.95797,2.84071,2.6787,2.82876,3.12063,1.89984,1.7127,1.8438,1.90383,-9999,-9999
201012,-2.186,1.0,110.365,32.921,0.992608,290.848,1.0,0.364,1.0,84.722,0.0,2.771,0.999328,1.641,1.0,0.162170869208,0.88373655914,7.28978095687,0.999327956989,62.0727144212,0.997983870968,18.1721455331,0.999327956989,282.886830988,0.999327956989,434.207,0.989919,1.906,1.978,1.973,1.999,2.158,2.65,3.114,3.566,4.88,1.0,1.0,1.0,1.0,1.0,1.0,1.0,1.0,1.0,56.541,56.398,58.592,59.639,59.486,1.0,1.0,1.0,1.0,1.0,-9.59398,3.0,4.70918,0.977151,6.5033,0.302742,-10.6693,0.998656,-14.7342,0.414112,1.57886,0.932124,0.0308465,1.4131,1.54066,1.69871,0.94422,0.891129,0.803091,1.20427,1.06356,1.11602,1.18093,-0.471412,-0.556016,-0.40955,-0.285019,1.72892,1.4663,1.59871,1.77217,0.254719,0.144082,0.166915,0.244546,-9999,-9999
201101,2.889,1.0,127.383,49.733,1.0,279.478,1.0,2.379,1.0,85.417,0.0,1.6,1.0,1.65,1.0,0.145047217682,0.865591397849,1.88769663978,1.0,106.922431055,1.0,19.8779032258,1.0,290.719715726,1.0,414.866,1.0,1.927,1.741,1.716,1.696,1.856,2.187,2.531,2.777,3.651,1.0,1.0,1.0,1.0,1.0,1.0,1.0,1.0,1.0,56.253,56.69,58.099,59.593,58.645,1.0,1.0,1.0,1.0,1.0,-5.40967,3.0,2.83448,0.99328,3.00697,0.276196,-8.64605,0.999328,-9.1722,0.425116,1.15751,0.947581,0.0250343,0.898207,1.14914,1.35075,0.968414,0.954301,0.909274,1.29228,1.11514,1.23853,1.36112,0.0744179,-0.0339589,0.141724,0.197679,0.850688,0.822664,1.00279,1.3155,0.196373,0.12502,0.192291,0.289721,-9999,-9999
201102,2.063,1.0,190.893,87.455,1.0,270.212,1.0,3.357,0.668899,85.389,0.0,1.893,1.0,1.296,0.990327,0.136418934797,0.811755952381,8.81929335898,0.999255952381,179.427665507,0.998511904762,31.1744122024,1.0,300.671247768,1.0,406.447,0.999256,1.646,1.505,1.492,1.463,1.64,1.916,2.239,2.438,3.175,1.0,1.0,1.0,1.0,1.0,1.0,1.0,1.0,1.0,54.091,55.919,56.882,58.844,58.888,1.0,1.0,1.0,1.0,1.0,-5.05945,3.0,7.29111,0.995536,9.28349,0.24798,-1.59584,0.997768,-2.03192,0.44482,0.512612,0.918899,0.0251036,0.10454,0.30232,0.86776,0.979911,0.798363,0.608631,1.26179,0.804894,1.20367,1.29028,1.08242,0.258139,0.691494,0.787435,1.33717,1.11921,1.18245,1.44755,0.696244,0.199608,0.520086,0.712658,-9999,-9999
201103,4.084,1.0,283.188,139.828,1.0,273.688,1.0,1.751,0.0,85.682,0.0,1.426,1.0,1.876,0.924731,0.173808388874,0.786962365591,39.550440773,0.993951612903,281.690022124,1.0,41.8868615591,1.0,318.905946237,1.0,403.282,1.0,3.733,3.736,3.651,3.559,3.717,3.569,3.677,3.513,3.631,1.0,1.0,1.0,1.0,1.0,1.0,1.0,1.0,1.0,53.997,55.921,56.236,58.289,58.172,1.0,1.0,1.0,1.0,1.0,1.551,3.0,32.782,1.0,41.74,-9999,-2.39698,1.0,-3.05198,-9999,0.472237,0.991935,-9999,0.297907,0.472237,0.580098,1.0,0.991935,0.975806,2.33233,2.05845,2.33233,2.44049,1.71869,1.75567,1.79468,1.86213,2.24869,2.24869,2.38243,2.67431,2.16733,2.08682,2.29728,2.43406,-9999,-9999
201104,9.637,1.0,379.685,233.847,1.0,281.575,1.0,3.02,0.0,85.682,0.0,1.603,1.0,1.777,0.995833,0.190935884575,0.891666666667,112.20383866,0.978472222222,458.559076833,1.0,46.4593888889,1.0,349.549636806,1.0,384.924,1.0,10.244,10.335,10.101,9.979,10.181,9.68,9.576,8.945,7.972,1.0,1.0,1.0,1.0,1.0,1.0,1.0,1.0,1.0,43.265,47.375,51.108,55.912,56.514,1.0,1.0,1.0,1.0,1.0,6.71519,3.0,83.3438,1.0,81.9241,1.28508,19.1541,1.0,18.8278,0.962908,-5.02276,1.0,0.346175,-5.35767,-5.21395,-5.10501,0.997222,1.0,0.971528,6.53501,6.08149,6.25992,6.53501,11.697,11.2148,11.4549,11.7452,4.46772,4.32149,4.60935,5.01327,10.358,10.43,10.6023,10.9386,-9999,-9999
201105,12.34,1.0,452.553,260.974,1.0,308.605,1.0,5.463,0.986559,85.853,0.0,5.919,0.997312,1.401,0.846102,0.183986621298,0.715053763441,140.688449228,0.975134408602,510.132307673,0.998655913978,52.4167495882,0.99126344086,362.826317566,0.983870967742,384.684,0.989247,12.318,12.455,12.314,12.203,12.382,11.962,11.896,11.33,10.428,1.0,1.0,0.999328,1.0,0.999328,1.0,1.0,1.0,1.0,32.915,40.276,43.87,53.872,55.838,1.0,1.0,1.0,1.0,1.0,1.57393,3.0,96.1827,0.978495,102.014,0.66212,34.6582,0.989247,36.7593,0.359098,-5.1984,0.965726,0.113268,-7.03641,-5.1984,-4.62451,0.645161,0.965726,0.974462,8.31283,7.49884,8.13846,8.38591,13.7278,12.744,13.6551,15.1102,4.70244,4.74513,5.6259,6.39016,10.3765,9.77364,10.2361,10.513,-9999,-9999
201106,13.832,1.0,485.263,207.772,1.0,342.24,1.0,3.643,1.0,85.78,0.0,1.993,1.0,1.347,0.998611,0.201895205661,0.869444444444,120.50073564,0.995138888889,424.359182014,1.0,39.146125,1.0,374.551277083,1.0,388.122,1.0,14.043,14.094,13.941,13.881,14.036,13.782,13.79,13.309,12.52,1.0,1.0,1.0,1.0,1.0,1.0,1.0,1.0,1.0,37.571,47.435,46.725,54.775,55.871,1.0,1.0,1.0,1.0,1.0,0.609035,3.0,91.4423,0.988889,91.6924,0.909742,30.2089,0.999306,30.2915,0.459238,-1.06782,0.913889,0.106362,-1.44456,-1.06782,-0.545794,0.858333,0.913889,0.952778,8.33279,8.27495,9.65861,10.122,9.78181,9.59029,10.3157,10.705,7.28977,6.07125,7.28977,7.84983,9.36289,8.1202,8.64582,9.04619,-9999,-9999
201107,13.555,1.0,469.595,216.113,1.0,341.899,1.0,3.623,1.0,85.48,0.0,2.148,1.0,1.29,1.0,0.18634209334,0.873655913978,126.529088183,0.998655913978,441.878965496,0.999327956989,41.6202889785,1.0,377.117934812,1.0,397.352,1.0,16.322,16.093,15.878,15.854,16.062,15.957,16.065,15.69,15.009,1.0,1.0,1.0,1.0,1.0,1.0,1.0,1.0,1.0,45.824,51.1,53.748,57.463,56.684,1.0,1.0,1.0,1.0,1.0,2.52766,3.0,90.6043,0.999328,94.4928,0.825587,28.7345,0.999328,29.9676,0.411977,-1.37729,0.948925,0.0951768,-1.73085,-1.39926,-1.33999,0.883737,0.942204,0.987903,7.74687,6.77171,7.11633,7.67949,9.21408,8.38561,8.58569,9.09222,7.12293,6.95692,7.29864,7.62157,8.7577,8.67694,8.81955,8.98951,-9999,-9999
201108,16.911,1.0,409.633,235.484,1.0,343.71,1.0,5.47,1.0,85.839,0.0,0.8,1.0,1.327,0.946237,0.178247208191,0.784946236559,129.94768217,0.987231182796,470.999226807,0.998655913978,50.969508532,0.997311827957,384.781946856,0.995295698925,385.519,0.99664,16.528,16.611,16.515,16.499,16.672,16.477,16.539,16.167,15.596,1.0,1.0,1.0,1.0,0.999328,1.0,1.0,1.0,1.0,38.124,48.259,43.62,54.544,56.062,1.0,1.0,1.0,1.0,1.0,0.244724,3.0,111.15,0.99664,111.959,1.00333,18.5025,0.99664,18.637,0.510891,-2.31924,0.930108,0.105558,-3.44317,-2.31924,-1.76705,0.877016,0.930108,0.983871,10.0683,9.55525,10.0683,10.4038,12.9247,11.9169,12.2301,12.9247,9.26529,7.96959,8.8835,9.55897,10.8741,10.9972,11.2943,11.5063,-9999,-9999
201109,14.101,1.0,321.842,173.4,1.0,330.951,1.0,2.788,1.0,85.958,0.0,0.887,0.999306,1.216,1.0,0.162615775248,0.847916666667,84.317210953,0.997916666667,355.333049322,0.999305555556,37.2893374704,0.999305555556,370.63449935,0.999305555556,398.535,0.999306,14.449,14.525,14.492,14.506,14.677,14.761,14.994,14.958,15.076,1.0,1.0,1.0,1.0,1.0,1.0,1.0,1.0,1.0,38.957,49.568,47.565,55.777,57.162,1.0,1.0,1.0,1.0,1.0,-3.06192,3.0,68.2296,0.999306,67.8598,0.788691,19.9816,0.999306,19.8733,0.461477,1.16356,0.870833,0.0953818,0.916186,1.16207,1.25723,0.710417,0.888194,0.911806,8.22272,7.83853,8.56309,9.16482,6.97104,7.11656,7.51676,7.95322,6.24217,5.98813,6.60249,7.61596,5.85783,5.97651,6.25042,6.56317,-9999,-9999
201110,8.118,1.0,225.548,110.77,1.0,301.847,1.0,2.011,1.0,85.965,0.0,0.958,1.0,1.375,0.995968,0.161048843849,0.860887096774,36.1003801138,0.994623655914,224.059648851,1.0,25.6463104839,1.0,337.999552419,1.0,402.633,1.0,9.461,9.446,9.446,9.506,9.706,10.235,10.728,11.161,12.21,1.0,1.0,1.0,1.0,1.0,1.0,1.0,1.0,1.0,40.278,49.446,52.508,56.563,58.282,1.0,1.0,1.0,1.0,1.0,-7.96717,3.0,31.1891,0.997312,33.4577,0.576025,11.2842,0.999328,12.105,0.461442,-0.305549,0.889785,0.0676854,-0.963881,-0.700487,-0.370696,0.96707,0.928091,0.884409,4.67371,4.33092,4.65575,4.71569,5.0807,5.02709,5.1238,5.45198,3.4536,3.53612,3.92038,4.34412,4.64824,4.47934,4.62374,4.93323,-9999,-9999
201111,6.252,1.0,146.814,81.127,1.0,278.024,1.0,3.177,1.0,85.902,0.0,0.17,1.0,1.649,0.824306,0.168059272161,0.669444444444,3.47066956686,0.989583333333,160.756655159,0.997222222222,19.8078055556,1.0,322.201992361,1.0,386.77,0.997222,6.107,6.069,6.088,6.14,6.351,6.885,7.391,7.87,9.091,1.0,1.0,1.0,1.0,1.0,1.0,1.0,1.0,1.0,30.3,42.738,49.685,54.198,57.31,1.0,1.0,1.0,1.0,1.0,-7.38665,3.0,21.4213,0.995833,16.4336,0.472581,-5.49093,0.995833,-4.21243,0.529107,-0.183519,0.886806,0.052601,-0.674241,-0.471434,0.89965,0.996528,0.954861,0.449306,2.81344,2.09678,2.16061,3.098,2.5408,2.33175,2.5408,2.76702,2.52627,2.43469,2.77975,3.67592,2.99574,2.96866,3.26721,3.66301,-9999,-9999
201112,1.586,0.886425,110.365,30.475,0.887769,295.017,0.886425,1.112,0.886425,85.437,0.0,3.394,1.0,2.359,0.87164,0.266389040392,0.739919354839,-4.41456805508,0.865591397849,61.9442721605,0.870967741935,15.2085802469,0.870967741935,305.202582562,0.870967741935,396.906,0.885753,3.02,3.039,3.078,3.103,3.282,3.722,4.204,4.72,6.126,1.0,1.0,1.0,1.0,1.0,1.0,1.0,1.0,1.0,42.115,50.585,58.135,58.852,59.39,1.0,1.0,1.0,1.0,1.0,-6.53243,3.0,11.8258,0.882392,9.07228,0.416587,-14.2649,0.883065,-10.9435,0.497697,1.092,0.851478,0.057248,0.894635,1.08935,1.13329,0.869624,0.852823,0.850806,1.97761,1.65361,1.9058,1.99285,0.875189,0.747402,0.842267,0.881499,1.8592,1.04629,1.22829,1.88777,0.747332,0.556345,0.5969,0.712817,-9999,-9999
201201,-0.299,0.709677,127.383,40.58,0.711022,289.497,0.709677,0.78,0.709677,85.688,0.0,1.245,1.0,2.099,0.693548,0.2079985082,0.55376344086,1.68429292011,0.996639784946,94.2882083036,0.69623655914,20.2202217742,1.0,298.288771505,1.0,403.182,0.709005,0.862,0.972,1.009,1.014,1.178,1.495,1.904,2.341,3.669,1.0,1.0,1.0,1.0,1.0,1.0,1.0,1.0,1.0,46.463,52.807,60.608,60.156,60.853,1.0,1.0,1.0,1.0,1.0,-4.67401,3.0,5.43747,0.703629,6.74852,0.311907,-7.07758,0.707661,-8.78407,0.419908,0.872053,0.685484,0.0303939,0.545382,0.67135,0.782433,0.703629,0.634409,0.650538,1.65831,0.693319,1.32623,1.70285,0.71403,0.167891,0.579742,0.986125,0.430643,0.39294,0.5086,0.948493,0.239944,0.120397,0.223999,0.261792,-9999,-9999
201202,-5.562,1.0,192.372,70.846,0.999282,266.206,1.0,1.006,1.0,85.609,0.0,0.234,1.0,1.996,0.999282,0.151545236919,0.86566091954,-1.54406491763,0.913074712644,142.404269023,0.997844827586,63.1222198276,1.0,269.868987787,1.0,415.528,0.998563,0.383,0.59,0.602,0.596,0.743,0.955,1.301,1.639,2.776,1.0,1.0,1.0,1.0,1.0,1.0,1.0,1.0,1.0,46.164,50.827,58.703,58.474,59.419,1.0,1.0,1.0,1.0,1.0,-2.88637,3.0,1.64734,0.994253,2.2314,0.157634,-2.24504,0.997845,-3.04101,0.370735,0.705605,0.832615,0.0156881,0.617602,0.690857,0.72493,0.959052,0.721264,0.931034,1.16906,0.693494,1.08741,1.30011,0.454098,0.0437139,0.452444,0.641128,1.18746,0.487763,0.870143,1.15706,0.278608,0.199956,0.278704,0.309783,-9999,-9999
201203,6.187,1.0,286.484,180.457,0.998656,266.63,1.0,3.643,1.0,86.182,0.0,0.994,1.0,1.645,1.0,0.151061675377,0.838709677419,53.2555278484,0.989919354839,361.307989919,1.0,53.970919984,0.999327956989,326.639152311,0.999327956989,391.374,0.999328,3.884,3.943,3.962,3.873,4.013,3.838,3.904,3.76,3.932,1.0,1.0,1.0,1.0,1.0,1.0,1.0,1.0,1.0,47.49,52.401,59.942,59.94,60.851,1.0,1.0,1.0,1.0,1.0,2.6367,3.0,26.2779,0.983871,35.5947,0.348212,11.4602,0.995296,15.5234,0.499368,-0.148521,0.873656,0.0322861,-0.223386,-0.134011,-0.0844485,0.867608,0.815188,0.966398,2.72202,2.35033,2.68101,2.7551,2.90996,2.43401,2.83686,2.98423,1.31721,1.38398,1.93908,2.16685,1.79525,1.79525,2.06285,2.21544,-9999,-9999
201204,6.299,1.0,382.564,153.204,1.0,309.78,1.0,3.147,1.0,84.558,0.0,2.553,1.0,2.458,0.998611,0.229150557246,0.879861111111,81.3020288708,0.993055555556,311.244429231,0.997916666667,34.86675,1.0,335.592093056,1.0,397.326,1.0,6.473,6.449,6.315,6.232,6.386,6.277,6.364,6.179,6.118,1.0,1.0,1.0,1.0,1.0,1.0,1.0,1.0,1.0,46.367,51.849,60.139,59.992,60.722,1.0,1.0,1.0,1.0,1.0,1.32063,3.0,50.0195,0.999306,66.0929,0.473143,6.38459,0.998611,8.43623,0.505972,-2.76199,0.980556,0.0768031,-2.71861,-2.60234,-2.46929,0.996528,0.993056,0.975694,4.69343,4.60944,4.69343,4.71926,7.31985,7.13572,7.29531,7.36764,4.67993,3.90459,4.1561,4.33863,6.7476,6.92891,7.1846,7.29781,-9999,-9999
201205,11.533,1.0,454.332,232.594,1.0,320.472,1.0,3.954,1.0,85.565,0.0,3.213,1.0,1.704,0.991935,0.197545269775,0.866935483871,133.43900676,0.997311827957,464.434348508,1.0,46.7632222318,0.999327956989,360.048739247,1.0,398.377,0.999328,11.707,11.739,11.448,11.302,11.465,11.1,10.994,10.44,9.53,1.0,1.0,1.0,1.0,1.0,1.0,1.0,1.0,1.0,41.866,46.32,58.088,58.829,59.658,1.0,1.0,1.0,1.0,1.0,4.05668,3.0,75.3027,0.997984,97.0003,0.568575,25.7634,0.999328,33.1868,0.458546,-2.7282,0.884409,0.0893289,-3.42735,-3.00291,-2.64576,0.984543,0.799059,0.811156,8.13765,7.5585,7.91732,8.16862,10.7217,10.244,10.8481,11.4341,7.53914,7.52451,7.78193,7.96386,11.3432,10.8639,11.0728,11.1954,-9999,-9999
201206,14.968,1.0,485.525,221.242,1.0,347.11,1.0,3.594,1.0,85.672,0.0,6.917,0.999306,1.316,1.0,0.19715386634,0.895833333333,134.381327875,0.996527777778,459.394015915,0.999305555556,42.7785023641,0.998611111111,378.967935727,0.999305555556,410.89,1.0,14.408,14.641,14.435,14.287,14.415,14.034,13.92,13.375,12.484,1.0,1.0,0.999306,1.0,1.0,1.0,1.0,1.0,1.0,41.59,44.107,56.868,59.632,59.855,1.0,1.0,1.0,1.0,1.0,4.81497,3.0,79.2445,0.995833,96.6642,0.704082,27.3186,1.0,33.3238,0.481899,-2.29338,0.968056,0.11922,-2.57478,-2.40261,-2.21479,0.992361,0.986806,0.904861,8.14332,8.14332,8.39573,8.5381,11.5322,10.5338,10.7175,10.936,9.25679,8.52407,9.25679,9.65831,11.4773,10.9253,11.2966,11.5632,-9999,-9999
201207,15.379,1.0,468.294,215.519,1.0,346.19,1.0,3.347,1.0,85.803,0.0,3.303,1.0,1.367,0.964382,0.191589168458,0.85752688172,126.158085941,0.999327956989,443.546495806,1.0,38.146344086,1.0,383.935839382,1.0,393.68,1.0,17.23,17.315,17.074,16.987,17.173,16.897,16.856,16.236,15.261,1.0,1.0,1.0,1.0,1.0,1.0,1.0,1.0,1.0,42.858,50.409,57.371,60.401,59.603,1.0,1.0,1.0,1.0,1.0,3.90781,3.0,77.3936,1.0,92.0427,0.673645,25.6533,0.999328,30.509,0.464002,-0.120588,0.936156,0.110572,-0.186722,-0.101513,0.00266153,0.766129,0.989247,0.920027,9.45994,9.29823,9.58943,9.78695,9.6542,9.42797,9.62063,9.82928,9.98598,9.41596,10.0475,10.4381,10.06,9.75372,10.0599,10.264,-9999,-9999
201208,17.116,1.0,407.111,227.407,1.0,343.61,1.0,4.016,1.0,85.976,0.0,3.442,1.0,1.314,0.993952,0.163908678084,0.881720430108,123.501999328,1.0,462.538854308,1.0,45.7941129032,1.0,387.460040995,1.0,393.34,1.0,17.641,17.686,17.491,17.414,17.623,17.444,17.506,17.11,16.4,1.0,1.0,1.0,1.0,1.0,1.0,1.0,1.0,1.0,37.817,49.383,52.952,58.402,58.52,1.0,1.0,1.0,1.0,1.0,-0.785769,3.0,99.5362,0.995968,105.44,0.832085,17.6563,1.0,18.7036,0.402693,-1.80942,0.938844,0.155731,-2.1513,-1.9797,-1.46936,0.847446,0.926747,0.951613,9.55777,9.67644,10.2178,10.8181,11.4566,11.5919,12.1947,12.5024,8.95694,8.37972,9.14215,13.0996,10.8641,10.9768,11.3138,12.9568,-9999,-9999
201209,12.198,1.0,318.691,145.219,1.0,324.272,1.0,2.007,1.0,85.709,0.0,3.573,1.0,1.52,0.85,0.167385729849,0.734027777778,64.8553997949,0.996527777778,288.680629729,1.0,28.4564513889,1.0,360.871863194,1.0,413.56,0.974306,13.176,13.323,13.256,13.243,13.446,13.595,13.942,14.098,14.552,1.0,1.0,1.0,1.0,1.0,1.0,1.0,1.0,1.0,40.456,56.043,58.21,60.403,59.7,1.0,1.0,1.0,1.0,1.0,-6.01473,3.0,55.6997,0.965972,58.8633,0.639753,12.0604,0.971528,12.7454,0.398183,0.22044,0.879861,0.0760298,-0.126275,-0.0510768,0.0111778,0.909722,0.872222,0.884028,5.46482,5.39661,5.77078,5.89354,5.42781,5.55741,5.74755,5.93418,5.03512,5.35293,6.43249,6.76692,5.1672,5.27532,5.66061,5.86266,-9999,-9999
201210,8.489,1.0,222.536,90.553,1.0,311.307,1.0,1.963,1.0,85.328,0.0,5.511,0.998656,1.444,0.994624,0.163765012932,0.882392473118,26.7222650362,0.995967741935,181.97412881,1.0,22.3782615534,0.999327956989,339.372389013,0.998655913978,416.735,0.986559,10.0,10.181,10.219,10.225,10.423,10.64,11.051,11.376,12.21,1.0,1.0,1.0,1.0,1.0,1.0,1.0,1.0,1.0,43.288,57.515,61.888,61.007,60.001,1.0,1.0,1.0,1.0,1.0,-6.59967,3.0,31.0466,0.984543,32.6163,0.60508,0.565199,1.0,0.593775,0.568639,0.10231,0.903226,0.0899295,0.0421047,0.115375,0.228175,0.981183,0.872312,0.969758,3.95259,3.89873,4.18827,4.54167,3.92726,3.77828,4.09304,4.45391,4.07746,3.81548,4.19692,4.39664,4.56215,4.53947,4.85275,5.10538,-9999,-9999
201211,4.731,1.0,144.845,66.635,1.0,291.813,1.0,1.617,1.0,85.207,0.0,4.21,0.999306,1.362,0.938889,0.136164258004,0.795138888889,9.00971599606,0.997222222222,130.284450452,0.999305555556,17.3981554374,0.999305555556,318.261154136,0.998611111111,404.958,0.994444,4.955,5.052,5.142,5.136,5.33,5.61,6.078,6.59,8.049,1.0,1.0,1.0,1.0,1.0,1.0,1.0,1.0,1.0,45.993,59.674,65.274,61.578,60.322,1.0,1.0,1.0,1.0,1.0,-6.78538,3.0,13.519,0.976389,14.453,0.37134,1.39481,0.994444,1.49118,0.448405,0.719853,0.877778,0.0624448,-0.460123,0.228675,1.0758,0.983333,0.958333,0.744444,2.57551,1.78136,2.45556,2.60078,1.60467,1.57258,1.92035,2.22689,1.32534,1.16908,1.35594,1.6621,1.63324,1.45824,1.63324,1.75521,-9999,-9999
201212,-0.657,0.752688,110.043,33.491,0.751344,289.489,0.752688,0.587,0.752688,85.124,0.0,2.794,1.0,1.746,0.387097,-9999,-9999,-3.20858899526,0.975134408602,60.0299445525,0.739919354839,19.0924395223,0.996639784946,293.567585121,0.986559139785,421.664,0.740591,1.713,1.829,2.017,2.015,2.176,2.483,2.953,3.454,5.061,1.0,1.0,1.0,1.0,1.0,1.0,1.0,1.0,1.0,49.616,61.89,67.542,63.375,61.69,1.0,1.0,1.0,1.0,1.0,-7.72424,3.0,2.63098,0.702285,2.81275,0.446924,-21.8011,0.740591,-23.3073,0.496491,1.55565,0.663978,0.0835102,1.47025,1.61671,1.79768,0.693548,0.668011,0.642473,1.28649,1.24759,1.28069,1.34882,-0.480701,-0.540022,-0.309443,-0.12642,1.01104,0.906528,1.05329,1.43514,0.532016,0.465874,0.532016,0.61762,-9999,-9999
201301,-0.944,1.0,127.383,47.048,0.989247,283.278,1.0,0.925,1.0,85.003,0.0,0.0,1.0,1.512,0.953629,0.146023502549,0.763440860215,-9999,-9999,88.2749972226,0.997311827957,-9999,-9999,-9999,-9999,416.552,0.994624,0.883,1.033,1.14,1.11,1.253,1.456,1.834,2.21,3.501,1.0,1.0,1.0,1.0,1.0,1.0,1.0,1.0,1.0,48.662,61.298,66.282,62.04,60.136,1.0,1.0,1.0,1.0,1.0,-8.47291,3.0,4.03741,0.985887,4.28311,0.271149,-9.45956,0.993952,-10.0352,0.420969,1.51688,0.639785,0.0434169,0.797621,0.995175,1.30434,0.954301,0.947581,0.410618,1.54191,0.955118,1.19808,1.24123,-0.266847,-0.089541,0.127558,0.175559,1.02251,0.961835,1.03455,1.19063,0.242991,0.0112539,0.0135687,0.265134,-9999,-9999
201302,-4.11,0.995536,190.893,69.273,0.99256,275.958,0.995536,0.268,0.995536,84.759,0.0,0.029,0.994048,2.036,0.886161,0.173280199181,0.755952380952,-9999,-9999,135.881487108,0.99181547619,-9999,-9999,-9999,-9999,432.723,0.993304,0.673,0.788,0.908,0.862,0.995,1.139,1.451,1.75,2.743,0.995536,0.995536,0.995536,0.995536,0.995536,0.995536,0.995536,0.995536,0.995536,49.249,61.903,67.238,62.406,60.256,0.995536,0.995536,0.995536,0.995536,0.995536,-7.9501,3.0,2.10571,0.984375,2.85228,0.244686,-6.24408,0.988095,-8.4579,0.389443,1.57717,0.86756,0.0252851,1.32192,1.38123,1.43802,0.598214,0.950149,0.584077,1.67734,1.12545,1.22673,1.37378,0.0228573,-0.20846,-0.0470419,-0.00111874,1.1218,1.01425,1.18002,1.37047,0.130702,0.00879539,0.0497004,0.13213,-9999,-9999
201303,1.045,1.0,283.188,116.67,0.981855,284.693,1.0,1.496,1.0,84.399,0.0,0.468,0.984543,2.032,0.967742,0.174743915911,0.761424731183,-9999,-9999,228.615900622,0.997983870968,-9999,-9999,-9999,-9999,408.359,0.997984,1.528,1.533,1.549,1.475,1.626,1.687,1.923,2.099,2.784,1.0,1.0,1.0,1.0,1.0,1.0,1.0,1.0,1.0,49.874,61.867,67.203,62.86,60.51,1.0,1.0,1.0,1.0,1.0,-6.05761,3.0,20.9352,0.969086,28.3578,0.716633,-14.7005,0.987231,-19.9125,0.986357,1.05407,0.928091,0.0266709,0.564851,0.918409,1.41216,0.946909,0.93078,0.763441,1.38521,1.15509,1.28962,1.68377,0.203938,0.249082,0.371213,0.54948,1.13275,1.1111,1.3358,1.72115,0.472783,0.438026,0.493128,0.581666,-9999,-9999
201304,6.664,1.0,379.685,155.54,0.998611,309.858,1.0,2.11,1.0,85.269,0.0,0.0,1.0,1.631,0.979167,0.163367946946,0.838194444444,-9999,-9999,323.588991557,0.997916666667,-9999,-9999,-9999,-9999,409.377,0.99375,6.516,6.564,6.321,6.146,6.296,5.943,5.83,5.397,4.928,1.0,1.0,1.0,1.0,1.0,1.0,1.0,1.0,1.0,47.837,60.965,65.984,62.446,60.328,1.0,1.0,1.0,1.0,1.0,-6.19705,3.0,38.542,0.991667,50.9272,0.527582,16.3932,0.993056,21.661,0.426555,-0.80508,0.873611,0.0615445,-1.3059,-1.00848,-0.786458,0.963194,0.929861,0.729167,3.45122,2.43259,3.26369,3.47617,4.1683,3.80693,4.11913,4.25125,1.75095,2.75044,3.09548,3.86476,4.31773,3.83788,4.26678,4.46705,-9999,-9999
201305,8.348,1.0,452.553,173.484,1.0,322.968,1.0,1.376,1.0,85.095,0.0,0.097,1.0,1.594,0.995296,0.207240094395,0.870967741935,-9999,-9999,358.798322171,1.0,-9999,-9999,-9999,-9999,415.434,1.0,10.218,10.283,10.174,10.034,10.204,9.97,9.956,9.609,8.967,1.0,1.0,1.0,1.0,1.0,1.0,1.0,1.0,1.0,48.206,60.438,65.719,62.114,60.342,1.0,1.0,1.0,1.0,1.0,-6.17018,3.0,64.9231,0.998656,81.4123,0.589485,24.9335,0.998656,31.2661,0.422603,-4.94429,0.987231,0.103736,-5.51353,-5.07095,-4.96143,0.971774,0.999328,0.999328,6.15146,4.50662,5.2513,5.40544,10.4536,10.0646,10.3002,10.3844,7.03736,6.41695,6.5231,6.75944,10.8321,10.6848,10.7918,10.9022,-9999,-9999
201306,13.86,1.0,485.263,219.693,1.0,334.388,1.0,4.251,1.0,85.808,0.0,5.111,1.0,1.659,0.992361,0.202905589846,0.894444444444,-9999,-9999,455.368806007,1.0,-9999,-9999,-9999,-9999,405.682,1.0,12.975,13.051,12.945,12.753,12.917,12.499,12.344,11.795,10.851,1.0,1.0,1.0,1.0,1.0,1.0,1.0,1.0,1.0,43.598,55.954,60.56,60.635,60.102,1.0,1.0,1.0,1.0,1.0,-6.19705,3.0,96.9666,0.998611,119.503,0.721488,17.8952,1.0,22.0542,0.445844,-3.13896,0.975694,0.0917021,-2.91945,-2.82486,-2.71054,0.958333,0.989583,0.991667,7.64935,8.19534,8.38212,8.59024,11.5417,11.0888,11.1969,11.3661,9.15863,9.23542,10.0647,10.7677,11.4271,11.4271,11.7498,12.0026,-9999,-9999
201307,18.398,1.0,469.595,280.697,1.0,341.1,1.0,5.409,1.0,86.096,0.0,4.232,0.999328,1.597,0.998656,0.182497640379,0.867607526882,-9999,-9999,577.656046426,0.999327956989,-9999,-9999,-9999,-9999,368.244,0.999328,17.77,17.901,17.594,17.357,17.538,16.889,16.554,15.707,14.152,1.0,1.0,1.0,1.0,1.0,1.0,1.0,1.0,1.0,28.844,37.167,44.656,51.795,55.321,1.0,1.0,1.0,1.0,1.0,-6.17843,3.0,123.412,0.998656,142.682,0.952776,32.5151,0.998656,37.592,0.490076,-1.77166,0.911962,0.0867555,-2.11612,-1.92774,-1.76145,0.979167,0.850806,0.96707,9.70109,9.02966,9.25616,9.47478,11.0416,10.8133,11.2315,11.391,8.87795,9.38707,9.95408,10.7201,10.8696,10.8144,11.1496,12.0657,-9999,-9999
201308,16.307,1.0,409.633,221.895,1.0,336.956,1.0,3.645,1.0,85.971,0.0,5.984,1.0,1.325,0.997312,0.151784630127,0.864247311828,-9999,-9999,449.958848376,0.997311827957,-9999,-9999,-9999,-9999,384.462,1.0,17.705,17.772,17.627,17.552,17.784,17.529,17.531,17.161,16.402,1.0,1.0,1.0,1.0,1.0,1.0,1.0,1.0,1.0,28.939,42.365,48.313,53.846,57.966,1.0,1.0,1.0,1.0,1.0,-6.24254,3.0,99.8748,1.0,110.042,0.838232,23.3806,1.0,25.7607,0.416997,-1.24537,0.959005,0.0753292,-1.68991,-1.47006,-1.29773,0.993952,0.864247,0.989247,10.7623,8.85713,10.2333,10.5356,11.9097,10.4874,11.1659,11.9565,7.06896,6.77496,7.52286,9.30432,10.0056,9.24658,9.97746,10.3845,-9999,-9999
201309,13.431,1.0,321.842,149.238,1.0,330.019,1.0,2.806,1.0,85.723,0.0,5.753,1.0,1.426,0.999306,0.18076713214,0.874305555556,-9999,-9999,303.304454264,1.0,-9999,-9999,-9999,-9999,424.112,1.0,13.702,13.766,13.768,13.73,13.95,13.917,14.136,14.171,14.354,1.0,1.0,1.0,1.0,1.0,1.0,1.0,1.0,1.0,31.683,45.417,53.224,55.383,58.445,1.0,1.0,1.0,1.0,1.0,-6.19705,3.0,60.8683,1.0,64.25,0.624917,15.7598,1.0,16.6354,0.401926,-0.252988,0.957639,0.157383,-0.56481,-0.263954,-0.163727,0.857639,0.995139,0.994444,6.41083,6.0572,6.58284,7.16638,6.67362,6.5956,6.87539,7.3301,7.32963,5.81718,6.84082,8.89076,7.40212,6.71937,7.40212,7.96528,-9999,-9999
201310,9.373,0.68078,225.548,82.172,0.683468,326.957,0.434812,1.031,0.68078,85.732,0.0,3.888,0.854167,1.434,0.846774,0.166723173877,0.709005376344,-9999,-9999,162.42313163,0.644489247312,-9999,-9999,-9999,-9999,412.983,0.857527,11.148,11.253,11.272,11.249,11.441,11.511,11.789,11.966,12.5,0.860215,0.860215,0.860215,0.860215,0.860215,0.860215,0.860215,0.859543,0.860215,41.029,49.659,57.122,57.673,59.288,0.860215,0.858871,0.860215,0.860215,0.860215,-6.17018,3.0,42.2992,0.836694,44.7871,0.655685,0.953814,0.856183,1.00991,0.431249,0.889009,0.72043,0.0651114,0.255723,0.687666,0.86564,0.770161,0.738575,0.647177,5.29227,4.96728,5.29547,5.36471,4.4092,4.46716,4.50369,4.7318,4.65749,4.52352,4.92467,5.62068,4.70473,4.70817,4.99195,5.16906,-9999,-9999
201311,1.491,1.0,146.814,48.972,1.0,290.114,0.0,0.266,1.0,85.211,0.0,5.775,1.0,1.907,0.942361,0.191440483732,0.804166666667,-9999,-9999,95.6548751422,0.998611111111,-9999,-9999,-9999,-9999,428.671,1.0,4.627,4.783,4.972,5.037,5.629,5.249,6.234,6.966,8.62,1.0,1.0,1.0,1.0,1.0,1.0,1.0,1.0,1.0,50.045,53.749,60.334,59.4,60.102,1.0,1.0,1.0,1.0,1.0,-6.19705,3.0,12.824,0.998611,13.5912,0.35474,-7.47926,0.997917,-7.92671,0.539573,1.00221,0.984722,0.041097,0.952915,1.00817,1.08291,0.997222,0.917361,0.926389,2.50695,2.48929,2.63855,3.14176,1.87528,1.51268,1.59764,1.98245,2.08059,2.08116,2.33323,2.59446,1.52696,1.24736,1.45612,1.90381,-9999,-9999
201312,1.851,1.0,110.365,62.077,0.995968,252.934,0.851478,2.194,1.0,85.904,0.0,1.858,1.0,1.688,0.991935,0.150542161094,0.826612903226,-9999,-9999,118.960508522,1.0,-9999,-9999,-9999,-9999,419.459,1.0,1.624,1.745,1.83,1.832,2.255,2.016,2.709,3.285,4.669,1.0,1.0,1.0,1.0,1.0,1.0,1.0,1.0,1.0,51.283,54.662,60.319,59.779,60.35,1.0,1.0,1.0,1.0,1.0,-6.17843,3.0,5.28153,0.99664,5.64644,0.372284,-18.1885,0.998656,-19.4452,0.850596,1.76862,0.874328,0.0280549,1.1766,1.55005,1.97824,0.981855,0.948253,0.780242,2.01425,1.06501,1.39986,2.04325,0.094642,-0.116262,-0.031876,0.0760881,1.49261,1.51706,2.00953,2.80556,0.111666,0.148364,0.230854,0.400203,-9999,-9999
201401,1.683,1.0,127.383,50.202,0.997312,279.451,1.0,1.049,1.0,84.836,0.0,2.66,1.0,1.579,0.976478,0.160114278977,0.781586021505,-9999,-9999,99.4480414868,0.998655913978,-9999,-9999,-9999,-9999,418.732,0.995296,1.123,1.168,1.27,1.25,1.592,1.419,1.967,2.398,3.409,1.0,1.0,1.0,1.0,1.0,1.0,1.0,1.0,1.0,52.057,55.289,61.309,61.289,61.643,1.0,1.0,1.0,1.0,1.0,-6.24254,3.0,6.89814,0.990591,7.37474,0.335242,-16.9679,0.99328,-18.1403,0.521573,1.63109,0.933468,0.0482414,1.20823,1.52311,1.60959,0.981183,0.88172,0.856855,2.05103,1.66687,1.90374,2.03687,0.461972,0.401905,0.423827,0.456084,1.60308,1.87914,2.32806,2.39452,0.440234,0.273508,0.323704,0.496101,-9999,-9999
201402,2.155,1.0,190.893,91.167,1.0,278.755,1.0,1.29,1.0,84.808,0.0,3.042,1.0,1.836,0.881696,0.188001552111,0.688244047619,-9999,-9999,180.299773071,0.998511904762,-9999,-9999,-9999,-9999,410.528,1.0,0.912,0.934,0.98,0.926,1.191,1.088,1.483,1.804,2.615,1.0,1.0,1.0,1.0,1.0,1.0,1.0,1.0,1.0,52.082,55.45,61.302,61.673,61.87,1.0,1.0,1.0,1.0,1.0,-6.1673,3.0,12.4122,0.998512,16.813,0.477728,-20.5358,0.998512,-27.8167,0.648146,1.42595,0.962798,0.0452501,1.14761,1.28652,1.42701,0.994048,0.973214,0.939732,1.67606,1.32759,1.44984,1.67397,0.251513,0.158075,0.176645,0.24426,1.13646,1.30065,1.58745,1.6775,0.244508,0.228168,0.267148,0.313997,-9999,-9999
201403,5.078,1.0,283.188,163.525,0.997312,268.709,1.0,2.246,1.0,85.406,0.0,2.566,1.0,1.607,0.953629,0.145453007782,0.797043010753,-9999,-9999,318.016525217,0.998655913978,-9999,-9999,-9999,-9999,404.717,0.994624,3.902,3.855,3.847,3.713,3.75,3.871,3.825,3.785,3.85,1.0,1.0,1.0,1.0,1.0,1.0,1.0,1.0,1.0,49.634,53.718,60.216,59.573,61.161,1.0,1.0,1.0,1.0,1.0,-6.17843,3.0,25.2595,0.991263,34.2152,0.490527,4.44005,0.995968,6.01426,0.615363,0.460779,0.938172,0.0461553,0.373993,0.463955,0.557462,0.976478,0.969758,0.830645,2.28935,1.72324,2.12143,2.39187,1.78853,1.40497,1.64671,1.81321,1.73434,1.6007,1.74933,1.98631,1.30554,1.37925,1.51546,2.26072,-9999,-9999
201404,8.176,0.992361,379.685,181.575,0.992361,299.732,0.992361,2.175,0.992361,85.303,0.0,3.472,0.990972,1.524,0.8125,0.172069284999,0.716666666667,-9999,-9999,357.584804154,0.990972222222,-9999,-9999,-9999,-9999,409.066,0.989583,9.111,9.225,9.072,8.856,8.65,9.027,8.518,8.017,7.141,0.992361,0.992361,0.992361,0.992361,0.992361,0.992361,0.992361,0.992361,0.992361,40.301,50.037,57.56,57.829,59.96,0.992361,0.992361,0.992361,0.992361,0.992361,-6.19705,3.0,59.9328,0.988194,79.1918,0.544206,21.9257,0.986111,28.9713,0.474689,-3.74719,0.931944,0.0787318,-3.86055,-3.80148,-3.35724,0.977083,0.984722,0.848611,5.50968,4.63028,5.18126,5.76406,8.72969,8.49083,8.99357,9.15915,3.98898,3.94813,4.29339,4.708,8.38244,7.61513,8.18876,8.51998,-9999,-9999
201405,9.788,1.0,452.553,196.066,1.0,317.506,1.0,2.341,1.0,85.517,0.0,5.694,1.0,2.046,0.998656,0.243103325845,0.898521505376,-9999,-9999,396.211225698,0.997311827957,-9999,-9999,-9999,-9999,411.492,1.0,10.467,10.619,10.527,10.355,10.22,10.533,10.157,9.779,9.034,1.0,1.0,1.0,1.0,1.0,1.0,1.0,1.0,1.0,43.101,53.575,59.52,59.265,60.819,1.0,1.0,1.0,1.0,1.0,-6.24254,3.0,85.9003,1.0,107.717,0.699501,15.7718,1.0,19.7775,0.513945,-5.27993,0.985887,0.102008,-5.44581,-5.4,-5.33203,0.99328,0.905242,0.928091,7.10391,6.59955,6.89536,7.07442,12.3591,12.0578,12.1995,12.4073,4.74381,4.48983,4.55637,4.78008,10.4429,10.445,10.525,10.7331,-9999,-9999
201406,15.102,1.0,485.263,272.7,1.0,325.988,1.0,3.64,1.0,85.775,0.0,4.286,1.0,1.572,0.95625,0.19589923944,0.8375,-9999,-9999,552.473156636,0.997916666667,-9999,-9999,-9999,-9999,391.221,0.998611,15.44,15.586,15.367,15.142,14.779,15.336,14.513,13.778,12.335,1.0,1.0,1.0,1.0,1.0,1.0,1.0,1.0,1.0,28.357,42.27,50.227,55.114,58.689,1.0,1.0,1.0,1.0,1.0,-6.19705,3.0,108.333,0.998611,133.512,0.885981,35.4103,0.997917,43.6402,0.531565,-1.26886,0.922917,0.124634,-1.61118,-1.33259,-1.19607,0.896528,0.917361,0.980556,9.42905,9.08584,9.38203,9.55091,10.8042,10.2819,10.7643,11.1788,6.0286,7.78253,8.10002,8.49798,8.66165,8.53132,8.72797,9.17172,-9999,-9999
201407,15.198,1.0,469.595,192.631,1.0,351.918,1.0,1.953,1.0,85.638,0.0,11.729,1.0,1.549,0.999328,0.192498033542,0.897177419355,-9999,-9999,393.026711403,0.999327956989,-9999,-9999,-9999,-9999,418.741,0.997984,16.891,17.02,16.858,16.702,16.523,16.921,16.408,15.899,14.797,1.0,1.0,1.0,1.0,1.0,1.0,1.0,1.0,1.0,42.669,52.423,59.04,59.565,60.16,1.0,1.0,1.0,1.0,1.0,-6.17018,3.0,97.1428,0.998656,112.311,0.870104,17.9054,0.997984,20.7012,0.367718,-3.05306,0.888441,0.12477,-3.54735,-3.05306,-2.34303,0.784274,0.888441,0.96371,9.87747,8.02383,8.70425,9.12364,12.976,10.995,11.3691,11.633,8.89668,8.39513,8.92218,9.54466,11.0223,10.8068,11.1375,11.4958,-9999,-9999
201408,13.577,1.0,409.633,174.301,1.0,343.895,1.0,2.347,1.0,85.646,0.0,7.795,0.999328,1.163,1.0,0.172167042954,0.865591397849,-9999,-9999,350.235760204,0.997983870968,-9999,-9999,-9999,-9999,392.187,1.0,15.27,15.475,15.511,15.445,15.516,15.672,15.65,15.505,15.216,1.0,1.0,1.0,1.0,1.0,1.0,1.0,1.0,1.0,47.94,53.328,59.792,59.465,59.751,1.0,1.0,1.0,1.0,1.0,-6.17843,3.0,82.1914,1.0,90.5583,0.844005,20.9946,1.0,23.1318,0.393556,-1.82729,0.967742,0.0692732,-1.81384,-1.72687,-1.58008,0.927419,0.993952,0.979839,8.91233,8.39975,8.67358,8.91233,10.6049,10.1227,10.3562,10.5347,8.09346,7.31372,7.85994,8.09346,10.0135,9.91795,10.0135,10.2092,-9999,-9999
201409,12.991,1.0,321.842,162.4,1.0,324.172,1.0,2.655,1.0,85.843,0.0,2.629,1.0,1.394,0.999306,0.150325201488,0.836805555556,-9999,-9999,320.846001675,0.997916666667,-9999,-9999,-9999,-9999,396.405,1.0,14.569,14.743,14.702,14.634,14.675,14.854,14.798,14.643,14.512,1.0,1.0,1.0,1.0,1.0,1.0,1.0,1.0,1.0,47.944,53.61,59.244,57.68,59.157,1.0,1.0,1.0,1.0,1.0,-6.19705,3.0,58.9395,0.999306,62.214,0.670649,19.7844,1.0,20.8836,0.376384,0.872804,0.865972,0.0736263,0.114473,0.55961,0.699838,0.991667,0.991667,0.775,7.53357,6.66555,7.34175,7.63593,7.17564,6.52891,6.71713,6.94986,6.61138,5.60981,6.4637,6.79667,6.6805,5.92866,6.35865,6.5182,-9999,-9999
201410,10.801,1.0,225.548,104.065,1.0,316.851,1.0,2.421,1.0,85.796,0.0,4.057,0.999328,1.486,0.998656,0.162460579973,0.848790322581,-9999,-9999,205.451338827,0.998655913978,-9999,-9999,-9999,-9999,408.248,1.0,11.785,11.914,11.973,11.944,12.18,12.165,12.494,12.643,12.963,1.0,1.0,1.0,1.0,1.0,1.0,1.0,1.0,1.0,50.984,55.197,60.713,58.042,59.533,1.0,1.0,1.0,1.0,1.0,-6.24254,3.0,43.8928,0.99664,46.4744,0.732491,1.33469,0.999328,1.41319,0.45245,-0.00696136,0.840054,0.0719847,-0.755966,-0.177932,0.0610049,0.989247,0.777554,0.715054,6.32801,5.14428,6.04315,6.32801,6.08581,5.80458,6.0691,6.29584,5.31476,5.08394,5.39432,5.63833,6.20837,5.80277,6.09431,6.2404,-9999,-9999
201411,6.397,1.0,146.814,70.056,1.0,291.852,1.0,2.128,1.0,85.151,0.0,4.125,1.0,1.565,0.977083,0.161796679788,0.770138888889,-9999,-9999,139.857801146,0.999305555556,-9999,-9999,-9999,-9999,402.533,1.0,6.511,6.491,6.675,6.681,7.106,6.885,7.598,8.086,9.171,1.0,1.0,1.0,1.0,1.0,1.0,1.0,1.0,1.0,53.021,56.912,62.187,59.119,60.374,1.0,1.0,1.0,1.0,1.0,-6.19705,3.0,22.8831,0.998611,24.2521,0.586951,-10.4943,1.0,-11.1221,0.552274,1.73982,0.911111,0.0711056,1.0399,1.73982,2.1605,0.992361,0.911111,0.885417,4.28758,3.58906,4.1929,4.83998,2.43088,2.43088,2.50392,2.57013,1.2243,1.82401,2.30923,2.86998,1.97865,2.02978,2.22077,2.67019,-9999,-9999
201412,1.163,1.0,110.365,26.955,0.994624,292.091,1.0,1.168,1.0,85.566,0.0,2.043,1.0,1.781,0.965054,0.16654439586,0.733870967742,-9999,-9999,50.6937897245,1.0,-9999,-9999,-9999,-9999,436.482,1.0,3.17,3.178,3.357,3.37,3.881,3.57,4.435,5.068,6.457,1.0,1.0,1.0,1.0,1.0,1.0,1.0,1.0,1.0,54.505,57.743,63.132,58.653,59.979,1.0,1.0,1.0,1.0,1.0,-6.17018,3.0,12.3272,0.999328,13.1789,0.417409,-6.52222,0.987231,-6.97285,0.491513,0.466086,0.983199,0.060929,0.466086,0.526407,1.15276,0.983199,0.988575,0.933468,1.99478,1.63149,1.71615,2.17052,1.05096,0.984889,1.15941,1.1946,1.10023,1.02862,1.17623,1.37078,0.898794,0.746716,0.823551,0.894958,-9999,-9999
